cds_code,name,district,county,county_code,street,city,zip,phone,website,latitude,longitude,grade_low,grade_high,grade_source,level,total_enrollment,k8_enrollment,teachers_ft,teachers_pt,student_teacher_ratio,grades_used,school_shape,is_selectable,is_virtual,sector,status,grade_span_raw,slug
01751016172456,ACELLUS - CARROLL,Pleasanton Unified,Alameda,01,,,,,,,,0,12,PSA enrollment by grade,k12,13,9,1,1,6.5,13,homeschool_shaped,False,False,private,Active,K-12,acellus-carroll-alameda
01612006159180,Acton Academy East Bay,Livermore Valley Joint Unified,Alameda,01,,,,,,,,0,9,PSA enrollment by grade,k12,18,17,3,1,4.5,10,micro,True,False,private,Active,K-9,acton-academy-east-bay-alameda
01611926965909,All Saints Catholic School,Hayward Unified,Alameda,01,,,,,,,,0,8,PSA enrollment by grade,k8,150,150,8,3,13.6,9,established,True,False,private,Active,K-8,all-saints-catholic-school-alameda
01611767103799,Alsion Montessori Middle/High,Fremont Unified,Alameda,01,,,,,,,,7,12,PSA enrollment by grade,middle_high,50,15,4,0,12.5,6,established,True,False,private,Active,7-12,alsion-montessori-middle-high-alameda
01611436135743,American International Montessori School,Berkeley Unified,Alameda,01,,,,,,,,0,5,PSA enrollment by grade,elementary,46,46,22,2,1.9,6,established,True,False,private,Active,K-5,american-international-montessori-school-alameda
01612916972574,Assumption,San Leandro Unified,Alameda,01,,,,,,,,0,8,PSA enrollment by grade,k8,260,260,17,2,13.7,9,established,True,False,private,Active,K-8,assumption-alameda
01612597071632,Aurora School,Oakland Unified,Alameda,01,,,,,,,,0,8,PSA enrollment by grade,k8,75,75,10,2,6.2,9,established,True,False,private,Active,K-8,aurora-school-alameda
01611766152276,BASIS Independent Fremont,Fremont Unified,Alameda,01,,,,,,,,0,5,PSA enrollment by grade,elementary,352,352,35,0,10.1,6,established,True,False,private,Active,K-5,basis-independent-fremont-alameda
01611766159222,BASIS Independent Fremont Upper School,Fremont Unified,Alameda,01,,,,,,,,6,12,PSA enrollment by grade,middle_high,353,161,33,0,10.7,7,established,True,False,private,Active,6-12,basis-independent-fremont-upper-school-alameda
01611430117002,Bayhill High,Berkeley Unified,Alameda,01,,,,,,,,7,12,PSA enrollment by grade,middle_high,67,5,11,1,5.6,6,established,True,False,private,Active,7-12,bayhill-high-alameda
01611926975999,Bayside Adventist Christian School,Hayward Unified,Alameda,01,,,,,,,,0,5,PSA enrollment by grade,elementary,9,9,2,0,4.5,6,homeschool_shaped,False,False,private,Active,K-5,bayside-adventist-christian-school-alameda
01612596134100,Baywood Learning Centers,Oakland Unified,Alameda,01,,,,,,,,1,12,PSA enrollment by grade,k12,75,54,0,4,18.8,12,established,True,False,private,Active,1-12,baywood-learning-centers-alameda
01100176175277,Beauty by Krystal,Alameda County Office of Education,Alameda,01,,,,,,,,0,12,PSA enrollment by grade,k12,124,81,1,1,62.0,13,established,True,False,private,Active,K-12,beauty-by-krystal-alameda
01611766169924,Benjamites Academy,Fremont Unified,Alameda,01,,,,,,,,0,8,PSA enrollment by grade,k8,6,6,2,0,3.0,6,homeschool_shaped,False,False,private,Active,K-8,benjamites-academy-alameda
01612596967475,Bentley School,Oakland Unified,Alameda,01,,,,,,,,0,8,PSA enrollment by grade,k8,359,359,42,0,8.5,9,established,True,False,private,Active,K-8,bentley-school-alameda
01612596142236,Berkeley Rose Waldorf School,Oakland Unified,Alameda,01,,,,,,,,0,6,PSA enrollment by grade,elementary,113,113,20,8,4.0,7,established,True,False,private,Active,K-6,berkeley-rose-waldorf-school-alameda
01611436972723,Berkwood Hedge School,Berkeley Unified,Alameda,01,,,,,,,,0,8,PSA enrollment by grade,k8,114,114,17,2,6.0,9,established,True,False,private,Active,K-8,berkwood-hedge-school-alameda
01751016162861,Big Minds,Pleasanton Unified,Alameda,01,,,,,,,,1,8,PSA enrollment by grade,k8,24,24,8,0,3.0,7,established,True,False,private,Active,1-8,big-minds-alameda
01611436989784,Black Pine Circle School,Berkeley Unified,Alameda,01,,,,,,,,0,8,PSA enrollment by grade,k8,309,309,42,4,6.7,9,established,True,False,private,Active,K-8,black-pine-circle-school-alameda
01750936972657,Brave Christian Elementary School,Dublin Unified,Alameda,01,,,,,,,,0,5,PSA enrollment by grade,elementary,175,175,17,2,9.2,6,established,True,False,private,Active,K-5,brave-christian-elementary-school-alameda
01750936933170,Brave Christian Middle / High School,Dublin Unified,Alameda,01,,,,,,,,6,12,PSA enrollment by grade,middle_high,243,114,19,11,8.1,7,established,True,False,private,Active,6-12,brave-christian-middle-high-school-alameda
01611926143754,California Crosspoint Academy,Hayward Unified,Alameda,01,,,,,,,,0,12,PSA enrollment by grade,k12,567,346,42,13,10.3,13,established,True,False,private,Active,K-12,california-crosspoint-academy-alameda
01612006167621,Celebration Life Academy,Livermore Valley Joint Unified,Alameda,01,,,,,,,,0,5,PSA enrollment by grade,elementary,22,22,1,2,7.3,6,micro,True,False,private,Active,K-5,celebration-life-academy-alameda
01612347091234,Challenger School - Newark,Newark Unified,Alameda,01,,,,,,,,0,0,PSA enrollment by grade,elementary,34,34,2,0,17.0,1,micro,True,False,private,Active,K-K,challenger-school-newark-alameda
01612347055411,Challenger School – Ardenwood,Newark Unified,Alameda,01,,,,,,,,0,8,PSA enrollment by grade,k8,831,831,38,0,21.9,9,established,True,False,private,Active,K-8,challenger-school-ardenwood-alameda
01751016165294,Cheder of the Bay Area,Pleasanton Unified,Alameda,01,,,,,,,,0,8,PSA enrollment by grade,k8,149,149,19,14,4.5,9,established,True,False,private,Active,K-8,cheder-of-the-bay-area-alameda
01611196204697,Coastline Christian Schools,Alameda Unified,Alameda,01,,,,,,,,0,8,PSA enrollment by grade,k8,243,243,30,2,7.6,9,established,True,False,private,Active,K-8,coastline-christian-schools-alameda
01612756972632,Corpus Christi Elementary,Piedmont City Unified,Alameda,01,,,,,,,,0,8,PSA enrollment by grade,k8,218,218,11,3,15.6,9,established,True,False,private,Active,K-8,corpus-christi-elementary-alameda
01611436928766,Crowden School,Berkeley Unified,Alameda,01,,,,,,,,0,8,PSA enrollment by grade,k8,51,51,5,20,2.0,7,established,True,False,private,Active,K-8,crowden-school-alameda
01612596149835,Deecolonize Academy,Oakland Unified,Alameda,01,,,,,,,,2,12,PSA enrollment by grade,k12,9,7,2,10,0.8,5,established,True,False,private,Active,2-12,deecolonize-academy-alameda
01611686148506,East Bay German International School,Emery Unified,Alameda,01,,,,,,,,0,11,PSA enrollment by grade,k12,107,97,30,0,3.6,12,established,True,False,private,Active,K-11,east-bay-german-international-school-alameda
01611436900757,Ecole Bilingue De Berkeley,Berkeley Unified,Alameda,01,,,,,,,,0,8,PSA enrollment by grade,k8,315,315,34,11,7.0,9,established,True,False,private,Active,K-8,ecole-bilingue-de-berkeley-alameda
01611436172100,Emerge Berkeley Christian Academy,Berkeley Unified,Alameda,01,,,,,,,,1,5,PSA enrollment by grade,elementary,16,16,2,3,3.2,3,micro,True,False,private,Active,1-5,emerge-berkeley-christian-academy-alameda
01611196165120,EnCompass Four Corners School,Alameda Unified,Alameda,01,,,,,,,,3,6,PSA enrollment by grade,elementary,12,12,1,0,12.0,4,homeschool_shaped,False,False,private,Active,3-6,encompass-four-corners-school-alameda
01611686172043,Escuela Bilingüe Internacional,Emery Unified,Alameda,01,,,,,,,,2,8,PSA enrollment by grade,k8,148,148,17,2,7.8,7,established,True,False,private,Active,2-8,escuela-bilingue-internacional-alameda-6172043
01612596138184,Escuela Bilingüe Internacional,Oakland Unified,Alameda,01,,,,,,,,0,1,PSA enrollment by grade,elementary,56,56,9,2,5.1,2,established,True,False,private,Active,K-1,escuela-bilingue-internacional-alameda-6138184
01612596909832,Fred Finch–Oakland Hills Academy,Oakland Unified,Alameda,01,,,,,,,,6,12,PSA enrollment by grade,middle_high,14,4,2,0,7.0,6,homeschool_shaped,False,False,private,Active,6-12,fred-finchoakland-hills-academy-alameda
01611766909840,Fremont Christian School,Fremont Unified,Alameda,01,,,,,,,,0,12,PSA enrollment by grade,k12,352,249,26,4,11.7,13,established,True,False,private,Active,K-12,fremont-christian-school-alameda
01611436138291,Fusion Academy Berkeley,Berkeley Unified,Alameda,01,,,,,,,,7,12,PSA enrollment by grade,middle_high,23,3,13,3,1.4,6,established,True,False,private,Active,7-12,fusion-academy-berkeley-alameda
01751016158455,Fusion Academy Pleasanton,Pleasanton Unified,Alameda,01,,,,,,,,6,12,PSA enrollment by grade,middle_high,34,8,11,2,2.6,7,established,True,False,private,Active,6-12,fusion-academy-pleasanton-alameda
01611926171078,Grace Academy,Hayward Unified,Alameda,01,,,,,,,,0,2,PSA enrollment by grade,elementary,11,11,1,0,11.0,2,homeschool_shaped,False,False,private,Active,K-2,grace-academy-alameda
01612597083397,Growing Light Montessori School,Oakland Unified,Alameda,01,,,,,,,,0,0,PSA enrollment by grade,elementary,25,25,4,3,3.6,1,micro,True,False,private,Active,K-K,growing-light-montessori-school-alameda
01611926174270,Hayward Twin Oaks Montessori School,Hayward Unified,Alameda,01,,,,,,,,0,10,PSA enrollment by grade,k12,23,11,1,0,23.0,3,micro,True,False,private,Active,K-10,hayward-twin-oaks-montessori-school-alameda
01612596932925,Head-Royce School,Oakland Unified,Alameda,01,,,,,,,,0,12,PSA enrollment by grade,k12,916,500,116,10,7.3,13,established,True,False,private,Active,K-12,head-royce-school-alameda
01611766972731,Holy Spirit School,Fremont Unified,Alameda,01,,,,,,,,0,8,PSA enrollment by grade,k8,243,243,16,3,12.8,9,established,True,False,private,Active,K-8,holy-spirit-school-alameda
01611766140461,Ilm Academy,Fremont Unified,Alameda,01,,,,,,,,0,11,PSA enrollment by grade,k12,210,184,18,3,10.0,12,established,True,False,private,Active,K-11,ilm-academy-alameda
01612597099518,Julia Morgan School for Girls,Oakland Unified,Alameda,01,,,,,,,,6,8,PSA enrollment by grade,middle,133,133,18,3,6.3,3,established,True,False,private,Active,6-8,julia-morgan-school-for-girls-alameda
01611766155717,Kiddoland Learning Center,Fremont Unified,Alameda,01,,,,,,,,0,2,PSA enrollment by grade,elementary,8,8,6,0,1.3,2,micro,True,False,private,Active,K-2,kiddoland-learning-center-alameda
01611196172472,Kids Elite,Alameda Unified,Alameda,01,,,,,,,,0,4,PSA enrollment by grade,elementary,31,31,3,3,5.2,5,micro,True,False,private,Active,K-4,kids-elite-alameda
01612006153472,King's Classical Academy,Livermore Valley Joint Unified,Alameda,01,,,,,,,,0,12,PSA enrollment by grade,k12,100,89,7,5,8.3,13,established,True,False,private,Active,K-12,king-s-classical-academy-alameda
01612596133722,LAMBO Academy International,Oakland Unified,Alameda,01,,,,,,,,8,12,PSA enrollment by grade,middle_high,6,1,1,1,3.0,5,homeschool_shaped,False,False,private,Active,8-12,lambo-academy-international-alameda
01613097003304,Lea's Christian,San Lorenzo Unified,Alameda,01,,,,,,,,0,5,PSA enrollment by grade,elementary,28,28,6,0,4.7,6,micro,True,False,private,Active,K-5,lea-s-christian-alameda
01612596172928,Liberated Kids PSP,Oakland Unified,Alameda,01,,,,,,,,1,7,PSA enrollment by grade,k8,10,10,7,4,0.9,5,established,True,False,private,Active,1-7,liberated-kids-psp-alameda
01612006136097,Livermore Valley Academy,Livermore Valley Joint Unified,Alameda,01,,,,,,,,0,8,PSA enrollment by grade,k8,61,61,11,1,5.1,9,established,True,False,private,Active,K-8,livermore-valley-academy-alameda
01611436168033,MarWell,Berkeley Unified,Alameda,01,,,,,,,,8,12,PSA enrollment by grade,middle_high,6,1,1,2,2.0,5,micro,True,False,private,Active,8-12,marwell-alameda
01612596906549,Mills College Children's School at Northeastern University,Oakland Unified,Alameda,01,,,,,,,,0,5,PSA enrollment by grade,elementary,23,23,4,0,5.8,6,micro,True,False,private,Active,K-5,mills-college-children-s-school-at-northeastern-university-alameda
01612426138648,Mission Hills Middle School,New Haven Unified,Alameda,01,,,,,,,,0,8,PSA enrollment by grade,k8,384,384,30,1,12.4,9,established,True,False,private,Active,K-8,mission-hills-middle-school-alameda
01611436173645,Monarch Tree School,Berkeley Unified,Alameda,01,,,,,,,,4,12,PSA enrollment by grade,middle_high,7,4,1,4,1.4,3,micro,True,False,private,Active,4-12,monarch-tree-school-alameda
01611927103286,Montessori Children's House of Hayward,Hayward Unified,Alameda,01,,,,,,,,0,0,PSA enrollment by grade,elementary,6,6,3,1,1.5,1,micro,True,False,private,Active,K-K,montessori-children-s-house-of-hayward-alameda
01611196141683,Montessori Elementary School of Alameda,Alameda Unified,Alameda,01,,,,,,,,1,7,PSA enrollment by grade,k8,13,13,2,0,6.5,7,homeschool_shaped,False,False,private,Active,1-7,montessori-elementary-school-of-alameda-alameda
01611766993778,Montessori School of Fremont,Fremont Unified,Alameda,01,,,,,,,,0,6,PSA enrollment by grade,elementary,117,117,15,7,5.3,7,established,True,False,private,Active,K-6,montessori-school-of-fremont-alameda
01612597098106,Muhammad University,Oakland Unified,Alameda,01,,,,,,,,1,12,PSA enrollment by grade,k12,16,10,4,0,4.0,11,micro,True,False,private,Active,1-12,muhammad-university-alameda
01612347047236,New Horizons School,Newark Unified,Alameda,01,,,,,,,,0,8,PSA enrollment by grade,k8,125,125,14,2,7.8,9,established,True,False,private,Active,K-8,new-horizons-school-alameda
01612597054018,Northern Light School,Oakland Unified,Alameda,01,,,,,,,,0,8,PSA enrollment by grade,k8,119,119,16,4,6.0,9,established,True,False,private,Active,K-8,northern-light-school-alameda
01612597081524,Oakland Hebrew Day School,Oakland Unified,Alameda,01,,,,,,,,0,8,PSA enrollment by grade,k8,162,162,29,4,4.9,9,established,True,False,private,Active,K-8,oakland-hebrew-day-school-alameda
01611506133441,OneSchool Global - San Francisco,Castro Valley Unified,Alameda,01,,,,,,,,3,12,PSA enrollment by grade,middle_high,33,23,3,0,11.0,10,micro,True,False,private,Active,3-12,oneschool-global-san-francisco-alameda
01611506970651,Our Lady of Grace School,Castro Valley Unified,Alameda,01,,,,,,,,0,8,PSA enrollment by grade,k8,147,147,9,4,11.3,9,established,True,False,private,Active,K-8,our-lady-of-grace-school-alameda
01612006995583,Our Savior Lutheran School,Livermore Valley Joint Unified,Alameda,01,,,,,,,,0,8,PSA enrollment by grade,k8,423,423,25,12,11.4,9,established,True,False,private,Active,K-8,our-savior-lutheran-school-alameda
01100176173587,Our Tribe of Many Academy,Alameda County Office of Education,Alameda,01,,,,,,,,0,8,PSA enrollment by grade,k8,6,6,3,1,1.5,4,micro,True,False,private,Active,K-8,our-tribe-of-many-academy-alameda
01612596998470,Park Day School,Oakland Unified,Alameda,01,,,,,,,,0,8,PSA enrollment by grade,k8,325,325,38,0,8.6,9,established,True,False,private,Active,K-8,park-day-school-alameda
01611767100902,Peace Terrace Academy,Fremont Unified,Alameda,01,,,,,,,,0,8,PSA enrollment by grade,k8,207,207,26,1,7.7,9,established,True,False,private,Active,K-8,peace-terrace-academy-alameda
01612596150544,Pear Tree Community School,Oakland Unified,Alameda,01,,,,,,,,0,6,PSA enrollment by grade,elementary,64,64,6,3,7.1,7,established,True,False,private,Active,K-6,pear-tree-community-school-alameda
01612596933030,Pentecostal Way of Truth School Academy,Oakland Unified,Alameda,01,,,,,,,,3,12,PSA enrollment by grade,middle_high,13,8,3,4,1.9,7,micro,True,False,private,Active,3-12,pentecostal-way-of-truth-school-academy-alameda
01611766967483,Prince of Peace Lutheran School,Fremont Unified,Alameda,01,,,,,,,,0,8,PSA enrollment by grade,k8,370,370,22,3,14.8,9,established,True,False,private,Active,K-8,prince-of-peace-lutheran-school-alameda
01611926172696,RISE East Bay,Hayward Unified,Alameda,01,,,,,,,,0,4,PSA enrollment by grade,elementary,10,10,0,4,2.5,5,micro,True,False,private,Active,K-4,rise-east-bay-alameda
01611506913131,Redwood Christian Elementary,Castro Valley Unified,Alameda,01,,,,,,,,0,5,PSA enrollment by grade,elementary,237,237,11,2,18.2,6,established,True,False,private,Active,K-5,redwood-christian-elementary-alameda
01613096998488,Redwood Christian Middle School and High School,San Lorenzo Unified,Alameda,01,,,,,,,,6,12,PSA enrollment by grade,middle_high,384,161,26,3,13.2,7,established,True,False,private,Active,6-12,redwood-christian-middle-school-and-high-school-alameda
01612596995542,Redwood Day School,Oakland Unified,Alameda,01,,,,,,,,0,8,PSA enrollment by grade,k8,417,417,54,5,7.1,9,established,True,False,private,Active,K-8,redwood-day-school-alameda
01611926166862,Rising Star Sped Academy,Hayward Unified,Alameda,01,,,,,,,,0,12,PSA enrollment by grade,k12,80,55,9,0,8.9,13,established,True,False,private,Active,K-12,rising-star-sped-academy-alameda
01750936173900,Rising Star Sped Academy - Capella,Dublin Unified,Alameda,01,,,,,,,,6,12,PSA enrollment by grade,middle_high,6,1,4,0,1.5,4,micro,True,False,private,Active,6-12,rising-star-sped-academy-capella-alameda
01611766158778,Rivendell Academy of Fremont,Fremont Unified,Alameda,01,,,,,,,,1,12,PSA enrollment by grade,k12,45,22,0,0,,12,micro,True,False,private,Active,1-12,rivendell-academy-of-fremont-alameda
01611926166672,Safari Kid Hayward,Hayward Unified,Alameda,01,,,,,,,,0,1,PSA enrollment by grade,elementary,15,15,2,0,7.5,2,homeschool_shaped,False,False,private,Active,K-1,safari-kid-hayward-alameda
01611926965917,Saint Clement Catholic School,Hayward Unified,Alameda,01,,,,,,,,0,8,PSA enrollment by grade,k8,273,273,12,1,21.0,9,established,True,False,private,Active,K-8,saint-clement-catholic-school-alameda
01612596973010,Saint Leo the Great School,Oakland Unified,Alameda,01,,,,,,,,0,8,PSA enrollment by grade,k8,200,200,10,3,15.4,9,established,True,False,private,Active,K-8,saint-leo-the-great-school-alameda
01611436973085,School of the Madeleine,Berkeley Unified,Alameda,01,,,,,,,,0,8,PSA enrollment by grade,k8,227,227,11,13,9.5,9,established,True,False,private,Active,K-8,school-of-the-madeleine-alameda
01613097035512,Seneca Family of Agencies - James Baldwin Academy,San Lorenzo Unified,Alameda,01,,,,,,,,6,12,PSA enrollment by grade,middle_high,48,16,6,0,8.0,7,micro,True,False,private,Active,6-12,seneca-family-of-agencies-james-baldwin-academy-alameda
01612427077548,Seneca Family of Agencies - Pathfinder Academy,New Haven Unified,Alameda,01,,,,,,,,7,12,PSA enrollment by grade,middle_high,27,8,4,0,6.8,6,micro,True,False,private,Active,7-12,seneca-family-of-agencies-pathfinder-academy-alameda
01612596140131,Seneca Family of Agencies-Maya Angelou Academy,Oakland Unified,Alameda,01,,,,,,,,1,5,PSA enrollment by grade,elementary,19,19,3,0,6.3,5,micro,True,False,private,Active,1-5,seneca-family-of-agencies-maya-angelou-academy-alameda
01611436139620,Shu Ren International School,Berkeley Unified,Alameda,01,,,,,,,,0,5,PSA enrollment by grade,elementary,62,62,17,1,3.4,6,established,True,False,private,Active,K-5,shu-ren-international-school-alameda
01612597077878,"Spectrum Center, Camden Campus",Oakland Unified,Alameda,01,,,,,,,,1,12,PSA enrollment by grade,k12,35,17,4,0,8.8,11,micro,True,False,private,Active,1-12,spectrum-center-camden-campus-alameda
01612596960694,St Paul's Episcopal School,Oakland Unified,Alameda,01,,,,,,,,0,8,PSA enrollment by grade,k8,339,339,37,3,8.5,9,established,True,False,private,Active,K-8,st-paul-s-episcopal-school-alameda
01612596904452,St. Andrew M.B.C. Private P. C. P. C.,Oakland Unified,Alameda,01,,,,,,,,1,12,PSA enrollment by grade,k12,7,1,3,7,0.7,3,established,True,False,private,Active,1-12,st-andrew-m-b-c-private-p-c-p-c-alameda
01611926972871,St. Bede School,Hayward Unified,Alameda,01,,,,,,,,0,8,PSA enrollment by grade,k8,204,204,9,2,18.5,9,established,True,False,private,Active,K-8,st-bede-school-alameda
01612346972921,St. Edward Parish,Newark Unified,Alameda,01,,,,,,,,0,8,PSA enrollment by grade,k8,225,225,12,2,16.1,9,established,True,False,private,Active,K-8,st-edward-parish-alameda
01612596972939,St. Elizabeth School Elementary (A Lumen Christi Academy),Oakland Unified,Alameda,01,,,,,,,,0,8,PSA enrollment by grade,k8,188,188,7,0,26.9,9,established,True,False,private,Active,K-8,st-elizabeth-school-elementary-a-lumen-christi-academy-alameda
01613096972947,St. Felicitas Catholic School,San Lorenzo Unified,Alameda,01,,,,,,,,0,8,PSA enrollment by grade,k8,184,184,12,0,15.3,9,established,True,False,private,Active,K-8,st-felicitas-catholic-school-alameda
01611926972970,St. Joachim's Elementary,Hayward Unified,Alameda,01,,,,,,,,0,8,PSA enrollment by grade,k8,311,311,11,0,28.3,9,established,True,False,private,Active,K-8,st-joachim-s-elementary-alameda
01613096970602,St. John Catholic School,San Lorenzo Unified,Alameda,01,,,,,,,,0,8,PSA enrollment by grade,k8,147,147,9,2,13.4,9,established,True,False,private,Active,K-8,st-john-catholic-school-alameda
01611196965891,St. Joseph Elementary,Alameda Unified,Alameda,01,,,,,,,,0,8,PSA enrollment by grade,k8,278,278,13,1,19.9,9,established,True,False,private,Active,K-8,st-joseph-elementary-alameda-6965891
01611766972996,St. Joseph Elementary,Fremont Unified,Alameda,01,,,,,,,,0,8,PSA enrollment by grade,k8,188,188,11,4,12.5,9,established,True,False,private,Active,K-8,st-joseph-elementary-alameda-6972996
01612916970636,St. Leander,San Leandro Unified,Alameda,01,,,,,,,,0,8,PSA enrollment by grade,k8,136,136,8,4,11.3,9,established,True,False,private,Active,K-8,st-leander-alameda
01612006967525,St. Michael School,Livermore Valley Joint Unified,Alameda,01,,,,,,,,0,8,PSA enrollment by grade,k8,164,164,12,6,9.1,9,established,True,False,private,Active,K-8,st-michael-school-alameda
01611196973077,St. Philip Neri Elementary,Alameda Unified,Alameda,01,,,,,,,,0,8,PSA enrollment by grade,k8,209,209,14,4,11.6,9,established,True,False,private,Active,K-8,st-philip-neri-elementary-alameda
01750937012222,St. Raymond,Dublin Unified,Alameda,01,,,,,,,,0,8,PSA enrollment by grade,k8,245,245,14,1,16.3,9,established,True,False,private,Active,K-8,st-raymond-alameda
01612596967533,St. Theresa School,Oakland Unified,Alameda,01,,,,,,,,0,8,PSA enrollment by grade,k8,210,210,17,4,10.0,9,established,True,False,private,Active,K-8,st-theresa-school-alameda
01612596994107,St. Vincent's Day Home,Oakland Unified,Alameda,01,,,,,,,,0,0,PSA enrollment by grade,elementary,44,44,6,0,7.3,1,micro,True,False,private,Active,K-K,st-vincent-s-day-home-alameda
01612347045446,Stellar Academy for Dyslexics,Newark Unified,Alameda,01,,,,,,,,2,7,PSA enrollment by grade,k8,12,12,0,3,4.0,6,micro,True,False,private,Active,2-7,stellar-academy-for-dyslexics-alameda
01751016161988,Stratford MIddle School,Pleasanton Unified,Alameda,01,,,,,,,,6,8,PSA enrollment by grade,middle,147,147,18,3,7.0,3,established,True,False,private,Active,6-8,stratford-middle-school-alameda
01611766141923,Stratford School,Fremont Unified,Alameda,01,,,,,,,,0,0,PSA enrollment by grade,elementary,91,91,6,0,15.2,1,established,True,False,private,Active,K-K,stratford-school-alameda-6141923
01611766206023,Stratford School,Fremont Unified,Alameda,01,,,,,,,,0,8,PSA enrollment by grade,k8,660,660,42,3,14.7,9,established,True,False,private,Active,K-8,stratford-school-alameda-6206023
01751016143788,Stratford School - Pleasanton,Pleasanton Unified,Alameda,01,,,,,,,,0,5,PSA enrollment by grade,elementary,361,361,26,0,13.9,6,established,True,False,private,Active,K-5,stratford-school-pleasanton-alameda
01750936165211,Stratford School Dublin,Dublin Unified,Alameda,01,,,,,,,,0,5,PSA enrollment by grade,elementary,182,182,20,4,7.6,6,established,True,False,private,Active,K-5,stratford-school-dublin-alameda
01612006167480,Summa Academy,Livermore Valley Joint Unified,Alameda,01,,,,,,,,5,9,PSA enrollment by grade,middle_high,23,22,3,0,7.7,5,micro,True,False,private,Active,5-9,summa-academy-alameda-6167480
01751010140871,Summa Academy,Pleasanton Unified,Alameda,01,,,,,,,,0,6,PSA enrollment by grade,elementary,40,40,7,0,5.7,7,micro,True,False,private,Active,K-6,summa-academy-alameda-0140871
01611436972533,The Academy School,Berkeley Unified,Alameda,01,,,,,,,,0,8,PSA enrollment by grade,k8,118,118,17,3,5.9,9,established,True,False,private,Active,K-8,the-academy-school-alameda
01611436967442,The Berkeley School,Berkeley Unified,Alameda,01,,,,,,,,0,8,PSA enrollment by grade,k8,96,96,19,9,3.4,9,established,True,False,private,Active,K-8,the-berkeley-school-alameda
01611196979140,The Phillips Academy,Alameda Unified,Alameda,01,,,,,,,,6,12,PSA enrollment by grade,middle_high,60,17,9,1,6.0,7,established,True,False,private,Active,6-12,the-phillips-academy-alameda
01750937103989,The Quarry Lane School,Dublin Unified,Alameda,01,,,,,,,,0,12,PSA enrollment by grade,k12,1075,756,145,1,7.4,13,established,True,False,private,Active,K-12,the-quarry-lane-school-alameda
01612596141048,"The Renaissance International School, Inc",Oakland Unified,Alameda,01,,,,,,,,0,8,PSA enrollment by grade,k8,59,59,10,2,4.9,9,established,True,False,private,Active,K-8,the-renaissance-international-school-inc-alameda
01611276138044,Tilden Preparatory School,Albany City Unified,Alameda,01,,,,,,,,6,12,PSA enrollment by grade,middle_high,136,22,45,5,2.7,7,established,True,False,private,Active,6-12,tilden-preparatory-school-alameda
01612427088743,Union City Christian School,New Haven Unified,Alameda,01,,,,,,,,0,11,PSA enrollment by grade,k12,56,51,5,2,8.0,11,established,True,False,private,Active,K-11,union-city-christian-school-alameda
01612006900773,Valley Montessori School,Livermore Valley Joint Unified,Alameda,01,,,,,,,,0,8,PSA enrollment by grade,k8,216,216,20,2,9.8,9,established,True,False,private,Active,K-8,valley-montessori-school-alameda
01612006159214,Verity Academy East Bay,Livermore Valley Joint Unified,Alameda,01,,,,,,,,1,12,PSA enrollment by grade,k12,40,29,25,0,1.6,12,established,True,False,private,Active,1-12,verity-academy-east-bay-alameda
01611437045552,Via Center,Berkeley Unified,Alameda,01,,,,,,,,6,12,PSA enrollment by grade,middle_high,6,1,1,0,6.0,3,homeschool_shaped,False,False,private,Active,6-12,via-center-alameda
01611436994651,Walden Center & School,Berkeley Unified,Alameda,01,,,,,,,,0,6,PSA enrollment by grade,elementary,65,65,7,4,5.9,7,established,True,False,private,Active,K-6,walden-center-school-alameda
01613096995559,Woodroe Woods School,San Lorenzo Unified,Alameda,01,,,,,,,,0,5,PSA enrollment by grade,elementary,76,76,19,3,3.5,6,established,True,False,private,Active,K-5,woodroe-woods-school-alameda
07617967100456,A Better Chance / California Autism Foundation,West Contra Costa Unified,Contra Costa,07,,,,,,,,4,12,PSA enrollment by grade,middle_high,41,11,7,0,5.9,9,micro,True,False,private,Active,4-12,a-better-chance-california-autism-foundation-contra-costa
07617546134183,Above and Beyond Academy,Mt. Diablo Unified,Contra Costa,07,,,,,,,,3,12,PSA enrollment by grade,middle_high,55,16,0,0,,8,established,True,False,private,Active,3-12,above-and-beyond-academy-contra-costa
07616636140669,All God's Children Christian School,Byron Union Elementary,Contra Costa,07,,,,,,,,0,5,PSA enrollment by grade,elementary,89,89,5,0,17.8,6,established,True,False,private,Active,K-5,all-god-s-children-christian-school-contra-costa
07617546172613,American International School of Excellence,Mt. Diablo Unified,Contra Costa,07,,,,,,,,7,9,PSA enrollment by grade,middle_high,450,300,15,0,30.0,3,established,True,False,private,Active,7-9,american-international-school-of-excellence-contra-costa
07100746175178,Angelina Chewning Homeschool,Contra Costa County Office of Education,Contra Costa,07,,,,,,,,0,7,PSA enrollment by grade,k8,10,10,2,0,5.0,5,homeschool_shaped,False,False,private,Active,K-7,angelina-chewning-homeschool-contra-costa
07617540112920,"Anova Center for Education, Contra Costa",Mt. Diablo Unified,Contra Costa,07,,,,,,,,0,12,PSA enrollment by grade,k12,70,43,9,0,7.8,13,established,True,False,private,Active,K-12,anova-center-for-education-contra-costa-contra-costa
07617967077894,Arlington Christian School,West Contra Costa Unified,Contra Costa,07,,,,,,,,0,12,PSA enrollment by grade,k12,41,34,4,0,10.2,13,micro,True,False,private,Active,K-12,arlington-christian-school-contra-costa
07617396170112,BUILDING Connections Academy Martinez,Martinez Unified,Contra Costa,07,,,,,,,,1,8,PSA enrollment by grade,k8,6,6,1,0,6.0,5,homeschool_shaped,False,False,private,Active,1-8,building-connections-academy-martinez-contra-costa
07617966967608,Bethel Christian Academy,West Contra Costa Unified,Contra Costa,07,,,,,,,,0,6,PSA enrollment by grade,elementary,33,33,2,1,11.0,7,micro,True,False,private,Active,K-6,bethel-christian-academy-contra-costa
07617966144810,Big Minds,West Contra Costa Unified,Contra Costa,07,,,,,,,,1,8,PSA enrollment by grade,k8,23,23,6,4,2.3,7,established,True,False,private,Active,1-8,big-minds-contra-costa
07617966166136,Big Minds Unschool Online,West Contra Costa Unified,Contra Costa,07,,,,,,,,2,8,PSA enrollment by grade,k8,21,21,6,1,3.0,7,micro,True,False,private,Active,2-8,big-minds-unschool-online-contra-costa
07618046153118,Blue Dot Academy,San Ramon Valley Unified,Contra Costa,07,,,,,,,,3,12,PSA enrollment by grade,middle_high,11,6,7,0,1.6,7,micro,True,False,private,Active,3-12,blue-dot-academy-contra-costa
07616556162192,Brentwood Prep,Brentwood Union,Contra Costa,07,,,,,,,,0,0,PSA enrollment by grade,elementary,14,14,0,3,4.7,1,micro,True,False,private,Active,K-K,brentwood-prep-contra-costa
07617546172621,Bridge Quest Academy,Mt. Diablo Unified,Contra Costa,07,,,,,,,,5,11,PSA enrollment by grade,middle_high,7,5,2,0,3.5,5,homeschool_shaped,False,False,private,Active,5-11,bridge-quest-academy-contra-costa
07617546167514,Building Connections Academy,Mt. Diablo Unified,Contra Costa,07,,,,,,,,1,7,PSA enrollment by grade,k8,6,6,4,0,1.5,4,micro,True,False,private,Active,1-7,building-connections-academy-contra-costa
07617546156822,CORE Education Academy,Mt. Diablo Unified,Contra Costa,07,,,,,,,,3,8,PSA enrollment by grade,middle,50,50,6,2,6.2,6,established,True,False,private,Active,3-8,core-education-academy-contra-costa
07618127092208,Cedar Life Academy,Walnut Creek Elementary,Contra Costa,07,,,,,,,,1,12,PSA enrollment by grade,k12,287,194,0,0,,12,established,True,False,private,Active,1-12,cedar-life-academy-contra-costa
07616556160022,Celebration Center,Brentwood Union,Contra Costa,07,,,,,,,,0,5,PSA enrollment by grade,elementary,65,65,5,0,13.0,6,established,True,False,private,Active,K-5,celebration-center-contra-costa
07617966174825,Chosen Academy,West Contra Costa Unified,Contra Costa,07,,,,,,,,0,2,PSA enrollment by grade,elementary,19,19,1,0,19.0,3,micro,True,False,private,Active,K-2,chosen-academy-contra-costa
07617546967624,Christ the King Elementary,Mt. Diablo Unified,Contra Costa,07,,,,,,,,0,8,PSA enrollment by grade,k8,322,322,18,1,16.9,9,established,True,False,private,Active,K-8,christ-the-king-elementary-contra-costa
07617546906648,Contra Costa Christian Schools,Mt. Diablo Unified,Contra Costa,07,,,,,,,,0,12,PSA enrollment by grade,k12,303,235,30,11,7.4,13,established,True,False,private,Active,K-12,contra-costa-christian-schools-contra-costa
07616487101801,Cornerstone Christian School,Antioch Unified,Contra Costa,07,,,,,,,,0,12,PSA enrollment by grade,k12,577,437,24,8,18.0,13,established,True,False,private,Active,K-12,cornerstone-christian-school-contra-costa
07617966972319,Crestmont School,West Contra Costa Unified,Contra Costa,07,,,,,,,,0,8,PSA enrollment by grade,k8,42,42,4,4,5.2,8,established,True,False,private,Active,K-8,crestmont-school-contra-costa
07617547095326,Diablo Valley,Mt. Diablo Unified,Contra Costa,07,,,,,,,,2,9,PSA enrollment by grade,k12,8,6,2,0,4.0,4,homeschool_shaped,False,False,private,Active,2-9,diablo-valley-contra-costa
07618046967632,"Dorris-Eaton School, The",San Ramon Valley Unified,Contra Costa,07,,,,,,,,0,8,PSA enrollment by grade,k8,257,257,33,6,6.6,9,established,True,False,private,Active,K-8,dorris-eaton-school-the-contra-costa
07617967103161,East Bay Montessori,West Contra Costa Unified,Contra Costa,07,,,,,,,,0,8,PSA enrollment by grade,k8,65,65,12,2,4.6,9,established,True,False,private,Active,K-8,east-bay-montessori-contra-costa
07617966972335,El Sobrante Christian School,West Contra Costa Unified,Contra Costa,07,,,,,,,,0,8,PSA enrollment by grade,k8,120,120,8,2,12.0,9,established,True,False,private,Active,K-8,el-sobrante-christian-school-contra-costa
07617546143416,Fusion Academy Walnut Creek,Mt. Diablo Unified,Contra Costa,07,,,,,,,,8,12,PSA enrollment by grade,middle_high,17,1,9,2,1.5,4,established,True,False,private,Active,8-12,fusion-academy-walnut-creek-contra-costa
07616306149363,Fusion Academy Walnut Creek Downtown,Acalanes Union High,Contra Costa,07,,,,,,,,8,12,PSA enrollment by grade,middle_high,19,1,8,4,1.6,4,established,True,False,private,Active,8-12,fusion-academy-walnut-creek-downtown-contra-costa
07616557072507,Golden Hills Christian School,Brentwood Union,Contra Costa,07,,,,,,,,0,8,PSA enrollment by grade,k8,249,249,15,1,15.6,9,established,True,False,private,Active,K-8,golden-hills-christian-school-contra-costa
07617966155634,Golestan School,West Contra Costa Unified,Contra Costa,07,,,,,,,,0,5,PSA enrollment by grade,elementary,67,67,8,6,4.8,6,established,True,False,private,Active,K-5,golestan-school-contra-costa
07617546171466,Grayson Creek Academy,Mt. Diablo Unified,Contra Costa,07,,,,,,,,0,8,PSA enrollment by grade,k8,6,6,1,0,6.0,6,homeschool_shaped,False,False,private,Active,K-8,grayson-creek-academy-contra-costa
07616486933410,Heritage Baptist Academy,Antioch Unified,Contra Costa,07,,,,,,,,0,12,PSA enrollment by grade,k12,74,63,5,3,9.2,13,established,True,False,private,Active,K-12,heritage-baptist-academy-contra-costa
07616486906622,Hilltop Christian School,Antioch Unified,Contra Costa,07,,,,,,,,0,8,PSA enrollment by grade,k8,116,116,6,1,16.6,9,established,True,False,private,Active,K-8,hilltop-christian-school-contra-costa
07616486967640,Holy Rosary,Antioch Unified,Contra Costa,07,,,,,,,,0,8,PSA enrollment by grade,k8,233,233,12,4,14.6,9,established,True,False,private,Active,K-8,holy-rosary-contra-costa
07618046167670,Home School,San Ramon Valley Unified,Contra Costa,07,,,,,,,,0,11,PSA enrollment by grade,k12,7,5,2,0,3.5,7,homeschool_shaped,False,False,private,Active,K-11,home-school-contra-costa
07617546135610,Hope Academy for Dyslexics,Mt. Diablo Unified,Contra Costa,07,,,,,,,,3,8,PSA enrollment by grade,middle,67,67,12,6,3.7,6,established,True,False,private,Active,3-8,hope-academy-for-dyslexics-contra-costa
07100746175343,Independent Studies,Contra Costa County Office of Education,Contra Costa,07,,,,,,,,8,8,PSA enrollment by grade,middle,14,14,1,0,14.0,1,homeschool_shaped,False,False,private,Active,8-8,independent-studies-contra-costa
07617967099716,King's Academy,West Contra Costa Unified,Contra Costa,07,,,,,,,,1,12,PSA enrollment by grade,k12,23,14,11,0,2.1,12,established,True,False,private,Active,1-12,king-s-academy-contra-costa
07617546933436,King's Valley Christian School,Mt. Diablo Unified,Contra Costa,07,,,,,,,,0,8,PSA enrollment by grade,k8,333,333,26,0,12.8,9,established,True,False,private,Active,K-8,king-s-valley-christian-school-contra-costa
07617966174676,Kynrie Family Academy,West Contra Costa Unified,Contra Costa,07,,,,,,,,1,5,PSA enrollment by grade,elementary,6,6,2,0,3.0,2,homeschool_shaped,False,False,private,Active,1-5,kynrie-family-academy-contra-costa
07617626172498,Logos Christian Academy,Oakley Union Elementary,Contra Costa,07,,,,,,,,0,12,PSA enrollment by grade,k12,6,4,1,0,6.0,6,homeschool_shaped,False,False,private,Active,K-12,logos-christian-academy-contra-costa
07617136998199,"Meher Schools, The",Lafayette Elementary,Contra Costa,07,,,,,,,,0,5,PSA enrollment by grade,elementary,176,176,15,3,9.8,6,established,True,False,private,Active,K-5,meher-schools-the-contra-costa
07616486168793,New Light Education,Antioch Unified,Contra Costa,07,,,,,,,,1,11,PSA enrollment by grade,k12,8,6,1,0,8.0,8,homeschool_shaped,False,False,private,Active,1-11,new-light-education-contra-costa
07617546145528,Noble Learning Academy LLC,Mt. Diablo Unified,Contra Costa,07,,,,,,,,6,8,PSA enrollment by grade,middle,39,39,6,1,5.6,3,micro,True,False,private,Active,6-8,noble-learning-academy-llc-contra-costa
07617547099229,NorthCreek Academy,Mt. Diablo Unified,Contra Costa,07,,,,,,,,0,8,PSA enrollment by grade,k8,413,413,29,7,11.5,9,established,True,False,private,Active,K-8,northcreek-academy-contra-costa
07617546973911,Pleasant Hill Adventist Academy,Mt. Diablo Unified,Contra Costa,07,,,,,,,,0,12,PSA enrollment by grade,k12,108,66,7,4,9.8,13,established,True,False,private,Active,K-12,pleasant-hill-adventist-academy-contra-costa
07617966958987,Prospect Sierra School,West Contra Costa Unified,Contra Costa,07,,,,,,,,0,8,PSA enrollment by grade,k8,425,425,59,3,6.9,9,established,True,False,private,Active,K-8,prospect-sierra-school-contra-costa
07617546967673,Queen of All Saints Elementary,Mt. Diablo Unified,Contra Costa,07,,,,,,,,0,8,PSA enrollment by grade,k8,253,253,12,0,21.1,9,established,True,False,private,Active,K-8,queen-of-all-saints-elementary-contra-costa
07617546967681,Saint Agnes,Mt. Diablo Unified,Contra Costa,07,,,,,,,,0,8,PSA enrollment by grade,k8,261,261,14,0,18.6,9,established,True,False,private,Active,K-8,saint-agnes-contra-costa
07617546967657,Saint Francis of Assisi,Mt. Diablo Unified,Contra Costa,07,,,,,,,,0,8,PSA enrollment by grade,k8,270,270,21,9,9.0,9,established,True,False,private,Active,K-8,saint-francis-of-assisi-contra-costa
07618046906689,San Ramon Valley Christian Academy,San Ramon Valley Unified,Contra Costa,07,,,,,,,,0,8,PSA enrollment by grade,k8,377,377,26,7,11.4,9,established,True,False,private,Active,K-8,san-ramon-valley-christian-academy-contra-costa
07617960128843,Seneca Family of Agencies - Catalyst Academy,West Contra Costa Unified,Contra Costa,07,,,,,,,,2,12,PSA enrollment by grade,k12,18,11,5,0,3.6,10,micro,True,False,private,Active,2-12,seneca-family-of-agencies-catalyst-academy-contra-costa
07616480134445,Sierra School of Antioch,Antioch Unified,Contra Costa,07,,,,,,,,2,12,PSA enrollment by grade,k12,29,18,4,0,7.2,11,micro,True,False,private,Active,2-12,sierra-school-of-antioch-contra-costa
07617546148829,Sonder Creek Academy,Mt. Diablo Unified,Contra Costa,07,,,,,,,,0,8,PSA enrollment by grade,k8,126,126,19,6,5.0,9,established,True,False,private,Active,K-8,sonder-creek-academy-contra-costa
07617887100472,Spectrum Center Delta Campus,Pittsburg Unified,Contra Costa,07,,,,,,,,3,12,PSA enrollment by grade,middle_high,45,15,5,0,9.0,10,micro,True,False,private,Active,3-12,spectrum-center-delta-campus-contra-costa
07617967079379,Spectrum Center Tara Hills Campus,West Contra Costa Unified,Contra Costa,07,,,,,,,,2,12,PSA enrollment by grade,k12,48,24,6,0,8.0,11,micro,True,False,private,Active,2-12,spectrum-center-tara-hills-campus-contra-costa
07616480134064,"Spectrum Center, Antioch",Antioch Unified,Contra Costa,07,,,,,,,,1,12,PSA enrollment by grade,k12,55,26,6,0,9.2,11,established,True,False,private,Active,1-12,spectrum-center-antioch-contra-costa
07617546933501,"Spectrum Center, Inc.-Valley Campus",Mt. Diablo Unified,Contra Costa,07,,,,,,,,2,12,PSA enrollment by grade,k12,39,16,5,0,7.8,10,micro,True,False,private,Active,2-12,spectrum-center-inc-valley-campus-contra-costa
07617396969919,St. Catherine of Siena,Martinez Unified,Contra Costa,07,,,,,,,,0,7,PSA enrollment by grade,k8,120,120,8,0,15.0,8,established,True,False,private,Active,K-7,st-catherine-of-siena-contra-costa
07617966972442,St. David School,West Contra Costa Unified,Contra Costa,07,,,,,,,,0,8,PSA enrollment by grade,k8,102,102,5,1,17.0,9,established,True,False,private,Active,K-8,st-david-school-contra-costa
07618046972459,St. Isidore School,San Ramon Valley Unified,Contra Costa,07,,,,,,,,0,8,PSA enrollment by grade,k8,613,613,37,3,15.3,9,established,True,False,private,Active,K-8,st-isidore-school-contra-costa
07617966967699,St. John the Baptist School,West Contra Costa Unified,Contra Costa,07,,,,,,,,0,8,PSA enrollment by grade,k8,127,127,12,3,8.5,9,established,True,False,private,Active,K-8,st-john-the-baptist-school-contra-costa
07617966972475,St. Joseph Elementary,West Contra Costa Unified,Contra Costa,07,,,,,,,,0,8,PSA enrollment by grade,k8,291,291,11,3,20.8,9,established,True,False,private,Active,K-8,st-joseph-elementary-contra-costa
07618126967707,St. Mary of the Immaculate Conception,Walnut Creek Elementary,Contra Costa,07,,,,,,,,0,8,PSA enrollment by grade,k8,308,308,15,4,16.2,9,established,True,False,private,Active,K-8,st-mary-of-the-immaculate-conception-contra-costa
07616976970669,St. Patrick School,John Swett Unified,Contra Costa,07,,,,,,,,0,8,PSA enrollment by grade,k8,311,311,17,0,18.3,9,established,True,False,private,Active,K-8,st-patrick-school-contra-costa
07617966972483,St. Paul School,West Contra Costa Unified,Contra Costa,07,,,,,,,,0,8,PSA enrollment by grade,k8,108,108,6,1,15.4,9,established,True,False,private,Active,K-8,st-paul-school-contra-costa
07617136972491,St. Perpetua,Lafayette Elementary,Contra Costa,07,,,,,,,,0,8,PSA enrollment by grade,k8,245,245,16,5,11.7,9,established,True,False,private,Active,K-8,st-perpetua-contra-costa
07617886965933,St. Peter Martyr Elementary,Pittsburg Unified,Contra Costa,07,,,,,,,,0,8,PSA enrollment by grade,k8,168,168,9,2,15.3,9,established,True,False,private,Active,K-8,st-peter-martyr-elementary-contra-costa
07618126172811,Summa Academy - Mitchell,Walnut Creek Elementary,Contra Costa,07,,,,,,,,6,10,PSA enrollment by grade,middle_high,30,27,0,0,,5,micro,True,False,private,Active,6-10,summa-academy-mitchell-contra-costa
07617546977961,"Tabernacle Christian, Inc.",Mt. Diablo Unified,Contra Costa,07,,,,,,,,0,8,PSA enrollment by grade,k8,402,402,20,4,16.8,9,established,True,False,private,Active,K-8,tabernacle-christian-inc-contra-costa
07618046933329,The Athenian School,San Ramon Valley Unified,Contra Costa,07,,,,,,,,6,12,PSA enrollment by grade,middle_high,540,186,58,11,7.8,7,established,True,False,private,Active,6-12,the-athenian-school-contra-costa
07617546995658,The Concordia School,Mt. Diablo Unified,Contra Costa,07,,,,,,,,0,6,PSA enrollment by grade,elementary,53,53,5,2,7.6,7,established,True,False,private,Active,K-6,the-concordia-school-contra-costa
07617546172274,The Macademy,Mt. Diablo Unified,Contra Costa,07,,,,,,,,0,10,PSA enrollment by grade,k12,6,4,1,0,6.0,6,homeschool_shaped,False,False,private,Active,K-10,the-macademy-contra-costa
07618126967616,The Seven Hills School,Walnut Creek Elementary,Contra Costa,07,,,,,,,,0,8,PSA enrollment by grade,k8,378,378,65,8,5.2,9,established,True,False,private,Active,K-8,the-seven-hills-school-contra-costa
07617136203855,The Springstone School,Lafayette Elementary,Contra Costa,07,,,,,,,,6,12,PSA enrollment by grade,middle_high,42,16,10,0,4.2,7,established,True,False,private,Active,6-12,the-springstone-school-contra-costa
07617886175061,Tiffanys Home school Program,Pittsburg Unified,Contra Costa,07,,,,,,,,4,12,PSA enrollment by grade,middle_high,26,9,1,0,26.0,2,micro,True,False,private,Active,4-12,tiffanys-home-school-program-contra-costa
07616556139539,Vineyard Academy,Brentwood Union,Contra Costa,07,,,,,,,,0,8,PSA enrollment by grade,k8,198,198,10,2,16.5,9,established,True,False,private,Active,K-8,vineyard-academy-contra-costa
07617966164149,Viridis Academy,West Contra Costa Unified,Contra Costa,07,,,,,,,,0,12,PSA enrollment by grade,k12,6,2,1,1,3.0,5,homeschool_shaped,False,False,private,Active,K-12,viridis-academy-contra-costa
07617546165625,Voyager Academy,Mt. Diablo Unified,Contra Costa,07,,,,,,,,0,5,PSA enrollment by grade,elementary,10,10,1,0,10.0,5,homeschool_shaped,False,False,private,Active,K-5,voyager-academy-contra-costa
07618126972517,Walnut Creek Christian Academy,Walnut Creek Elementary,Contra Costa,07,,,,,,,,0,8,PSA enrollment by grade,k8,166,166,15,4,8.7,9,established,True,False,private,Active,K-8,walnut-creek-christian-academy-contra-costa
07617540133249,Wellspring Educational Services Inc,Mt. Diablo Unified,Contra Costa,07,,,,,,,,0,12,PSA enrollment by grade,k12,43,24,7,0,6.1,11,micro,True,False,private,Active,K-12,wellspring-educational-services-inc-contra-costa
07617966918619,Wildcat Canyon Community School,West Contra Costa Unified,Contra Costa,07,,,,,,,,0,8,PSA enrollment by grade,k8,151,151,13,20,4.6,9,established,True,False,private,Active,K-8,wildcat-canyon-community-school-contra-costa
07617547092109,Wood Rose Academy,Mt. Diablo Unified,Contra Costa,07,,,,,,,,0,8,PSA enrollment by grade,k8,113,113,9,2,10.3,9,established,True,False,private,Active,K-8,wood-rose-academy-contra-costa
07618126174833,Y Squared Academy,Walnut Creek Elementary,Contra Costa,07,,,,,,,,2,4,PSA enrollment by grade,elementary,6,6,1,0,6.0,2,homeschool_shaped,False,False,private,Active,2-4,y-squared-academy-contra-costa
07617546987242,Ygnacio Valley Christian School,Mt. Diablo Unified,Contra Costa,07,,,,,,,,0,8,PSA enrollment by grade,k8,85,85,7,2,9.4,9,established,True,False,private,Active,K-8,ygnacio-valley-christian-school-contra-costa
21653186167530,BOOST of Cypress School,Miller Creek Elementary,Marin,21,,,,,,,,2,12,PSA enrollment by grade,k12,8,7,2,0,4.0,7,homeschool_shaped,False,False,private,Active,2-12,boost-of-cypress-school-marin
21654586914766,Brandeis Hillel Day School - Marin,San Rafael City Elementary,Marin,21,,,,,,,,0,8,PSA enrollment by grade,k8,140,140,22,5,5.2,9,established,True,False,private,Active,K-8,brandeis-hillel-day-school-marin-marin
21653676159453,Chronos Academy,Larkspur-Corte Madera,Marin,21,,,,,,,,1,8,PSA enrollment by grade,k8,17,17,3,2,3.4,8,micro,True,False,private,Active,1-8,chronos-academy-marin
21654666148571,Fusion Academy Marin,San Rafael City High,Marin,21,,,,,,,,5,12,PSA enrollment by grade,middle_high,14,6,9,3,1.2,6,established,True,False,private,Active,5-12,fusion-academy-marin-marin
21653186906465,GATE Academy,Miller Creek Elementary,Marin,21,,,,,,,,0,8,PSA enrollment by grade,k8,47,47,6,1,6.7,9,micro,True,False,private,Active,K-8,gate-academy-marin
21654176144703,Golden Hills Academy,Novato Unified,Marin,21,,,,,,,,0,6,PSA enrollment by grade,elementary,50,50,10,5,3.3,7,established,True,False,private,Active,K-6,golden-hills-academy-marin
21654176911150,Good Shepherd Lutheran School,Novato Unified,Marin,21,,,,,,,,0,8,PSA enrollment by grade,k8,156,156,13,14,5.8,9,established,True,False,private,Active,K-8,good-shepherd-lutheran-school-marin
21654826145767,Headlands Preparatory School,Tamalpais Union High,Marin,21,,,,,,,,6,12,PSA enrollment by grade,middle_high,58,16,21,3,2.4,7,established,True,False,private,Active,6-12,headlands-preparatory-school-marin
21654176158174,Hummingbirds Collaborative School,Novato Unified,Marin,21,,,,,,,,0,4,PSA enrollment by grade,elementary,18,18,9,0,2.0,5,established,True,False,private,Active,K-4,hummingbirds-collaborative-school-marin
21750026910046,Irene M. Hunt School / Side by Side,Ross Valley Elementary,Marin,21,,,,,,,,0,12,PSA enrollment by grade,k12,60,44,6,0,10.0,13,established,True,False,private,Active,K-12,irene-m-hunt-school-side-by-side-marin
21654747037427,Lycee Francais de San Francisco (Sausalito),Sausalito Marin City,Marin,21,,,,,,,,0,5,PSA enrollment by grade,elementary,77,77,10,2,6.4,6,established,True,False,private,Active,K-5,lycee-francais-de-san-francisco-sausalito-marin
21654176907307,Marin Christian Academy Main Campus,Novato Unified,Marin,21,,,,,,,,0,5,PSA enrollment by grade,elementary,100,100,6,5,9.1,6,established,True,False,private,Active,K-5,marin-christian-academy-main-campus-marin
21654176915201,Marin Christian Academy North Campus,Novato Unified,Marin,21,,,,,,,,6,12,PSA enrollment by grade,middle_high,67,44,8,1,7.4,7,established,True,False,private,Active,6-12,marin-christian-academy-north-campus-marin
21653676974349,Marin Country Day School,Larkspur-Corte Madera,Marin,21,,,,,,,,0,8,PSA enrollment by grade,k8,601,601,64,6,8.6,9,established,True,False,private,Active,K-8,marin-country-day-school-marin
21653676974356,Marin Montessori School,Larkspur-Corte Madera,Marin,21,,,,,,,,0,9,PSA enrollment by grade,k12,167,162,19,4,7.3,10,established,True,False,private,Active,K-9,marin-montessori-school-marin
21653676901573,Marin Primary and Middle School,Larkspur-Corte Madera,Marin,21,,,,,,,,0,8,PSA enrollment by grade,k8,154,154,23,2,6.2,9,established,True,False,private,Active,K-8,marin-primary-and-middle-school-marin
21653186988448,Marin Waldorf School,Miller Creek Elementary,Marin,21,,,,,,,,0,8,PSA enrollment by grade,k8,126,126,17,17,3.7,9,established,True,False,private,Active,K-8,marin-waldorf-school-marin
21653186911184,Mark Day School,Miller Creek Elementary,Marin,21,,,,,,,,0,8,PSA enrollment by grade,k8,371,371,40,0,9.3,9,established,True,False,private,Active,K-8,mark-day-school-marin
21653186997258,Montessori de Terra Linda,Miller Creek Elementary,Marin,21,,,,,,,,0,6,PSA enrollment by grade,elementary,86,86,17,3,4.3,7,established,True,False,private,Active,K-6,montessori-de-terra-linda-marin
21653916974430,Mount Tamalpais School,Mill Valley Elementary,Marin,21,,,,,,,,0,8,PSA enrollment by grade,k8,270,270,33,5,7.1,9,established,True,False,private,Active,K-8,mount-tamalpais-school-marin
21653676158166,OAc San Francisco,Larkspur-Corte Madera,Marin,21,,,,,,,,0,7,PSA enrollment by grade,k8,14,14,2,2,3.5,7,micro,True,False,private,Active,K-7,oac-san-francisco-marin
21750027104474,Oak Hill School,Ross Valley Elementary,Marin,21,,,,,,,,2,12,PSA enrollment by grade,k12,36,12,8,0,4.5,10,established,True,False,private,Active,2-12,oak-hill-school-marin
21654176970719,Our Lady of Loretto,Novato Unified,Marin,21,,,,,,,,0,8,PSA enrollment by grade,k8,145,145,10,6,9.1,9,established,True,False,private,Active,K-8,our-lady-of-loretto-marin
21653916156442,Pacific Preparatory School,Mill Valley Elementary,Marin,21,,,,,,,,1,12,PSA enrollment by grade,k12,19,14,0,52,0.4,11,established,True,False,private,Active,1-12,pacific-preparatory-school-marin
21654256978084,Saint Hilary School,Reed Union Elementary,Marin,21,,,,,,,,0,8,PSA enrollment by grade,k8,243,243,17,2,12.8,9,established,True,False,private,Active,K-8,saint-hilary-school-marin
21653186974406,Saint Isabella School,Miller Creek Elementary,Marin,21,,,,,,,,0,8,PSA enrollment by grade,k8,264,264,13,3,16.5,9,established,True,False,private,Active,K-8,saint-isabella-school-marin
21654586974414,Saint Raphael Elementary,San Rafael City Elementary,Marin,21,,,,,,,,0,8,PSA enrollment by grade,k8,183,183,12,4,11.4,9,established,True,False,private,Active,K-8,saint-raphael-elementary-marin
21654826936504,San Domenico School,Tamalpais Union High,Marin,21,,,,,,,,0,12,PSA enrollment by grade,k12,676,279,71,16,7.8,13,established,True,False,private,Active,K-12,san-domenico-school-marin
21750026974398,St. Anselm School,Ross Valley Elementary,Marin,21,,,,,,,,0,8,PSA enrollment by grade,k8,269,269,12,8,13.4,9,established,True,False,private,Active,K-8,st-anselm-school-marin
21653676970727,St. Patrick School,Larkspur-Corte Madera,Marin,21,,,,,,,,0,8,PSA enrollment by grade,k8,257,257,15,7,11.7,9,established,True,False,private,Active,K-8,st-patrick-school-marin
21750027027204,Star Academy,San Rafael City Elementary,Marin,21,,,,,,,,3,12,PSA enrollment by grade,middle_high,74,35,9,0,8.2,10,established,True,False,private,Active,3-12,star-academy-marin
21654586152151,The Helix School,San Rafael City Elementary,Marin,21,,,,,,,,2,12,PSA enrollment by grade,k12,55,33,10,0,5.5,11,established,True,False,private,Active,2-12,the-helix-school-marin
21654746138143,The New Village School,Sausalito Marin City,Marin,21,,,,,,,,0,8,PSA enrollment by grade,k8,105,105,15,6,5.0,9,established,True,False,private,Active,K-8,the-new-village-school-marin
21654666159693,Winston Preparatory School,San Rafael City High,Marin,21,,,,,,,,5,12,PSA enrollment by grade,middle_high,26,16,12,2,1.9,8,established,True,False,private,Active,5-12,winston-preparatory-school-marin
28662666175194,Bella’s school,Napa Valley Unified,Napa,28,,,,,,,,0,0,PSA enrollment by grade,elementary,6,6,1,0,6.0,1,homeschool_shaped,False,False,private,Active,K-K,bellas-school-napa
28662666202287,Blue Oak School,Napa County Office of Education,Napa,28,,,,,,,,0,8,PSA enrollment by grade,k8,173,173,23,4,6.4,9,established,True,False,private,Active,K-8,blue-oak-school-napa
28662666130058,Calvary Baptist Christian Academy,Napa Valley Unified,Napa,28,,,,,,,,0,12,PSA enrollment by grade,k12,82,65,7,2,9.1,13,established,True,False,private,Active,K-12,calvary-baptist-christian-academy-napa
28662906976187,Foothills Adventist Elementary School,Saint Helena Unified,Napa,28,,,,,,,,0,8,PSA enrollment by grade,k8,21,21,2,1,7.0,9,micro,True,False,private,Active,K-8,foothills-adventist-elementary-school-napa
28662666175384,K12,Napa Valley Unified,Napa,28,,,,,,,,0,12,PSA enrollment by grade,k12,130,90,5,5,13.0,13,established,True,False,private,Active,K-12,k12-napa
28662666912216,Kolbe Academy,Napa Valley Unified,Napa,28,,,,,,,,0,12,PSA enrollment by grade,k12,322,211,19,80,3.3,13,established,True,False,private,Active,K-12,kolbe-academy-napa
28662667098502,Kolbe Academy and Trinity Prep,Napa Valley Unified,Napa,28,,,,,,,,0,12,PSA enrollment by grade,k12,124,90,11,11,5.6,13,established,True,False,private,Active,K-12,kolbe-academy-and-trinity-prep-napa
28662666162218,La Sagrada Familia Catholic International Home School Academy,Napa Valley Unified,Napa,28,,,,,,,,0,12,PSA enrollment by grade,k12,18,13,0,0,,11,micro,True,False,private,Active,K-12,la-sagrada-familia-catholic-international-home-school-academy-napa
28662666976195,Napa Christian Campus of Education,Napa Valley Unified,Napa,28,,,,,,,,0,8,PSA enrollment by grade,k8,83,83,6,1,11.9,9,established,True,False,private,Active,K-8,napa-christian-campus-of-education-napa
28662586976203,Pacific Union College Elementary School,Howell Mountain Elementary,Napa,28,,,,,,,,0,8,PSA enrollment by grade,k8,64,64,3,3,10.7,9,established,True,False,private,Active,K-8,pacific-union-college-elementary-school-napa
28662666976211,St. Apollinaris Elementary School,Napa Valley Unified,Napa,28,,,,,,,,0,8,PSA enrollment by grade,k8,314,314,17,2,16.5,9,established,True,False,private,Active,K-8,st-apollinaris-elementary-school-napa
28662906956833,St. Helena Montessori School,Saint Helena Unified,Napa,28,,,,,,,,0,12,PSA enrollment by grade,k12,160,150,28,5,4.8,13,established,True,False,private,Active,K-12,st-helena-montessori-school-napa
28662666976245,St. John's Lutheran Elementary,Napa Valley Unified,Napa,28,,,,,,,,0,8,PSA enrollment by grade,k8,216,216,10,6,13.5,9,established,True,False,private,Active,K-8,st-john-s-lutheran-elementary-napa
28662666923023,Sunrise Montessori of Napa Valley,Napa Valley Unified,Napa,28,,,,,,,,0,5,PSA enrollment by grade,elementary,40,40,6,2,5.0,6,established,True,False,private,Active,K-5,sunrise-montessori-of-napa-valley-napa
28662667101660,Veritas Christian Academy,Napa Valley Unified,Napa,28,,,,,,,,0,8,PSA enrollment by grade,k8,68,68,7,2,7.6,9,established,True,False,private,Active,K-8,veritas-christian-academy-napa
38684786169445,Académique International Secondaire des Examens et Certifications,San Francisco Unified,San Francisco,38,,,,,,,,8,12,PSA enrollment by grade,middle_high,20,4,8,4,1.7,5,established,True,False,private,Active,8-12,academique-international-secondaire-des-examens-et-certifications-san-francisco
38103896174841,Adaptedmind,San Francisco County Office of Education,San Francisco,38,,,,,,,,6,6,PSA enrollment by grade,middle,12,12,7,5,1.0,1,established,True,False,private,Active,6-6,adaptedmind-san-francisco
38684786930572,Adda Clevenger School,San Francisco Unified,San Francisco,38,,,,,,,,0,8,PSA enrollment by grade,k8,108,108,25,3,3.9,9,established,True,False,private,Active,K-8,adda-clevenger-school-san-francisco
38684786168959,Aloha Micro Academy,San Francisco Unified,San Francisco,38,,,,,,,,0,12,PSA enrollment by grade,k12,480,355,20,10,16.0,13,established,True,False,private,Active,K-12,aloha-micro-academy-san-francisco
38684786172357,Alpha School San Francisco,San Francisco Unified,San Francisco,38,,,,,,,,0,8,PSA enrollment by grade,k8,8,8,4,0,2.0,5,micro,True,False,private,Active,K-8,alpha-school-san-francisco-san-francisco
38684786140099,Alta Vista School,San Francisco Unified,San Francisco,38,,,,,,,,0,8,PSA enrollment by grade,k8,290,290,56,3,4.9,9,established,True,False,private,Active,K-8,alta-vista-school-san-francisco
38684787019417,Arise Educational Center,San Francisco Unified,San Francisco,38,,,,,,,,7,12,PSA enrollment by grade,middle_high,21,3,4,0,5.2,6,micro,True,False,private,Active,7-12,arise-educational-center-san-francisco
38684786206007,Bais Menacham Yeshiva Day School,San Francisco Unified,San Francisco,38,,,,,,,,0,8,PSA enrollment by grade,k8,53,53,1,16,3.1,9,established,True,False,private,Active,K-8,bais-menacham-yeshiva-day-school-san-francisco
38684786170153,Bertrand D Hsu American & Chinese Bicultural Academy,San Francisco Unified,San Francisco,38,,,,,,,,0,8,PSA enrollment by grade,k8,19,19,3,2,3.8,8,micro,True,False,private,Active,K-8,bertrand-d-hsu-american-chinese-bicultural-academy-san-francisco
38684786142079,Brightworks School,San Francisco Unified,San Francisco,38,,,,,,,,0,12,PSA enrollment by grade,k12,70,65,14,1,4.7,12,established,True,False,private,Active,K-12,brightworks-school-san-francisco
38684786965586,Cathedral School for Boys,San Francisco Unified,San Francisco,38,,,,,,,,0,8,PSA enrollment by grade,k8,264,264,41,2,6.1,9,established,True,False,private,Active,K-8,cathedral-school-for-boys-san-francisco
38684787096514,Children's Day School,San Francisco Unified,San Francisco,38,,,,,,,,0,8,PSA enrollment by grade,k8,378,378,65,1,5.7,9,established,True,False,private,Active,K-8,children-s-day-school-san-francisco
38684786168041,Chinese American International School- 19th Ave Campus,San Francisco Unified,San Francisco,38,,,,,,,,0,8,PSA enrollment by grade,k8,464,464,51,1,8.9,9,established,True,False,private,Active,K-8,chinese-american-international-school-19th-ave-campus-san-francisco
38684786158596,"Convent & Stuart Hall, Schools of the Sacred Heart - San Francisco",San Francisco Unified,San Francisco,38,,,,,,,,0,12,PSA enrollment by grade,k12,1231,752,136,1,9.0,13,established,True,False,private,Active,K-12,convent-stuart-hall-schools-of-the-sacred-heart-san-francisco-san-francisco
38684786903165,Cornerstone Academy-Silver Campus,San Francisco Unified,San Francisco,38,,,,,,,,0,3,PSA enrollment by grade,elementary,119,119,9,0,13.2,4,established,True,False,private,Active,K-3,cornerstone-academy-silver-campus-san-francisco
38684786133763,Cornerstone Academy–Cambridge Campus,San Francisco Unified,San Francisco,38,,,,,,,,4,8,PSA enrollment by grade,middle,152,152,10,0,15.2,5,established,True,False,private,Active,4-8,cornerstone-academycambridge-campus-san-francisco
38684787104466,De Marillac Academy,San Francisco Unified,San Francisco,38,,,,,,,,4,8,PSA enrollment by grade,middle,106,106,12,1,8.2,5,established,True,False,private,Active,4-8,de-marillac-academy-san-francisco
38684786158372,Donum Dei Classical Academy,San Francisco Unified,San Francisco,38,,,,,,,,0,8,PSA enrollment by grade,k8,73,73,11,9,3.6,9,established,True,False,private,Active,K-8,donum-dei-classical-academy-san-francisco
38684786170120,Eclipse Academy,San Francisco Unified,San Francisco,38,,,,,,,,3,11,PSA enrollment by grade,middle_high,24,13,2,12,1.7,7,established,True,False,private,Active,3-11,eclipse-academy-san-francisco
38684786981500,Ecole Notre Dame Des Victoires,San Francisco Unified,San Francisco,38,,,,,,,,0,8,PSA enrollment by grade,k8,264,264,21,1,12.0,9,established,True,False,private,Active,K-8,ecole-notre-dame-des-victoires-san-francisco
38684787044605,Eureka Learning Center,San Francisco Unified,San Francisco,38,,,,,,,,0,0,PSA enrollment by grade,elementary,16,16,2,1,5.3,1,micro,True,False,private,Active,K-K,eureka-learning-center-san-francisco
38684786143440,Fusion Academy San Francisco,San Francisco Unified,San Francisco,38,,,,,,,,6,12,PSA enrollment by grade,middle_high,23,3,11,5,1.4,7,established,True,False,private,Active,6-12,fusion-academy-san-francisco-san-francisco
38684786162549,German International School of Silicon Valley,San Francisco Unified,San Francisco,38,,,,,,,,0,8,PSA enrollment by grade,k8,83,83,9,8,4.9,9,established,True,False,private,Active,K-8,german-international-school-of-silicon-valley-san-francisco
38684786174080,Hiba Academy Bay Area,San Francisco Unified,San Francisco,38,,,,,,,,0,1,PSA enrollment by grade,elementary,15,15,3,0,5.0,2,micro,True,False,private,Active,K-1,hiba-academy-bay-area-san-francisco
38684786939607,Hillwood Academic Day,San Francisco Unified,San Francisco,38,,,,,,,,0,8,PSA enrollment by grade,k8,17,17,3,2,3.4,8,micro,True,False,private,Active,K-8,hillwood-academic-day-san-francisco
38684786981278,Holy Name Elementary,San Francisco Unified,San Francisco,38,,,,,,,,0,8,PSA enrollment by grade,k8,373,373,15,7,17.0,9,established,True,False,private,Active,K-8,holy-name-elementary-san-francisco
38103896175269,Idlewild Elementary School,San Francisco County Office of Education,San Francisco,38,,,,,,,,0,12,PSA enrollment by grade,k12,13,9,1,1,6.5,13,homeschool_shaped,False,False,private,Active,K-12,idlewild-elementary-school-san-francisco
38684786174197,Inner Fire Academy,San Francisco Unified,San Francisco,38,,,,,,,,0,5,PSA enrollment by grade,elementary,7,7,2,2,1.8,6,micro,True,False,private,Active,K-5,inner-fire-academy-san-francisco
38684786913123,KZV Armenian School,San Francisco Unified,San Francisco,38,,,,,,,,0,8,PSA enrollment by grade,k8,113,113,21,0,5.4,9,established,True,False,private,Active,K-8,kzv-armenian-school-san-francisco
38684786146344,Kahlon Family Services School,San Francisco Unified,San Francisco,38,,,,,,,,0,5,PSA enrollment by grade,elementary,11,11,3,0,3.7,6,micro,True,False,private,Active,K-5,kahlon-family-services-school-san-francisco
38684786981328,Katherine Delmar Burke School,San Francisco Unified,San Francisco,38,,,,,,,,0,8,PSA enrollment by grade,k8,400,400,61,4,6.2,9,established,True,False,private,Active,K-8,katherine-delmar-burke-school-san-francisco
38684786130090,Katherine Michiels School,San Francisco Unified,San Francisco,38,,,,,,,,0,5,PSA enrollment by grade,elementary,14,14,5,0,2.8,6,micro,True,False,private,Active,K-5,katherine-michiels-school-san-francisco
38684786981336,Kittredge School,San Francisco Unified,San Francisco,38,,,,,,,,0,8,PSA enrollment by grade,k8,50,50,8,3,4.5,8,established,True,False,private,Active,K-8,kittredge-school-san-francisco
38684786144257,La Scuola International School,San Francisco Unified,San Francisco,38,,,,,,,,0,8,PSA enrollment by grade,k8,281,281,67,10,3.6,9,established,True,False,private,Active,K-8,la-scuola-international-school-san-francisco
38684786906176,Lakeside Presbyterian Center for Children,San Francisco Unified,San Francisco,38,,,,,,,,0,0,PSA enrollment by grade,elementary,20,20,8,8,1.2,1,established,True,False,private,Active,K-K,lakeside-presbyterian-center-for-children-san-francisco
38684786981377,Live Oak School,San Francisco Unified,San Francisco,38,,,,,,,,0,8,PSA enrollment by grade,k8,418,418,54,4,7.2,9,established,True,False,private,Active,K-8,live-oak-school-san-francisco
38684786146369,Lycee Francais de San Francisco (Ashbury),San Francisco Unified,San Francisco,38,,,,,,,,0,5,PSA enrollment by grade,elementary,275,275,18,0,15.3,6,established,True,False,private,Active,K-5,lycee-francais-de-san-francisco-ashbury-san-francisco
38684786939664,Lycee Francais de San Francisco (Ortega),San Francisco Unified,San Francisco,38,,,,,,,,6,12,PSA enrollment by grade,middle_high,308,172,40,2,7.3,7,established,True,False,private,Active,6-12,lycee-francais-de-san-francisco-ortega-san-francisco
38103896159537,MEADOWS-LIVINGSTONE SCHOOL,San Francisco County Office of Education,San Francisco,38,,,,,,,,0,6,PSA enrollment by grade,elementary,17,17,2,5,2.4,7,micro,True,False,private,Active,K-6,meadows-livingstone-school-san-francisco-6159537
38684786909600,Meadows-livingstone school,San Francisco Unified,San Francisco,38,,,,,,,,0,5,PSA enrollment by grade,elementary,20,20,2,5,2.9,6,micro,True,False,private,Active,K-5,meadows-livingstone-school-san-francisco-6909600
38684786981716,Mission Dolores Academy,San Francisco Unified,San Francisco,38,,,,,,,,0,8,PSA enrollment by grade,k8,139,139,11,0,12.6,9,established,True,False,private,Active,K-8,mission-dolores-academy-san-francisco
38684786154702,My City School,San Francisco Unified,San Francisco,38,,,,,,,,5,9,PSA enrollment by grade,middle_high,11,10,2,8,1.1,5,established,True,False,private,Active,5-9,my-city-school-san-francisco
38684786981559,Our Lady of the Visitacion Elementary,San Francisco Unified,San Francisco,38,,,,,,,,0,8,PSA enrollment by grade,k8,221,221,10,0,22.1,9,established,True,False,private,Active,K-8,our-lady-of-the-visitacion-elementary-san-francisco
38684786205652,Presidio Hill School,San Francisco Unified,San Francisco,38,,,,,,,,0,8,PSA enrollment by grade,k8,219,219,28,4,6.8,9,established,True,False,private,Active,K-8,presidio-hill-school-san-francisco
38684786144034,Presidio Knolls School,San Francisco Unified,San Francisco,38,,,,,,,,0,8,PSA enrollment by grade,k8,303,303,86,18,2.9,9,established,True,False,private,Active,K-8,presidio-knolls-school-san-francisco
38684786150254,Proof School,San Francisco Unified,San Francisco,38,,,,,,,,6,12,PSA enrollment by grade,middle_high,129,57,22,1,5.6,7,established,True,False,private,Active,6-12,proof-school-san-francisco
38684786140974,Red Bridge,San Francisco Unified,San Francisco,38,,,,,,,,0,7,PSA enrollment by grade,k8,72,72,10,2,6.0,8,established,True,False,private,Active,K-7,red-bridge-san-francisco
38684786981682,Saint Brigid Academy,San Francisco Unified,San Francisco,38,,,,,,,,0,8,PSA enrollment by grade,k8,43,43,9,0,4.8,9,established,True,False,private,Active,K-8,saint-brigid-academy-san-francisco
38684786980585,Saint Monica School,San Francisco Unified,San Francisco,38,,,,,,,,0,8,PSA enrollment by grade,k8,135,135,10,1,12.3,9,established,True,False,private,Active,K-8,saint-monica-school-san-francisco
38684786980692,San Francisco Christian School,San Francisco Unified,San Francisco,38,,,,,,,,0,12,PSA enrollment by grade,k12,251,195,14,4,13.9,13,established,True,False,private,Active,K-12,san-francisco-christian-school-san-francisco
38684786915748,San Francisco Day School,San Francisco Unified,San Francisco,38,,,,,,,,0,8,PSA enrollment by grade,k8,462,462,68,2,6.6,9,established,True,False,private,Active,K-8,san-francisco-day-school-san-francisco
38684786204762,San Francisco Friends School,San Francisco Unified,San Francisco,38,,,,,,,,0,8,PSA enrollment by grade,k8,414,414,58,6,6.5,9,established,True,False,private,Active,K-8,san-francisco-friends-school-san-francisco
38684786158539,San Francisco Islamic School,San Francisco Unified,San Francisco,38,,,,,,,,0,8,PSA enrollment by grade,k8,84,84,6,4,8.4,9,established,True,False,private,Active,K-8,san-francisco-islamic-school-san-francisco
38684786146054,San Francisco Pacific Academy,San Francisco Unified,San Francisco,38,,,,,,,,0,6,PSA enrollment by grade,elementary,53,53,9,2,4.8,7,established,True,False,private,Active,K-6,san-francisco-pacific-academy-san-francisco
38684786980726,"San Francisco School, The",San Francisco Unified,San Francisco,38,,,,,,,,0,8,PSA enrollment by grade,k8,240,240,44,9,4.5,9,established,True,False,private,Active,K-8,san-francisco-school-the-san-francisco
38684786143952,San Francisco Schoolhouse,San Francisco Unified,San Francisco,38,,,,,,,,0,8,PSA enrollment by grade,k8,114,114,17,2,6.0,9,established,True,False,private,Active,K-8,san-francisco-schoolhouse-san-francisco
38684786907927,San Francisco Waldorf School,San Francisco Unified,San Francisco,38,,,,,,,,0,12,PSA enrollment by grade,k12,290,172,55,74,2.2,13,established,True,False,private,Active,K-12,san-francisco-waldorf-school-san-francisco
38684786980734,School of the Epiphany,San Francisco Unified,San Francisco,38,,,,,,,,0,8,PSA enrollment by grade,k8,131,131,8,0,16.4,9,established,True,False,private,Active,K-8,school-of-the-epiphany-san-francisco
38684786981658,St. Anne School,San Francisco Unified,San Francisco,38,,,,,,,,0,8,PSA enrollment by grade,k8,213,213,19,12,6.9,9,established,True,False,private,Active,K-8,st-anne-school-san-francisco
38684786981666,St. Anthony–Immaculate Conception,San Francisco Unified,San Francisco,38,,,,,,,,0,8,PSA enrollment by grade,k8,131,131,9,0,14.6,9,established,True,False,private,Active,K-8,st-anthonyimmaculate-conception-san-francisco
38684786981674,St. Brendan Elementary,San Francisco Unified,San Francisco,38,,,,,,,,0,8,PSA enrollment by grade,k8,277,277,16,2,15.4,9,established,True,False,private,Active,K-8,st-brendan-elementary-san-francisco
38684786981690,St. Cecilia Elementary,San Francisco Unified,San Francisco,38,,,,,,,,0,8,PSA enrollment by grade,k8,471,471,26,0,18.1,9,established,True,False,private,Active,K-8,st-cecilia-elementary-san-francisco
38684786981740,St. Finn Barr Catholic School,San Francisco Unified,San Francisco,38,,,,,,,,0,8,PSA enrollment by grade,k8,184,184,12,0,15.3,9,established,True,False,private,Active,K-8,st-finn-barr-catholic-school-san-francisco
38684786981765,St. Gabriel Elementary School,San Francisco Unified,San Francisco,38,,,,,,,,0,8,PSA enrollment by grade,k8,504,504,29,2,16.3,9,established,True,False,private,Active,K-8,st-gabriel-elementary-school-san-francisco
38684786139893,St. John the Evangelist,San Francisco Unified,San Francisco,38,,,,,,,,0,8,PSA enrollment by grade,k8,146,146,15,4,7.7,9,established,True,False,private,Active,K-8,st-john-the-evangelist-san-francisco
38684786980601,St. Paul's,San Francisco Unified,San Francisco,38,,,,,,,,0,8,PSA enrollment by grade,k8,162,162,10,2,13.5,9,established,True,False,private,Active,K-8,st-paul-s-san-francisco
38684786980619,St. Peter's School,San Francisco Unified,San Francisco,38,,,,,,,,0,8,PSA enrollment by grade,k8,163,163,9,0,18.1,9,established,True,False,private,Active,K-8,st-peter-s-school-san-francisco
38684786980627,St. Philip School,San Francisco Unified,San Francisco,38,,,,,,,,0,8,PSA enrollment by grade,k8,216,216,15,7,9.8,9,established,True,False,private,Active,K-8,st-philip-school-san-francisco
38684786980643,St. Stephen School,San Francisco Unified,San Francisco,38,,,,,,,,0,8,PSA enrollment by grade,k8,226,226,12,3,15.1,9,established,True,False,private,Active,K-8,st-stephen-school-san-francisco
38684786980650,St. Thomas More,San Francisco Unified,San Francisco,38,,,,,,,,0,8,PSA enrollment by grade,k8,254,254,13,4,14.9,9,established,True,False,private,Active,K-8,st-thomas-more-san-francisco
38684786980676,St. Vincent de Paul School,San Francisco Unified,San Francisco,38,,,,,,,,0,8,PSA enrollment by grade,k8,231,231,10,7,13.6,9,established,True,False,private,Active,K-8,st-vincent-de-paul-school-san-francisco
38684786162598,Stella Maris Academy,San Francisco Unified,San Francisco,38,,,,,,,,0,8,PSA enrollment by grade,k8,77,77,10,0,7.7,9,established,True,False,private,Active,K-8,stella-maris-academy-san-francisco
38684786999379,Sterne School,San Francisco Unified,San Francisco,38,,,,,,,,4,12,PSA enrollment by grade,middle_high,175,77,25,0,7.0,9,established,True,False,private,Active,4-12,sterne-school-san-francisco
38684786135651,Stratford School,San Francisco Unified,San Francisco,38,,,,,,,,0,5,PSA enrollment by grade,elementary,132,132,13,2,8.8,6,established,True,False,private,Active,K-5,stratford-school-san-francisco-6135651
38684786159156,Stratford School,San Francisco Unified,San Francisco,38,,,,,,,,0,5,PSA enrollment by grade,elementary,86,86,16,5,4.1,6,established,True,False,private,Active,K-5,stratford-school-san-francisco-6159156
38684786156640,Stratford School San Francisco,San Francisco Unified,San Francisco,38,,,,,,,,6,8,PSA enrollment by grade,middle,111,111,10,3,8.5,3,established,True,False,private,Active,6-8,stratford-school-san-francisco-san-francisco
38684786980684,Sts. Peter and Paul Elementary,San Francisco Unified,San Francisco,38,,,,,,,,0,8,PSA enrollment by grade,k8,172,172,13,4,10.1,9,established,True,False,private,Active,K-8,sts-peter-and-paul-elementary-san-francisco
38684786905913,Synergy School,San Francisco Unified,San Francisco,38,,,,,,,,0,8,PSA enrollment by grade,k8,186,186,14,9,8.1,9,established,True,False,private,Active,K-8,synergy-school-san-francisco
38684786161921,TCS,San Francisco Unified,San Francisco,38,,,,,,,,3,12,PSA enrollment by grade,middle_high,16,7,35,0,0.5,9,established,True,False,private,Active,3-12,tcs-san-francisco
38684786169163,Terra San Francisco School,San Francisco Unified,San Francisco,38,,,,,,,,0,3,PSA enrollment by grade,elementary,34,34,8,0,4.2,4,established,True,False,private,Active,K-3,terra-san-francisco-school-san-francisco
38684786152565,The Brandeis School of San Francisco,San Francisco Unified,San Francisco,38,,,,,,,,0,8,PSA enrollment by grade,k8,378,378,48,7,6.9,9,established,True,False,private,Active,K-8,the-brandeis-school-of-san-francisco-san-francisco
38684786981195,The International School of San Francisco,San Francisco Unified,San Francisco,38,,,,,,,,0,12,PSA enrollment by grade,k12,934,577,115,15,7.2,13,established,True,False,private,Active,K-12,the-international-school-of-san-francisco-san-francisco
38684786170989,The Neos Bayview Academy,San Francisco Unified,San Francisco,38,,,,,,,,0,5,PSA enrollment by grade,elementary,16,16,2,1,5.3,6,micro,True,False,private,Active,K-5,the-neos-bayview-academy-san-francisco
38684786980833,Town School for Boys,San Francisco Unified,San Francisco,38,,,,,,,,0,8,PSA enrollment by grade,k8,427,427,65,9,5.8,9,established,True,False,private,Active,K-8,town-school-for-boys-san-francisco
38684786174122,Urban Student Athlete Development Academy,San Francisco Unified,San Francisco,38,,,,,,,,6,8,PSA enrollment by grade,middle,23,23,0,0,,3,micro,True,False,private,Active,6-8,urban-student-athlete-development-academy-san-francisco
38684786174940,Wagner Learning Academy,San Francisco Unified,San Francisco,38,,,,,,,,7,7,PSA enrollment by grade,middle,14,14,1,1,7.0,1,homeschool_shaped,False,False,private,Active,7-7,wagner-learning-academy-san-francisco
38684786980874,West Portal Lutheran School,San Francisco Unified,San Francisco,38,,,,,,,,0,8,PSA enrollment by grade,k8,382,382,22,2,15.9,9,established,True,False,private,Active,K-8,west-portal-lutheran-school-san-francisco
38684786980890,Zion Lutheran School,San Francisco Unified,San Francisco,38,,,,,,,,0,8,PSA enrollment by grade,k8,154,154,13,2,10.3,9,established,True,False,private,Active,K-8,zion-lutheran-school-san-francisco
41690056165781,Acton Academy Silicon Valley,Redwood City Elementary,San Mateo,41,,,,,,,,0,8,PSA enrollment by grade,k8,49,49,5,2,7.0,9,micro,True,False,private,Active,K-8,acton-academy-silicon-valley-san-mateo
41690706978498,All Souls Catholic Elementary,South San Francisco Unified,San Mateo,41,,,,,,,,0,8,PSA enrollment by grade,k8,202,202,10,5,13.5,9,established,True,False,private,Active,K-8,all-souls-catholic-elementary-san-mateo
41689997016009,Beechwood School,Ravenswood City Elementary,San Mateo,41,,,,,,,,0,8,PSA enrollment by grade,k8,156,156,17,4,7.4,9,established,True,False,private,Active,K-8,beechwood-school-san-mateo
41688666978530,Belmont Oaks Academy,Belmont-Redwood Shores Elementary,San Mateo,41,,,,,,,,0,5,PSA enrollment by grade,elementary,236,236,22,2,9.8,6,established,True,False,private,Active,K-5,belmont-oaks-academy-san-mateo
41688666174155,"Butterfly Grove School, Inc.",Belmont-Redwood Shores Elementary,San Mateo,41,,,,,,,,0,0,PSA enrollment by grade,elementary,7,7,4,0,1.8,1,micro,True,False,private,Active,K-K,butterfly-grove-school-inc-san-mateo
41690396146781,Centennial Montessori School,San Mateo-Foster City,San Mateo,41,,,,,,,,1,6,PSA enrollment by grade,elementary,39,39,5,0,7.8,6,micro,True,False,private,Active,1-6,centennial-montessori-school-san-mateo
41688666940043,Charles Armstrong School,Belmont-Redwood Shores Elementary,San Mateo,41,,,,,,,,2,8,PSA enrollment by grade,k8,203,203,50,1,4.0,7,established,True,False,private,Active,2-8,charles-armstrong-school-san-mateo
41688666154538,Crystal Springs Uplands School-Middle School Campus,Belmont-Redwood Shores Elementary,San Mateo,41,,,,,,,,6,8,PSA enrollment by grade,middle,220,220,22,2,9.2,3,established,True,False,private,Active,6-8,crystal-springs-uplands-school-middle-school-campus-san-mateo
41690396978886,Episcopal Day School of St. Matthew,San Mateo-Foster City,San Mateo,41,,,,,,,,0,8,PSA enrollment by grade,k8,263,263,48,7,4.8,9,established,True,False,private,Active,K-8,episcopal-day-school-of-st-matthew-san-mateo
41690476142491,Fusion Academy San Mateo,San Mateo Union High,San Mateo,41,,,,,,,,6,12,PSA enrollment by grade,middle_high,26,5,15,5,1.3,7,established,True,False,private,Active,6-12,fusion-academy-san-mateo-san-mateo
41690476148084,Fusion Academy San Mateo-Foster City,San Mateo Union High,San Mateo,41,,,,,,,,6,12,PSA enrollment by grade,middle_high,14,3,8,4,1.2,6,established,True,False,private,Active,6-12,fusion-academy-san-mateo-foster-city-san-mateo
41690396155329,Genius Learning,San Mateo-Foster City,San Mateo,41,,,,,,,,0,1,PSA enrollment by grade,elementary,20,20,2,0,10.0,2,micro,True,False,private,Active,K-1,genius-learning-san-mateo
41689326978621,Good Shepherd School,Pacifica,San Mateo,41,,,,,,,,0,8,PSA enrollment by grade,k8,238,238,10,5,15.9,9,established,True,False,private,Active,K-8,good-shepherd-school-san-mateo
41689166174759,Gravitas,Jefferson Elementary,San Mateo,41,,,,,,,,0,5,PSA enrollment by grade,elementary,6,6,1,0,6.0,6,homeschool_shaped,False,False,private,Active,K-5,gravitas-san-mateo
41690056168868,Harper School,Redwood City Elementary,San Mateo,41,,,,,,,,0,2,PSA enrollment by grade,elementary,19,19,3,1,4.8,3,micro,True,False,private,Active,K-2,harper-school-san-mateo
41690136990865,Highlands Christian Schools,San Bruno Park Elementary,San Mateo,41,,,,,,,,0,8,PSA enrollment by grade,k8,283,283,20,0,14.2,9,established,True,False,private,Active,K-8,highlands-christian-schools-san-mateo
41689166978647,Hilldale School,Jefferson Elementary,San Mateo,41,,,,,,,,0,8,PSA enrollment by grade,k8,158,158,17,1,8.8,9,established,True,False,private,Active,K-8,hilldale-school-san-mateo
41690706202816,Hillside Christian Academy,South San Francisco Unified,San Mateo,41,,,,,,,,0,9,PSA enrollment by grade,k12,22,18,5,0,4.4,10,micro,True,False,private,Active,K-9,hillside-christian-academy-san-mateo
41690057103633,Holy Family School of St. Francis Center,Redwood City Elementary,San Mateo,41,,,,,,,,3,6,PSA enrollment by grade,elementary,23,23,3,2,4.6,2,micro,True,False,private,Active,3-6,holy-family-school-of-st-francis-center-san-mateo
41688666978662,Immaculate Heart of Mary School,Belmont-Redwood Shores Elementary,San Mateo,41,,,,,,,,0,8,PSA enrollment by grade,k8,64,64,9,4,4.9,9,established,True,False,private,Active,K-8,immaculate-heart-of-mary-school-san-mateo
41690397057433,Kids' Connection,San Mateo-Foster City,San Mateo,41,,,,,,,,0,5,PSA enrollment by grade,elementary,158,158,13,0,12.2,6,established,True,False,private,Active,K-5,kids-connection-san-mateo
41690056130009,LEARN Academy- Creative Learning Center,Redwood City Elementary,San Mateo,41,,,,,,,,3,12,PSA enrollment by grade,middle_high,43,22,6,5,3.9,10,established,True,False,private,Active,3-12,learn-academy-creative-learning-center-san-mateo
41690626940118,Menlo,Sequoia Union High,San Mateo,41,,,,,,,,6,12,PSA enrollment by grade,middle_high,820,215,90,8,8.4,7,established,True,False,private,Active,6-12,menlo-san-mateo
41690626165229,MiaPrep Online High School,Sequoia Union High,San Mateo,41,,,,,,,,7,12,PSA enrollment by grade,middle_high,709,46,11,6,41.7,6,established,True,False,private,Active,7-12,miaprep-online-high-school-san-mateo
41688666978704,Notre Dame Elementary,Belmont-Redwood Shores Elementary,San Mateo,41,,,,,,,,0,8,PSA enrollment by grade,k8,224,224,15,3,12.4,9,established,True,False,private,Active,K-8,notre-dame-elementary-san-mateo
41690397096357,Odyssey School,San Mateo-Foster City,San Mateo,41,,,,,,,,6,8,PSA enrollment by grade,middle,55,55,7,4,5.0,3,established,True,False,private,Active,6-8,odyssey-school-san-mateo
41689996154504,Open Mind School,Ravenswood City Elementary,San Mateo,41,,,,,,,,0,12,PSA enrollment by grade,k12,32,23,4,0,8.0,10,micro,True,False,private,Active,K-12,open-mind-school-san-mateo
41688826978720,Our Lady of Angels Elementary,Burlingame Elementary,San Mateo,41,,,,,,,,0,8,PSA enrollment by grade,k8,294,294,14,5,15.5,9,established,True,False,private,Active,K-8,our-lady-of-angels-elementary-san-mateo
41689166978738,Our Lady of Mercy Elementary,Jefferson Elementary,San Mateo,41,,,,,,,,0,8,PSA enrollment by grade,k8,237,237,12,5,13.9,9,established,True,False,private,Active,K-8,our-lady-of-mercy-elementary-san-mateo
41690056978746,Our Lady of Mt. Carmel,Redwood City Elementary,San Mateo,41,,,,,,,,0,8,PSA enrollment by grade,k8,189,189,13,4,11.1,9,established,True,False,private,Active,K-8,our-lady-of-mt-carmel-san-mateo
41689166966139,Our Lady of Perpetual Help School,Jefferson Elementary,San Mateo,41,,,,,,,,0,8,PSA enrollment by grade,k8,104,104,6,0,17.3,9,established,True,False,private,Active,K-8,our-lady-of-perpetual-help-school-san-mateo
41688906168561,Our Lady of the Pillar Academy,Cabrillo Unified,San Mateo,41,,,,,,,,0,7,PSA enrollment by grade,k8,26,26,4,2,4.3,8,micro,True,False,private,Active,K-7,our-lady-of-the-pillar-academy-san-mateo
41689576904122,PHILLIPS BROOKS SCHOOL,Las Lomitas Elementary,San Mateo,41,,,,,,,,0,5,PSA enrollment by grade,elementary,239,239,39,3,5.7,6,established,True,False,private,Active,K-5,phillips-brooks-school-san-mateo
41689326978506,Pacific Bay Christian School,Pacifica,San Mateo,41,,,,,,,,6,12,PSA enrollment by grade,middle_high,137,54,12,3,9.1,7,established,True,False,private,Active,6-12,pacific-bay-christian-school-san-mateo
41690396165260,Pacific Rim International Middle/High School,San Mateo-Foster City,San Mateo,41,,,,,,,,6,12,PSA enrollment by grade,middle_high,6,5,4,0,1.5,3,micro,True,False,private,Active,6-12,pacific-rim-international-middle-high-school-san-mateo
41690396132781,Pacific Rim International School,San Mateo-Foster City,San Mateo,41,,,,,,,,0,4,PSA enrollment by grade,elementary,7,7,13,0,0.5,4,established,True,False,private,Active,K-4,pacific-rim-international-school-san-mateo
41689656978753,"Peninsula School, Ltd",Menlo Park City Elementary,San Mateo,41,,,,,,,,0,8,PSA enrollment by grade,k8,172,172,28,3,5.5,9,established,True,False,private,Active,K-8,peninsula-school-ltd-san-mateo
41690056978787,Redeemer Lutheran School,Redwood City Elementary,San Mateo,41,,,,,,,,0,8,PSA enrollment by grade,k8,134,134,10,1,12.2,9,established,True,False,private,Active,K-8,redeemer-lutheran-school-san-mateo
41690626940159,"Sacred Heart Schools, Atherton",Sequoia Union High,San Mateo,41,,,,,,,,0,12,PSA enrollment by grade,k12,1129,510,161,4,6.8,13,established,True,False,private,Active,K-12,sacred-heart-schools-atherton-san-mateo
41688907093735,Sea Crest School,Cabrillo Unified,San Mateo,41,,,,,,,,0,8,PSA enrollment by grade,k8,290,290,29,0,10.0,9,established,True,False,private,Active,K-8,sea-crest-school-san-mateo
41688666204606,Serendipity School,Belmont-Redwood Shores Elementary,San Mateo,41,,,,,,,,0,5,PSA enrollment by grade,elementary,137,137,15,2,8.1,6,established,True,False,private,Active,K-5,serendipity-school-san-mateo
41689240128827,Spectrum Center Peninsula Campus,Jefferson Union High,San Mateo,41,,,,,,,,1,12,PSA enrollment by grade,k12,39,16,6,0,6.5,10,micro,True,False,private,Active,1-12,spectrum-center-peninsula-campus-san-mateo
41690396978852,St Gregory,San Mateo-Foster City,San Mateo,41,,,,,,,,0,8,PSA enrollment by grade,k8,304,304,12,3,20.3,9,established,True,False,private,Active,K-8,st-gregory-san-mateo
41688826978811,St. Catherine of Siena Elementary,Burlingame Elementary,San Mateo,41,,,,,,,,0,8,PSA enrollment by grade,k8,299,299,13,4,17.6,9,established,True,False,private,Active,K-8,st-catherine-of-siena-elementary-san-mateo
41690216978829,St. Charles Elementary,San Carlos Elementary,San Mateo,41,,,,,,,,0,8,PSA enrollment by grade,k8,251,251,12,5,14.8,9,established,True,False,private,Active,K-8,st-charles-elementary-san-mateo
41689736978837,St. Dunstan School,Millbrae Elementary,San Mateo,41,,,,,,,,0,8,PSA enrollment by grade,k8,253,253,13,8,12.0,9,established,True,False,private,Active,K-8,st-dunstan-school-san-mateo
41690396978878,St. Matthew Catholic,San Mateo-Foster City,San Mateo,41,,,,,,,,0,8,PSA enrollment by grade,k8,598,598,25,20,13.3,9,established,True,False,private,Active,K-8,st-matthew-catholic-san-mateo
41690056978894,St. Pius Elementary,Redwood City Elementary,San Mateo,41,,,,,,,,0,8,PSA enrollment by grade,k8,135,135,12,3,9.0,9,established,True,False,private,Active,K-8,st-pius-elementary-san-mateo
41689656978902,St. Raymond School,Menlo Park City Elementary,San Mateo,41,,,,,,,,0,8,PSA enrollment by grade,k8,230,230,26,1,8.5,9,established,True,False,private,Active,K-8,st-raymond-school-san-mateo
41690136978910,St. Robert,San Bruno Park Elementary,San Mateo,41,,,,,,,,0,8,PSA enrollment by grade,k8,305,305,18,6,12.7,9,established,True,False,private,Active,K-8,st-robert-san-mateo
41690396978928,St. Timothy School,San Mateo-Foster City,San Mateo,41,,,,,,,,0,8,PSA enrollment by grade,k8,161,161,10,0,16.1,9,established,True,False,private,Active,K-8,st-timothy-school-san-mateo
41690706978936,St. Veronica Catholic School,South San Francisco Unified,San Mateo,41,,,,,,,,0,8,PSA enrollment by grade,k8,128,128,9,6,8.5,9,established,True,False,private,Active,K-8,st-veronica-catholic-school-san-mateo
41690706173934,Stag Academy,South San Francisco Unified,San Mateo,41,,,,,,,,6,8,PSA enrollment by grade,middle,26,26,0,0,,3,micro,True,False,private,Active,6-8,stag-academy-san-mateo
41690476940662,Stanbridge Academy,San Mateo Union High,San Mateo,41,,,,,,,,1,12,PSA enrollment by grade,k12,80,41,20,0,4.0,12,established,True,False,private,Active,1-12,stanbridge-academy-san-mateo
41690626133052,Stanford Online High School,Sequoia Union High,San Mateo,41,,,,,,,,7,12,PSA enrollment by grade,middle_high,467,91,61,21,5.7,6,established,True,False,private,Active,7-12,stanford-online-high-school-san-mateo
41690136149967,Stratford School Crestmoor Canyon San Bruno,San Bruno Park Elementary,San Mateo,41,,,,,,,,0,5,PSA enrollment by grade,elementary,232,232,23,0,10.1,6,established,True,False,private,Active,K-5,stratford-school-crestmoor-canyon-san-bruno-san-mateo
41690056137699,Synapse School,Redwood City Elementary,San Mateo,41,,,,,,,,0,8,PSA enrollment by grade,k8,352,352,60,4,5.5,9,established,True,False,private,Active,K-8,synapse-school-san-mateo
41690056172969,THE APEX PREPARATORY ACADEMY,Redwood City Elementary,San Mateo,41,,,,,,,,0,8,PSA enrollment by grade,k8,35,35,6,1,5.0,9,micro,True,False,private,Active,K-8,the-apex-preparatory-academy-san-mateo
41690470112995,The Avalon Academy,San Mateo Union High,San Mateo,41,,,,,,,,2,12,PSA enrollment by grade,k12,18,12,3,0,6.0,8,micro,True,False,private,Active,2-12,the-avalon-academy-san-mateo
41689087031446,The Bridge School,Hillsborough City Elementary,San Mateo,41,,,,,,,,1,5,PSA enrollment by grade,elementary,6,6,2,0,3.0,4,homeschool_shaped,False,False,private,Active,1-5,the-bridge-school-san-mateo
41690396154355,The Burkard School,San Mateo-Foster City,San Mateo,41,,,,,,,,0,8,PSA enrollment by grade,k8,39,39,12,0,3.2,9,established,True,False,private,Active,K-8,the-burkard-school-san-mateo
41690396978597,The Carey School,San Mateo-Foster City,San Mateo,41,,,,,,,,0,5,PSA enrollment by grade,elementary,256,256,36,1,6.9,6,established,True,False,private,Active,K-5,the-carey-school-san-mateo
41104136978712,The Nueva School,San Mateo County Office of Education,San Mateo,41,,,,,,,,0,12,PSA enrollment by grade,k12,952,502,152,22,5.5,13,established,True,False,private,Active,K-12,the-nueva-school-san-mateo
41689996154363,The Primary School - East Palo Alto,Ravenswood City Elementary,San Mateo,41,,,,,,,,0,8,PSA enrollment by grade,k8,309,309,26,3,10.7,9,established,True,False,private,Active,K-8,the-primary-school-east-palo-alto-san-mateo
41689576965602,Trinity School,Las Lomitas Elementary,San Mateo,41,,,,,,,,0,5,PSA enrollment by grade,elementary,103,103,15,0,6.9,6,established,True,False,private,Active,K-5,trinity-school-san-mateo
41690396138192,"UP ACADEMY, INC.",San Mateo-Foster City,San Mateo,41,,,,,,,,0,4,PSA enrollment by grade,elementary,25,25,3,3,4.2,5,micro,True,False,private,Active,K-4,up-academy-inc-san-mateo
41688906140800,Wilkinson School,Cabrillo Unified,San Mateo,41,,,,,,,,0,8,PSA enrollment by grade,k8,23,23,4,1,4.6,9,micro,True,False,private,Active,K-8,wilkinson-school-san-mateo
41690136204002,Wings Learning Center,San Bruno Park Elementary,San Mateo,41,,,,,,,,4,12,PSA enrollment by grade,middle_high,23,7,4,0,5.8,9,micro,True,False,private,Active,4-12,wings-learning-center-san-mateo
41689576915185,Woodland,Las Lomitas Elementary,San Mateo,41,,,,,,,,0,8,PSA enrollment by grade,k8,290,290,42,2,6.6,9,established,True,False,private,Active,K-8,woodland-san-mateo
41690626940217,Woodside Priory,Sequoia Union High,San Mateo,41,,,,,,,,6,12,PSA enrollment by grade,middle_high,436,118,47,4,8.5,7,established,True,False,private,Active,6-12,woodside-priory-san-mateo
43696416979405,"Achieve, Inc.",Palo Alto Unified,Santa Clara,43,,,,,,,,1,12,PSA enrollment by grade,k12,46,23,9,0,5.1,12,established,True,False,private,Active,1-12,achieve-inc-santa-clara
43694276908222,AchieveKids,East Side Union High,Santa Clara,43,,,,,,,,1,12,PSA enrollment by grade,k12,36,17,6,0,6.0,11,micro,True,False,private,Active,1-12,achievekids-santa-clara
43695756998058,Action Day Elementary School,Moreland,Santa Clara,43,,,,,,,,0,4,PSA enrollment by grade,elementary,146,146,14,0,10.4,5,established,True,False,private,Active,K-4,action-day-elementary-school-santa-clara
43695756131965,Action Day Middle School,Moreland,Santa Clara,43,,,,,,,,5,8,PSA enrollment by grade,middle,116,116,11,2,8.9,4,established,True,False,private,Active,5-8,action-day-middle-school-santa-clara
43104396172886,African Ancestry Museum and Educational Center of Silicon Valley,Santa Clara County Office of Education,Santa Clara,43,,,,,,,,8,8,PSA enrollment by grade,middle,9,9,1,0,9.0,1,homeschool_shaped,False,False,private,Active,8-8,african-ancestry-museum-and-educational-center-of-silicon-valley-santa-clara
43696746171664,Akselin School,Santa Clara Unified,Santa Clara,43,,,,,,,,0,12,PSA enrollment by grade,k12,167,71,8,24,5.2,12,established,True,False,private,Active,K-12,akselin-school-santa-clara
43696666924997,Almaden Country Day School,San Jose Unified,Santa Clara,43,,,,,,,,0,8,PSA enrollment by grade,k8,385,385,71,2,5.3,9,established,True,False,private,Active,K-8,almaden-country-day-school-santa-clara
43696257027733,Apostles Lutheran,Oak Grove Elementary,Santa Clara,43,,,,,,,,0,12,PSA enrollment by grade,k12,220,160,17,3,11.0,13,established,True,False,private,Active,K-12,apostles-lutheran-santa-clara
43695756137665,As-Safa Institute/As-Safa Academy,Moreland,Santa Clara,43,,,,,,,,0,9,PSA enrollment by grade,k12,43,41,7,3,4.3,10,established,True,False,private,Active,K-9,as-safa-institute-as-safa-academy-santa-clara
43696416144596,Athena Academy,Palo Alto Unified,Santa Clara,43,,,,,,,,1,8,PSA enrollment by grade,k8,48,48,9,5,3.4,8,established,True,False,private,Active,1-8,athena-academy-santa-clara
43696666148225,BASIS Independent Silicon Valley,San Jose Unified,Santa Clara,43,,,,,,,,6,12,PSA enrollment by grade,middle_high,827,390,68,0,12.2,7,established,True,False,private,Active,6-12,basis-independent-silicon-valley-santa-clara
43696746165286,BASIS Independent Silicon Valley Lower,Santa Clara Unified,Santa Clara,43,,,,,,,,0,5,PSA enrollment by grade,elementary,438,438,46,0,9.5,6,established,True,False,private,Active,K-5,basis-independent-silicon-valley-lower-santa-clara
43696666174189,BFC Village Academy,San Jose Unified,Santa Clara,43,,,,,,,,4,10,PSA enrollment by grade,middle_high,7,5,1,0,7.0,7,homeschool_shaped,False,False,private,Active,4-10,bfc-village-academy-santa-clara
43694016940365,Beacon,Campbell Union High,Santa Clara,43,,,,,,,,7,12,PSA enrollment by grade,middle_high,24,6,3,0,8.0,6,micro,True,False,private,Active,7-12,beacon-santa-clara
43696417089956,Bowman School,Palo Alto Unified,Santa Clara,43,,,,,,,,0,11,PSA enrollment by grade,k12,258,246,68,5,3.5,12,established,True,False,private,Active,K-11,bowman-school-santa-clara
43696746171144,Brains Academy,Santa Clara Unified,Santa Clara,43,,,,,,,,0,12,PSA enrollment by grade,k12,131,70,4,36,3.3,11,established,True,False,private,Active,K-12,brains-academy-santa-clara
43696666141881,Calvary Christian Academy,San Jose Unified,Santa Clara,43,,,,,,,,0,12,PSA enrollment by grade,k12,205,160,9,29,5.4,13,established,True,False,private,Active,K-12,calvary-christian-academy-santa-clara
43696666137707,Cambrian Academy,San Jose Unified,Santa Clara,43,,,,,,,,6,12,PSA enrollment by grade,middle_high,66,15,3,4,9.4,7,established,True,False,private,Active,6-12,cambrian-academy-santa-clara
43695756908099,Campbell Christian Schools,Moreland,Santa Clara,43,,,,,,,,0,8,PSA enrollment by grade,k8,256,256,17,6,11.1,9,established,True,False,private,Active,K-8,campbell-christian-schools-santa-clara
43695186996250,Canterbury Christian School,Los Altos Elementary,Santa Clara,43,,,,,,,,0,6,PSA enrollment by grade,elementary,88,88,8,5,6.8,7,established,True,False,private,Active,K-6,canterbury-christian-school-santa-clara
43693937104037,Canyon Heights Academy,Campbell Union,Santa Clara,43,,,,,,,,0,8,PSA enrollment by grade,k8,159,159,23,4,5.9,9,established,True,False,private,Active,K-8,canyon-heights-academy-santa-clara
43693857077639,Casa di Mir Montessori Elementary School,Cambrian,Santa Clara,43,,,,,,,,0,8,PSA enrollment by grade,k8,117,117,18,4,5.3,9,established,True,False,private,Active,K-8,casa-di-mir-montessori-elementary-school-santa-clara
43697086132054,Challenger - Harwood,Union Elementary,Santa Clara,43,,,,,,,,0,5,PSA enrollment by grade,elementary,119,119,8,0,14.9,6,established,True,False,private,Active,K-5,challenger-harwood-santa-clara
43696667098270,Challenger School - Almaden,San Jose Unified,Santa Clara,43,,,,,,,,0,8,PSA enrollment by grade,k8,232,232,16,0,14.5,9,established,True,False,private,Active,K-8,challenger-school-almaden-santa-clara
43696337098288,Challenger School - Berryessa,Orchard Elementary,Santa Clara,43,,,,,,,,0,8,PSA enrollment by grade,k8,622,622,32,0,19.4,9,established,True,False,private,Active,K-8,challenger-school-berryessa-santa-clara
43696417099344,Challenger School - Middlefield,Palo Alto Unified,Santa Clara,43,,,,,,,,0,8,PSA enrollment by grade,k8,383,383,19,0,20.2,9,established,True,False,private,Active,K-8,challenger-school-middlefield-santa-clara
43695756142517,Challenger School - Saratoga,Moreland,Santa Clara,43,,,,,,,,0,0,PSA enrollment by grade,elementary,18,18,2,0,9.0,1,micro,True,False,private,Active,K-K,challenger-school-saratoga-santa-clara
43696256131973,Challenger School - Shawnee,Oak Grove Elementary,Santa Clara,43,,,,,,,,0,8,PSA enrollment by grade,k8,221,221,12,0,18.4,9,established,True,False,private,Active,K-8,challenger-school-shawnee-santa-clara
43695757103385,Challenger School - Strawberry Park,Moreland,Santa Clara,43,,,,,,,,0,8,PSA enrollment by grade,k8,493,493,27,0,18.3,9,established,True,False,private,Active,K-8,challenger-school-strawberry-park-santa-clara
43696907083058,Challenger School - Sunnyvale,Sunnyvale,Santa Clara,43,,,,,,,,0,8,PSA enrollment by grade,k8,355,355,21,0,16.9,9,established,True,False,private,Active,K-8,challenger-school-sunnyvale-santa-clara
43695836172340,Colossians 1:10 Academy,Morgan Hill Unified,Santa Clara,43,,,,,,,,2,11,PSA enrollment by grade,k12,6,3,1,0,6.0,5,homeschool_shaped,False,False,private,Active,2-11,colossians-1-10-academy-santa-clara
43696416148357,Cornerstone School,Palo Alto Unified,Santa Clara,43,,,,,,,,0,1,PSA enrollment by grade,elementary,24,24,5,5,2.4,2,established,True,False,private,Active,K-1,cornerstone-school-santa-clara-6148357
43696416162663,Cornerstone School,Palo Alto Unified,Santa Clara,43,,,,,,,,0,5,PSA enrollment by grade,elementary,68,68,14,3,4.0,6,established,True,False,private,Active,K-5,cornerstone-school-santa-clara-6162663
43696746173637,Creekside Preparatory Academy,Santa Clara Unified,Santa Clara,43,,,,,,,,8,8,PSA enrollment by grade,middle,10,10,2,0,5.0,1,homeschool_shaped,False,False,private,Active,8-8,creekside-preparatory-academy-santa-clara
43695836903033,Crossroads Christian School,Morgan Hill Unified,Santa Clara,43,,,,,,,,0,5,PSA enrollment by grade,elementary,121,121,6,1,17.3,6,established,True,False,private,Active,K-5,crossroads-christian-school-santa-clara
43693937061401,DaVinci Academy of Silicon Valley,Campbell Union,Santa Clara,43,,,,,,,,0,7,PSA enrollment by grade,k8,73,73,10,3,5.6,8,established,True,False,private,Active,K-7,davinci-academy-of-silicon-valley-santa-clara
43697086170302,Delight Elementary and Middle School,Union Elementary,Santa Clara,43,,,,,,,,0,6,PSA enrollment by grade,elementary,23,23,3,3,3.8,6,micro,True,False,private,Active,K-6,delight-elementary-and-middle-school-santa-clara
43694356155568,East Valley Christian School,Evergreen Elementary,Santa Clara,43,,,,,,,,0,8,PSA enrollment by grade,k8,102,102,6,2,12.8,9,established,True,False,private,Active,K-8,east-valley-christian-school-santa-clara
43696416168504,Emerson Montessori School,Palo Alto Unified,Santa Clara,43,,,,,,,,0,5,PSA enrollment by grade,elementary,30,30,3,4,4.3,6,micro,True,False,private,Active,K-5,emerson-montessori-school-santa-clara
43696416172720,Emerson School Campus,Palo Alto Unified,Santa Clara,43,,,,,,,,0,5,PSA enrollment by grade,elementary,20,20,4,0,5.0,6,micro,True,False,private,Active,K-5,emerson-school-campus-santa-clara
43697086166599,Enlighten Kindergarten,Union Elementary,Santa Clara,43,,,,,,,,0,0,PSA enrollment by grade,elementary,20,20,2,2,5.0,1,micro,True,False,private,Active,K-K,enlighten-kindergarten-santa-clara
43696416979090,Esther B. Clark School - Palo Alto,Palo Alto Unified,Santa Clara,43,,,,,,,,1,11,PSA enrollment by grade,k12,80,66,9,0,8.9,11,established,True,False,private,Active,1-11,esther-b-clark-school-palo-alto-santa-clara
43696666154371,Esther B. Clark School San Jose,San Jose Unified,Santa Clara,43,,,,,,,,5,10,PSA enrollment by grade,middle_high,29,19,4,0,7.2,6,micro,True,False,private,Active,5-10,esther-b-clark-school-san-jose-santa-clara
43733876904791,Foothill Adventist Elementary,Milpitas Unified,Santa Clara,43,,,,,,,,0,8,PSA enrollment by grade,k8,50,50,5,0,10.0,9,established,True,False,private,Active,K-8,foothill-adventist-elementary-santa-clara
43694196148365,Fusion Academy - Cupertino,Cupertino Union,Santa Clara,43,,,,,,,,6,12,PSA enrollment by grade,middle_high,44,5,15,4,2.3,7,established,True,False,private,Active,6-12,fusion-academy-cupertino-santa-clara
43695346143986,Fusion Academy Los Gatos,Los Gatos-Saratoga Union High,Santa Clara,43,,,,,,,,6,12,PSA enrollment by grade,middle_high,66,12,24,5,2.3,7,established,True,False,private,Active,6-12,fusion-academy-los-gatos-santa-clara
43696416150197,Fusion Academy Palo Alto,Palo Alto Unified,Santa Clara,43,,,,,,,,6,12,PSA enrollment by grade,middle_high,18,4,10,4,1.3,7,established,True,False,private,Active,6-12,fusion-academy-palo-alto-santa-clara
43695917102436,German International School of Silicon Valley,Mountain View Whisman,Santa Clara,43,,,,,,,,0,12,PSA enrollment by grade,k12,373,293,29,31,6.2,13,established,True,False,private,Active,K-12,german-international-school-of-silicon-valley-santa-clara
43696417072002,Gideon Hausner Jewish Day School,Palo Alto Unified,Santa Clara,43,,,,,,,,0,8,PSA enrollment by grade,k8,326,326,39,25,5.1,9,established,True,False,private,Active,K-8,gideon-hausner-jewish-day-school-santa-clara
43696747084692,Granada Islamic,Santa Clara Unified,Santa Clara,43,,,,,,,,0,12,PSA enrollment by grade,k12,465,401,37,11,9.7,13,established,True,False,private,Active,K-12,granada-islamic-santa-clara
43694686139802,Happy Academy,Fremont Union High,Santa Clara,43,,,,,,,,6,12,PSA enrollment by grade,middle_high,45,12,0,5,9.0,7,micro,True,False,private,Active,6-12,happy-academy-santa-clara
43693936983522,"Harker School, The",Campbell Union,Santa Clara,43,,,,,,,,0,12,PSA enrollment by grade,k12,1942,1147,204,11,9.0,13,established,True,False,private,Active,K-12,harker-school-the-santa-clara
43696906137657,Helios School,Sunnyvale,Santa Clara,43,,,,,,,,0,8,PSA enrollment by grade,k8,178,178,27,6,5.4,9,established,True,False,private,Active,K-8,helios-school-santa-clara
43695916174304,Helix Academy,Mountain View Whisman,Santa Clara,43,,,,,,,,0,2,PSA enrollment by grade,elementary,6,6,1,1,3.0,3,homeschool_shaped,False,False,private,Active,K-2,helix-academy-santa-clara
43695266979322,Hillbrook School,Los Gatos Union Elementary,Santa Clara,43,,,,,,,,0,11,PSA enrollment by grade,k12,473,366,72,3,6.3,12,established,True,False,private,Active,K-11,hillbrook-school-santa-clara
43696667019169,Holy Family School,San Jose Unified,Santa Clara,43,,,,,,,,0,8,PSA enrollment by grade,k8,218,218,16,3,11.5,9,established,True,False,private,Active,K-8,holy-family-school-santa-clara
43696667101579,Holy Spirit,San Jose Unified,Santa Clara,43,,,,,,,,0,8,PSA enrollment by grade,k8,415,415,25,0,16.6,9,established,True,False,private,Active,K-8,holy-spirit-santa-clara
43696417104755,Hope Technology,Palo Alto Unified,Santa Clara,43,,,,,,,,0,12,PSA enrollment by grade,k12,101,66,13,4,5.9,13,established,True,False,private,Active,K-12,hope-technology-santa-clara
43696416150437,Imagination Lab School,Palo Alto Unified,Santa Clara,43,,,,,,,,0,8,PSA enrollment by grade,k8,26,26,5,2,3.7,9,micro,True,False,private,Active,K-8,imagination-lab-school-santa-clara
43696416141899,Keys Family Day School,Palo Alto Unified,Santa Clara,43,,,,,,,,0,8,PSA enrollment by grade,k8,320,320,44,4,6.7,9,established,True,False,private,Active,K-8,keys-family-day-school-santa-clara
43696096148548,Khan Lab School,Mountain View-Los Altos Union High,Santa Clara,43,,,,,,,,6,12,PSA enrollment by grade,middle_high,166,77,15,1,10.4,7,established,True,False,private,Active,6-12,khan-lab-school-santa-clara-6148548
43696416164305,Khan Lab School,Palo Alto Unified,Santa Clara,43,,,,,,,,0,5,PSA enrollment by grade,elementary,135,135,14,1,9.0,6,established,True,False,private,Active,K-5,khan-lab-school-santa-clara-6164305
43696170129791,Kinship Academy,Mount Pleasant Elementary,Santa Clara,43,,,,,,,,3,12,PSA enrollment by grade,middle_high,21,13,2,0,10.5,9,micro,True,False,private,Active,3-12,kinship-academy-santa-clara
43694196170922,Leadways School,Cupertino Union,Santa Clara,43,,,,,,,,0,7,PSA enrollment by grade,k8,20,20,3,3,3.3,7,micro,True,False,private,Active,K-7,leadways-school-santa-clara
43693856146724,Learning Pathways Kindergarten,Cambrian,Santa Clara,43,,,,,,,,0,0,PSA enrollment by grade,elementary,20,20,3,0,6.7,1,micro,True,False,private,Active,K-K,learning-pathways-kindergarten-santa-clara
43693856148142,Learning Springs Academy,Cambrian,Santa Clara,43,,,,,,,,0,8,PSA enrollment by grade,k8,8,8,1,1,4.0,6,homeschool_shaped,False,False,private,Active,K-8,learning-springs-academy-santa-clara
43696256137574,Legacy Christian School,Oak Grove Elementary,Santa Clara,43,,,,,,,,0,8,PSA enrollment by grade,k8,227,227,14,2,14.2,9,established,True,False,private,Active,K-8,legacy-christian-school-santa-clara
43694686143820,Legend College Preparatory,Fremont Union High,Santa Clara,43,,,,,,,,8,12,PSA enrollment by grade,middle_high,62,12,5,16,3.0,5,established,True,False,private,Active,8-12,legend-college-preparatory-santa-clara
43696746131932,Live Oak Academy,Santa Clara Unified,Santa Clara,43,,,,,,,,0,12,PSA enrollment by grade,k12,40,27,4,40,0.9,13,established,True,False,private,Active,K-12,live-oak-academy-santa-clara
43696417084882,Living Wisdom School of Palo Alto,Palo Alto Unified,Santa Clara,43,,,,,,,,0,12,PSA enrollment by grade,k12,61,43,8,7,4.1,13,established,True,False,private,Active,K-12,living-wisdom-school-of-palo-alto-santa-clara
43695186916357,Los Altos Christian Schools,Los Altos Elementary,Santa Clara,43,,,,,,,,0,8,PSA enrollment by grade,k8,136,136,18,6,5.7,9,established,True,False,private,Active,K-8,los-altos-christian-schools-santa-clara
43696416135248,Lydian Academy,Palo Alto Unified,Santa Clara,43,,,,,,,,6,12,PSA enrollment by grade,middle_high,72,20,44,6,1.4,7,established,True,False,private,Active,6-12,lydian-academy-santa-clara
43694196159701,Mandarin Academy,Cupertino Union,Santa Clara,43,,,,,,,,0,5,PSA enrollment by grade,elementary,22,22,1,7,2.8,6,established,True,False,private,Active,K-5,mandarin-academy-santa-clara
43695186173082,Masterminds Academy,Los Altos Elementary,Santa Clara,43,,,,,,,,0,1,PSA enrollment by grade,elementary,6,6,2,1,2.0,2,micro,True,False,private,Active,K-1,masterminds-academy-santa-clara
43733876133409,Merryhill School,Milpitas Unified,Santa Clara,43,,,,,,,,0,8,PSA enrollment by grade,k8,536,536,67,0,8.0,9,established,True,False,private,Active,K-8,merryhill-school-santa-clara
43695186979355,Miramonte Christian School,Los Altos Elementary,Santa Clara,43,,,,,,,,0,8,PSA enrollment by grade,k8,70,70,6,0,11.7,8,established,True,False,private,Active,K-8,miramonte-christian-school-santa-clara
43696747090608,Monticello Academy,Santa Clara Unified,Santa Clara,43,,,,,,,,0,8,PSA enrollment by grade,k8,353,353,40,1,8.6,9,established,True,False,private,Active,K-8,monticello-academy-santa-clara
43694016979363,Morgan Autism Center,Campbell Union High,Santa Clara,43,,,,,,,,1,12,PSA enrollment by grade,k12,62,25,9,0,6.9,11,established,True,False,private,Active,1-12,morgan-autism-center-santa-clara
43693696979371,Most Holy Trinity School,Alum Rock Union Elementary,Santa Clara,43,,,,,,,,0,8,PSA enrollment by grade,k8,189,189,10,0,18.9,9,established,True,False,private,Active,K-8,most-holy-trinity-school-santa-clara
43693776147821,Munchkin Academy and Advancing Minds,Berryessa Union Elementary,Santa Clara,43,,,,,,,,2,10,PSA enrollment by grade,k12,6,5,2,2,1.5,4,micro,True,False,private,Active,2-10,munchkin-academy-and-advancing-minds-santa-clara
43696747105125,North Valley Baptist School,Santa Clara Unified,Santa Clara,43,,,,,,,,0,12,PSA enrollment by grade,k12,171,120,14,3,10.1,13,established,True,False,private,Active,K-12,north-valley-baptist-school-santa-clara
43696256170443,Oakland American School,Oak Grove Elementary,Santa Clara,43,,,,,,,,0,12,PSA enrollment by grade,k12,83,26,0,7,11.9,11,established,True,False,private,Active,K-12,oakland-american-school-santa-clara
43695837099948,Oakwood,Morgan Hill Unified,Santa Clara,43,,,,,,,,0,12,PSA enrollment by grade,k12,566,396,60,2,9.1,13,established,True,False,private,Active,K-12,oakwood-santa-clara
43693936991384,Old Orchard School,Campbell Union,Santa Clara,43,,,,,,,,0,8,PSA enrollment by grade,k8,181,181,19,4,7.9,9,established,True,False,private,Active,K-8,old-orchard-school-santa-clara
43696666147953,One World Montessori School,San Jose Unified,Santa Clara,43,,,,,,,,1,5,PSA enrollment by grade,elementary,27,27,4,0,6.8,5,micro,True,False,private,Active,1-5,one-world-montessori-school-santa-clara
43696666158869,Orion Montessori School,San Jose Unified,Santa Clara,43,,,,,,,,0,6,PSA enrollment by grade,elementary,13,13,3,1,3.2,6,micro,True,False,private,Active,K-6,orion-montessori-school-santa-clara
43696666133029,Our Lady of Grace,San Jose Unified,Santa Clara,43,,,,,,,,6,8,PSA enrollment by grade,middle,43,43,6,2,5.4,3,established,True,False,private,Active,6-8,our-lady-of-grace-santa-clara
43693936953418,Pacific Autism Center for Education - Pruneridge Campus,Campbell Union,Santa Clara,43,,,,,,,,0,8,PSA enrollment by grade,k8,35,35,6,0,5.8,9,micro,True,False,private,Active,K-8,pacific-autism-center-for-education-pruneridge-campus-santa-clara
43694686167688,Pacific Autism Center for Education - San Aleso Campus,Fremont Union High,Santa Clara,43,,,,,,,,8,12,PSA enrollment by grade,middle_high,41,4,6,0,6.8,5,micro,True,False,private,Active,8-12,pacific-autism-center-for-education-san-aleso-campus-santa-clara
43696666130405,Pacific Autism Center for Education - Sunny Days Campus,San Jose Unified,Santa Clara,43,,,,,,,,0,0,PSA enrollment by grade,elementary,6,6,2,0,3.0,1,homeschool_shaped,False,False,private,Active,K-K,pacific-autism-center-for-education-sunny-days-campus-santa-clara
43694847090301,Pacific Point Christian Schools,Gilroy Unified,Santa Clara,43,,,,,,,,0,11,PSA enrollment by grade,k12,251,241,21,1,11.4,12,established,True,False,private,Active,K-11,pacific-point-christian-schools-santa-clara
43696097002322,Palo Alto Preparatory School,Mountain View-Los Altos Union High,Santa Clara,43,,,,,,,,8,12,PSA enrollment by grade,middle_high,45,2,9,0,5.0,5,established,True,False,private,Active,8-12,palo-alto-preparatory-school-santa-clara
43694276139869,Peach Blossom School,East Side Union High,Santa Clara,43,,,,,,,,0,12,PSA enrollment by grade,k12,96,61,82,0,1.2,13,established,True,False,private,Active,K-12,peach-blossom-school-santa-clara
43696666997944,Pine Hill School (Second Start Learning Disabilities),San Jose Unified,Santa Clara,43,,,,,,,,2,12,PSA enrollment by grade,k12,50,19,8,0,6.2,10,established,True,False,private,Active,2-12,pine-hill-school-second-start-learning-disabilities-santa-clara
43695186913610,Pinewood Private–Lower Campus,Los Altos Elementary,Santa Clara,43,,,,,,,,0,2,PSA enrollment by grade,elementary,130,130,17,0,7.6,3,established,True,False,private,Active,K-2,pinewood-privatelower-campus-santa-clara
43695186979413,Pinewood Private–Middle Campus,Los Altos Elementary,Santa Clara,43,,,,,,,,3,6,PSA enrollment by grade,elementary,181,181,16,1,10.6,4,established,True,False,private,Active,3-6,pinewood-privatemiddle-campus-santa-clara
43696416999585,Pinewood Private–Upper Campus,Palo Alto Unified,Santa Clara,43,,,,,,,,7,12,PSA enrollment by grade,middle_high,299,112,44,5,6.1,6,established,True,False,private,Active,7-12,pinewood-privateupper-campus-santa-clara
43693937014319,Pioneer Family Home School,Campbell Union,Santa Clara,43,,,,,,,,0,12,PSA enrollment by grade,k12,50,40,32,0,1.6,13,established,True,False,private,Active,K-12,pioneer-family-home-school-santa-clara
43694196979421,Queen of Apostles School,Cupertino Union,Santa Clara,43,,,,,,,,0,8,PSA enrollment by grade,k8,227,227,15,8,9.9,9,established,True,False,private,Active,K-8,queen-of-apostles-school-santa-clara
43694016159636,RENAISSANCE LEARNER ACADEMY,Campbell Union High,Santa Clara,43,,,,,,,,8,10,PSA enrollment by grade,middle_high,6,2,2,0,3.0,3,homeschool_shaped,False,False,private,Active,8-10,renaissance-learner-academy-santa-clara
43696746140768,RISE Academy,Santa Clara Unified,Santa Clara,43,,,,,,,,0,12,PSA enrollment by grade,k12,213,157,25,8,6.5,13,established,True,False,private,Active,K-12,rise-academy-santa-clara
43694196171508,"RISE, dba Rossinca Academy",Cupertino Union,Santa Clara,43,,,,,,,,0,4,PSA enrollment by grade,elementary,30,30,0,4,7.5,5,micro,True,False,private,Active,K-4,rise-dba-rossinca-academy-santa-clara
43695836165344,Regina Angelorum Academy,Morgan Hill Unified,Santa Clara,43,,,,,,,,3,11,PSA enrollment by grade,middle_high,7,5,1,0,7.0,7,homeschool_shaped,False,False,private,Active,3-11,regina-angelorum-academy-santa-clara
43696666173835,Rising Star Sped Academy - Solaris,San Jose Unified,Santa Clara,43,,,,,,,,4,12,PSA enrollment by grade,middle_high,25,8,3,0,8.3,9,micro,True,False,private,Active,4-12,rising-star-sped-academy-solaris-santa-clara
43696176169502,Rising Star Sped Academy- Polaris Branch,Mount Pleasant Elementary,Santa Clara,43,,,,,,,,0,12,PSA enrollment by grade,k12,64,48,10,0,6.4,13,established,True,False,private,Active,K-12,rising-star-sped-academy-polaris-branch-santa-clara
43696416173710,Robin Academy,Palo Alto Unified,Santa Clara,43,,,,,,,,1,12,PSA enrollment by grade,k12,135,111,11,0,12.3,12,established,True,False,private,Active,1-12,robin-academy-santa-clara
43693936154686,S.A.G.E Academy,Campbell Union,Santa Clara,43,,,,,,,,0,12,PSA enrollment by grade,k12,27,24,3,3,4.5,11,micro,True,False,private,Active,K-12,s-a-g-e-academy-santa-clara
43696667104110,Sacred Heart Nativity School,San Jose Unified,Santa Clara,43,,,,,,,,6,8,PSA enrollment by grade,middle,43,43,6,2,5.4,3,established,True,False,private,Active,6-8,sacred-heart-nativity-school-santa-clara
43696826979462,Sacred Heart School,Saratoga Union Elementary,Santa Clara,43,,,,,,,,0,8,PSA enrollment by grade,k8,230,230,17,0,13.5,9,established,True,False,private,Active,K-8,sacred-heart-school-santa-clara
43696826980387,Saint Andrew's Episcopal School,Saratoga Union Elementary,Santa Clara,43,,,,,,,,0,8,PSA enrollment by grade,k8,416,416,45,1,9.0,9,established,True,False,private,Active,K-8,saint-andrew-s-episcopal-school-santa-clara
43694196980239,Saint Simon Parish School,Cupertino Union,Santa Clara,43,,,,,,,,0,8,PSA enrollment by grade,k8,494,494,25,5,16.5,9,established,True,False,private,Active,K-8,saint-simon-parish-school-santa-clara
43693936914956,San Jose Christian School,Campbell Union,Santa Clara,43,,,,,,,,0,8,PSA enrollment by grade,k8,150,150,14,4,8.3,9,established,True,False,private,Active,K-8,san-jose-christian-school-santa-clara-6914956
43694506158943,San Jose Christian School,Franklin-McKinley Elementary,Santa Clara,43,,,,,,,,4,12,PSA enrollment by grade,middle_high,18,8,2,0,9.0,8,micro,True,False,private,Active,4-12,san-jose-christian-school-santa-clara-6158943
43693936908198,San Jose Montessori School,Campbell Union,Santa Clara,43,,,,,,,,0,0,PSA enrollment by grade,elementary,6,6,3,3,1.0,1,micro,True,False,private,Active,K-K,san-jose-montessori-school-santa-clara
43696416152292,Sand Hill School,Palo Alto Unified,Santa Clara,43,,,,,,,,2,8,PSA enrollment by grade,k8,55,55,22,0,2.5,7,established,True,False,private,Active,2-8,sand-hill-school-santa-clara
43696747089618,Santa Clara Christian,Santa Clara Unified,Santa Clara,43,,,,,,,,0,5,PSA enrollment by grade,elementary,68,68,8,2,6.8,6,established,True,False,private,Active,K-5,santa-clara-christian-santa-clara
43694357008956,Scholars Academy,Evergreen Elementary,Santa Clara,43,,,,,,,,0,3,PSA enrollment by grade,elementary,26,26,0,5,5.2,4,micro,True,False,private,Active,K-3,scholars-academy-santa-clara
43696906205074,Silicon Valley Academy,Sunnyvale,Santa Clara,43,,,,,,,,0,9,PSA enrollment by grade,k12,199,197,29,3,6.2,10,established,True,False,private,Active,K-9,silicon-valley-academy-santa-clara
43696417082472,Silicon Valley International School,Palo Alto Unified,Santa Clara,43,,,,,,,,0,12,PSA enrollment by grade,k12,660,582,98,6,6.3,13,established,True,False,private,Active,K-12,silicon-valley-international-school-santa-clara
43696746162937,Silicon Valley Kids in Action,Santa Clara Unified,Santa Clara,43,,,,,,,,0,1,PSA enrollment by grade,elementary,14,14,2,1,4.7,2,micro,True,False,private,Active,K-1,silicon-valley-kids-in-action-santa-clara
43696666130389,Spectrum Center Schools and Programs,San Jose Unified,Santa Clara,43,,,,,,,,1,12,PSA enrollment by grade,k12,47,21,6,0,7.8,11,micro,True,False,private,Active,1-12,spectrum-center-schools-and-programs-santa-clara
43693936144349,Springbridge International School,Campbell Union,Santa Clara,43,,,,,,,,0,8,PSA enrollment by grade,k8,139,139,18,5,6.0,9,established,True,False,private,Active,K-8,springbridge-international-school-santa-clara
43695916980478,St Joseph Catholic School,Mountain View Whisman,Santa Clara,43,,,,,,,,0,8,PSA enrollment by grade,k8,126,126,7,1,15.8,9,established,True,False,private,Active,K-8,st-joseph-catholic-school-santa-clara
43695836980403,St. Catherine Elementary,Morgan Hill Unified,Santa Clara,43,,,,,,,,0,8,PSA enrollment by grade,k8,304,304,13,0,23.4,9,established,True,False,private,Active,K-8,st-catherine-elementary-santa-clara
43696666980411,St. Christopher Catholic School,San Jose Unified,Santa Clara,43,,,,,,,,0,8,PSA enrollment by grade,k8,519,519,26,6,16.2,9,established,True,False,private,Active,K-8,st-christopher-catholic-school-santa-clara
43696746980429,St. Clare Elementary,Santa Clara Unified,Santa Clara,43,,,,,,,,0,8,PSA enrollment by grade,k8,185,185,9,1,18.5,9,established,True,False,private,Active,K-8,st-clare-elementary-santa-clara
43696416979470,St. Elizabeth Seton,Palo Alto Unified,Santa Clara,43,,,,,,,,0,8,PSA enrollment by grade,k8,179,179,11,2,13.8,9,established,True,False,private,Active,K-8,st-elizabeth-seton-santa-clara
43693856980445,St. Frances Cabrini Elementary School,Cambrian,Santa Clara,43,,,,,,,,0,8,PSA enrollment by grade,k8,339,339,23,1,14.1,9,established,True,False,private,Active,K-8,st-frances-cabrini-elementary-school-santa-clara
43693696980452,St. John Vianney School,Alum Rock Union Elementary,Santa Clara,43,,,,,,,,0,8,PSA enrollment by grade,k8,344,344,19,3,15.6,9,established,True,False,private,Active,K-8,st-john-vianney-school-santa-clara
43733877028806,St. John the Baptist Catholic,Milpitas Unified,Santa Clara,43,,,,,,,,0,8,PSA enrollment by grade,k8,195,195,11,0,17.7,9,established,True,False,private,Active,K-8,st-john-the-baptist-catholic-santa-clara
43694196980460,St. Joseph Cupertino,Cupertino Union,Santa Clara,43,,,,,,,,0,8,PSA enrollment by grade,k8,78,78,8,2,7.8,9,established,True,False,private,Active,K-8,st-joseph-cupertino-santa-clara
43696746980494,St. Justin,Santa Clara Unified,Santa Clara,43,,,,,,,,0,8,PSA enrollment by grade,k8,148,148,9,5,10.6,9,established,True,False,private,Active,K-8,st-justin-santa-clara
43696746980502,St. Lawrence School,Santa Clara Unified,Santa Clara,43,,,,,,,,0,8,PSA enrollment by grade,k8,58,58,5,3,7.2,9,established,True,False,private,Active,K-8,st-lawrence-school-santa-clara
43696666980510,St. Leo the Great School,San Jose Unified,Santa Clara,43,,,,,,,,0,8,PSA enrollment by grade,k8,206,206,12,2,14.7,9,established,True,False,private,Active,K-8,st-leo-the-great-school-santa-clara
43693936980528,St. Lucy Parish School,Campbell Union,Santa Clara,43,,,,,,,,0,8,PSA enrollment by grade,k8,225,225,13,1,16.1,9,established,True,False,private,Active,K-8,st-lucy-parish-school-santa-clara
43693936980544,St. Martin of Tours School,Campbell Union,Santa Clara,43,,,,,,,,0,8,PSA enrollment by grade,k8,299,299,17,1,16.6,9,established,True,False,private,Active,K-8,st-martin-of-tours-school-santa-clara
43695266980551,St. Mary of the Immaculate Conception,Los Gatos Union Elementary,Santa Clara,43,,,,,,,,0,8,PSA enrollment by grade,k8,139,139,12,3,9.3,9,established,True,False,private,Active,K-8,st-mary-of-the-immaculate-conception-santa-clara
43694846966147,"St. Mary, Gilroy",Gilroy Unified,Santa Clara,43,,,,,,,,0,8,PSA enrollment by grade,k8,179,179,11,3,12.8,9,established,True,False,private,Active,K-8,st-mary-gilroy-santa-clara
43695186980213,St. Nicholas Elementary,Los Altos Elementary,Santa Clara,43,,,,,,,,0,8,PSA enrollment by grade,k8,219,219,14,0,15.6,9,established,True,False,private,Active,K-8,st-nicholas-elementary-santa-clara
43696666980221,St. Patrick Elementary,San Jose Unified,Santa Clara,43,,,,,,,,0,8,PSA enrollment by grade,k8,160,160,10,0,16.0,9,established,True,False,private,Active,K-8,st-patrick-elementary-santa-clara
43694276905178,St. Thomas More,East Side Union High,Santa Clara,43,,,,,,,,0,12,PSA enrollment by grade,k12,262,181,17,6,11.4,13,established,True,False,private,Active,K-12,st-thomas-more-santa-clara
43693776980247,St. Victor School,Berryessa Union Elementary,Santa Clara,43,,,,,,,,0,8,PSA enrollment by grade,k8,189,189,9,2,17.2,9,established,True,False,private,Active,K-8,st-victor-school-santa-clara
43694197102205,Starbright School,Cupertino Union,Santa Clara,43,,,,,,,,0,0,PSA enrollment by grade,elementary,10,10,1,2,3.3,1,micro,True,False,private,Active,K-K,starbright-school-santa-clara
43695756137400,Starbright School - Campbell Campus,Moreland,Santa Clara,43,,,,,,,,0,5,PSA enrollment by grade,elementary,59,59,5,4,6.6,6,established,True,False,private,Active,K-5,starbright-school-campbell-campus-santa-clara
43697086168397,Stratford Belgatos Park,Union Elementary,Santa Clara,43,,,,,,,,0,1,PSA enrollment by grade,elementary,75,75,14,4,4.2,2,established,True,False,private,Active,K-1,stratford-belgatos-park-santa-clara
43733876168108,Stratford Milpitas Beresford Square,Milpitas Unified,Santa Clara,43,,,,,,,,0,1,PSA enrollment by grade,elementary,105,105,7,0,15.0,2,established,True,False,private,Active,K-1,stratford-milpitas-beresford-square-santa-clara
43733876162036,Stratford Milpitas Corning,Milpitas Unified,Santa Clara,43,,,,,,,,0,5,PSA enrollment by grade,elementary,228,228,18,0,12.7,6,established,True,False,private,Active,K-5,stratford-milpitas-corning-santa-clara
43733876152201,Stratford Milpitas Great Mall,Milpitas Unified,Santa Clara,43,,,,,,,,0,5,PSA enrollment by grade,elementary,416,416,33,0,12.6,6,established,True,False,private,Active,K-5,stratford-milpitas-great-mall-santa-clara
43695756152219,Stratford Preparatory Blackford,Moreland,Santa Clara,43,,,,,,,,6,12,PSA enrollment by grade,middle_high,905,666,77,3,11.3,7,established,True,False,private,Active,6-12,stratford-preparatory-blackford-santa-clara
43733876171599,Stratford Preparatory Milpitas,Milpitas Unified,Santa Clara,43,,,,,,,,6,9,PSA enrollment by grade,middle_high,227,209,21,0,10.8,4,established,True,False,private,Active,6-9,stratford-preparatory-milpitas-santa-clara
43697086132062,Stratford San Jose Middle School,Union Elementary,Santa Clara,43,,,,,,,,5,8,PSA enrollment by grade,middle,292,292,26,1,10.8,4,established,True,False,private,Active,5-8,stratford-san-jose-middle-school-santa-clara
43696416131981,Stratford School,Palo Alto Unified,Santa Clara,43,,,,,,,,0,8,PSA enrollment by grade,k8,332,332,26,0,12.8,9,established,True,False,private,Active,K-8,stratford-school-santa-clara-6131981
43696746137681,Stratford School,Santa Clara Unified,Santa Clara,43,,,,,,,,0,2,PSA enrollment by grade,elementary,109,109,11,0,9.9,3,established,True,False,private,Active,K-2,stratford-school-santa-clara-6137681
43696746138861,Stratford School,Santa Clara Unified,Santa Clara,43,,,,,,,,0,5,PSA enrollment by grade,elementary,799,799,50,25,10.7,6,established,True,False,private,Active,K-5,stratford-school-santa-clara-6138861
43696907102759,Stratford School,Sunnyvale,Santa Clara,43,,,,,,,,0,5,PSA enrollment by grade,elementary,427,427,32,0,13.3,6,established,True,False,private,Active,K-5,stratford-school-santa-clara-7102759
43695836138838,Stratford School - Morgan Hill,Morgan Hill Unified,Santa Clara,43,,,,,,,,0,5,PSA enrollment by grade,elementary,81,81,10,0,8.1,6,established,True,False,private,Active,K-5,stratford-school-morgan-hill-santa-clara
43697086203152,Stratford School Los Gatos,Union Elementary,Santa Clara,43,,,,,,,,0,4,PSA enrollment by grade,elementary,416,416,42,0,9.9,5,established,True,False,private,Active,K-4,stratford-school-los-gatos-santa-clara
43696256206015,Stratford School San Jose,Oak Grove Elementary,Santa Clara,43,,,,,,,,0,5,PSA enrollment by grade,elementary,309,309,25,0,12.4,6,established,True,False,private,Active,K-5,stratford-school-san-jose-santa-clara
43696906202956,Stratford School Washington Park,Sunnyvale,Santa Clara,43,,,,,,,,0,5,PSA enrollment by grade,elementary,318,318,23,15,8.4,6,established,True,False,private,Active,K-5,stratford-school-washington-park-santa-clara
43697086165633,Stratford School-Almaden,Union Elementary,Santa Clara,43,,,,,,,,0,5,PSA enrollment by grade,elementary,127,127,25,5,4.2,6,established,True,False,private,Active,K-5,stratford-school-almaden-santa-clara
43696906923825,Sunnyvale Christian,Sunnyvale,Santa Clara,43,,,,,,,,0,5,PSA enrollment by grade,elementary,85,85,7,1,10.6,6,established,True,False,private,Active,K-5,sunnyvale-christian-santa-clara
43694356174999,Swengel School,Evergreen Elementary,Santa Clara,43,,,,,,,,0,5,PSA enrollment by grade,elementary,6,6,1,1,3.0,2,homeschool_shaped,False,False,private,Active,K-5,swengel-school-santa-clara
43693936164271,Tej Acton Academy,Campbell Union,Santa Clara,43,,,,,,,,0,6,PSA enrollment by grade,elementary,9,9,2,0,4.5,6,homeschool_shaped,False,False,private,Active,K-6,tej-acton-academy-santa-clara
43694196141170,Tessellations,Cupertino Union,Santa Clara,43,,,,,,,,0,9,PSA enrollment by grade,k12,209,208,55,0,3.8,10,established,True,False,private,Active,K-9,tessellations-santa-clara
43696250123489,The Creekside School,Oak Grove Elementary,Santa Clara,43,,,,,,,,1,12,PSA enrollment by grade,k12,29,15,6,0,4.8,10,micro,True,False,private,Active,1-12,the-creekside-school-santa-clara
43694197082738,The French American School of Silicon Valley,Cupertino Union,Santa Clara,43,,,,,,,,0,8,PSA enrollment by grade,k8,128,128,14,9,5.6,9,established,True,False,private,Active,K-8,the-french-american-school-of-silicon-valley-santa-clara
43696417098668,The Girls' Middle School,Palo Alto Unified,Santa Clara,43,,,,,,,,6,8,PSA enrollment by grade,middle,183,183,26,3,6.3,3,established,True,False,private,Active,6-8,the-girls-middle-school-santa-clara
43694687078421,The King's Academy,Fremont Union High,Santa Clara,43,,,,,,,,0,12,PSA enrollment by grade,k12,1424,701,58,18,18.7,13,established,True,False,private,Active,K-12,the-king-s-academy-santa-clara
43696416170344,The VR School,Palo Alto Unified,Santa Clara,43,,,,,,,,6,12,PSA enrollment by grade,middle_high,462,108,12,16,16.5,7,established,True,False,private,Active,6-12,the-vr-school-santa-clara
43696666174650,Time4learning,San Jose Unified,Santa Clara,43,,,,,,,,0,9,PSA enrollment by grade,k12,20,18,20,20,0.5,10,established,True,False,private,Active,K-9,time4learning-santa-clara
43696416144166,Tru,Palo Alto Unified,Santa Clara,43,,,,,,,,0,5,PSA enrollment by grade,elementary,34,34,4,1,6.8,6,micro,True,False,private,Active,K-5,tru-santa-clara
43695756135321,Trust Primary School,Moreland,Santa Clara,43,,,,,,,,0,6,PSA enrollment by grade,elementary,98,98,6,7,7.5,7,established,True,False,private,Active,K-6,trust-primary-school-santa-clara
43696746172415,Uncommonly Awesome Learning Lab,Santa Clara Unified,Santa Clara,43,,,,,,,,3,8,PSA enrollment by grade,middle,8,8,2,0,4.0,5,homeschool_shaped,False,False,private,Active,3-8,uncommonly-awesome-learning-lab-santa-clara
43696416175574,VR School of AI,Palo Alto Unified,Santa Clara,43,,,,,,,,1,12,PSA enrollment by grade,k12,630,310,12,42,11.7,12,established,True,False,private,Active,1-12,vr-school-of-ai-santa-clara
43693936167233,Valley Christian Elementary School,Campbell Union,Santa Clara,43,,,,,,,,0,5,PSA enrollment by grade,elementary,451,451,29,7,12.5,6,established,True,False,private,Active,K-5,valley-christian-elementary-school-santa-clara
43694506980312,Valley Christian Junior High,Franklin-McKinley Elementary,Santa Clara,43,,,,,,,,6,8,PSA enrollment by grade,middle,691,691,35,2,18.7,3,established,True,False,private,Active,6-8,valley-christian-junior-high-santa-clara
43695186142145,Ventana School,Los Altos Elementary,Santa Clara,43,,,,,,,,0,5,PSA enrollment by grade,elementary,105,105,29,0,3.6,6,established,True,False,private,Active,K-5,ventana-school-santa-clara
43697086904932,Venture Christian Academy,Union Elementary,Santa Clara,43,,,,,,,,0,8,PSA enrollment by grade,k8,251,251,25,5,8.4,9,established,True,False,private,Active,K-8,venture-christian-academy-santa-clara
43696096150684,Waldorf School Of the Peninsula,Mountain View-Los Altos Union High,Santa Clara,43,,,,,,,,0,12,PSA enrollment by grade,k12,218,161,36,25,3.6,13,established,True,False,private,Active,K-12,waldorf-school-of-the-peninsula-santa-clara-6150684
43695186955967,Waldorf School of the Peninsula,Los Altos Elementary,Santa Clara,43,,,,,,,,0,12,PSA enrollment by grade,k12,228,171,36,25,3.7,13,established,True,False,private,Active,K-12,waldorf-school-of-the-peninsula-santa-clara-6955967
43694506163315,Wavemakers Academy,Franklin-McKinley Elementary,Santa Clara,43,,,,,,,,6,8,PSA enrollment by grade,middle,15,15,2,2,3.8,3,micro,True,False,private,Active,6-8,wavemakers-academy-santa-clara
43695266916977,Yavneh Day School,Los Gatos Union Elementary,Santa Clara,43,,,,,,,,0,8,PSA enrollment by grade,k8,122,122,17,4,5.8,9,established,True,False,private,Active,K-8,yavneh-day-school-santa-clara
43695916204135,Yew Chung International of Silicon Vally,Mountain View Whisman,Santa Clara,43,,,,,,,,0,8,PSA enrollment by grade,k8,137,137,20,1,6.5,8,established,True,False,private,Active,K-8,yew-chung-international-of-silicon-vally-santa-clara
48705816174031,2nd Chance AI-STEM Academy,Vallejo City Unified,Solano,48,,,,,,,,0,12,PSA enrollment by grade,k12,6,4,2,0,3.0,6,homeschool_shaped,False,False,private,Active,K-12,2nd-chance-ai-stem-academy-solano
48705736164958,Above and Beyond Kindergarten,Vacaville Unified,Solano,48,,,,,,,,0,0,PSA enrollment by grade,elementary,18,18,1,2,6.0,1,micro,True,False,private,Active,K-K,above-and-beyond-kindergarten-solano
48705816173850,Apologia Classical Academy,Vallejo City Unified,Solano,48,,,,,,,,4,12,PSA enrollment by grade,middle_high,6,4,1,0,6.0,4,homeschool_shaped,False,False,private,Active,4-12,apologia-classical-academy-solano
48705736166300,Bartsch's School of Art,Vacaville Unified,Solano,48,,,,,,,,1,11,PSA enrollment by grade,k12,6,4,1,0,6.0,5,homeschool_shaped,False,False,private,Active,1-11,bartsch-s-school-of-art-solano
48705737081938,Bethany Lutheran,Vacaville Unified,Solano,48,,,,,,,,0,8,PSA enrollment by grade,k8,99,99,9,2,9.0,9,established,True,False,private,Active,K-8,bethany-lutheran-solano
48705736166268,Centurion Christian Classical School,Vacaville Unified,Solano,48,,,,,,,,0,7,PSA enrollment by grade,k8,65,65,6,9,4.3,8,established,True,False,private,Active,K-7,centurion-christian-classical-school-solano
48705406139497,Fairfield Christian School,Fairfield-Suisun Unified,Solano,48,,,,,,,,0,12,PSA enrollment by grade,k12,92,81,9,1,9.2,13,established,True,False,private,Active,K-12,fairfield-christian-school-solano
48705406982037,Holy Spirit School,Fairfield-Suisun Unified,Solano,48,,,,,,,,0,8,PSA enrollment by grade,k8,290,290,15,3,16.1,9,established,True,False,private,Active,K-8,holy-spirit-school-solano
48705326173728,Kadiant LLC - Dixon Campus,Dixon Unified,Solano,48,,,,,,,,1,6,PSA enrollment by grade,elementary,6,6,2,0,3.0,4,homeschool_shaped,False,False,private,Active,1-6,kadiant-llc-dixon-campus-solano
48705816166177,Life and Truth Academy,Vallejo City Unified,Solano,48,,,,,,,,0,12,PSA enrollment by grade,k12,8,4,1,0,8.0,6,homeschool_shaped,False,False,private,Active,K-12,life-and-truth-academy-solano
48705327078066,Neighborhood Christian School,Dixon Unified,Solano,48,,,,,,,,0,8,PSA enrollment by grade,k8,59,59,5,2,8.4,9,established,True,False,private,Active,K-8,neighborhood-christian-school-solano
48705816921258,North Hills Christian School,Vallejo City Unified,Solano,48,,,,,,,,0,12,PSA enrollment by grade,k12,332,292,20,3,14.4,13,established,True,False,private,Active,K-12,north-hills-christian-school-solano
48705737023005,Notre Dame School,Vacaville Unified,Solano,48,,,,,,,,0,8,PSA enrollment by grade,k8,298,298,10,5,19.9,9,established,True,False,private,Active,K-8,notre-dame-school-solano
48705656152433,P3 ACADEMY SCHOOLS,Travis Unified,Solano,48,,,,,,,,0,4,PSA enrollment by grade,elementary,13,13,4,2,2.2,5,micro,True,False,private,Active,K-4,p3-academy-schools-solano
48705816172563,Rising Star Sped Academy - Vega,Vallejo City Unified,Solano,48,,,,,,,,0,12,PSA enrollment by grade,k12,80,52,8,0,10.0,13,established,True,False,private,Active,K-12,rising-star-sped-academy-vega-solano
48705406204887,Sierra School of Solano,Fairfield-Suisun Unified,Solano,48,,,,,,,,2,12,PSA enrollment by grade,k12,40,21,6,0,6.7,11,micro,True,False,private,Active,2-12,sierra-school-of-solano-solano
48705406908412,Solano Christian Academy,Fairfield-Suisun Unified,Solano,48,,,,,,,,0,8,PSA enrollment by grade,k8,61,61,7,0,8.7,9,established,True,False,private,Active,K-8,solano-christian-academy-solano
48705406201842,Spectrum Center Schools and Programs Solano Campus,Fairfield-Suisun Unified,Solano,48,,,,,,,,2,12,PSA enrollment by grade,k12,79,36,7,0,11.3,11,established,True,False,private,Active,2-12,spectrum-center-schools-and-programs-solano-campus-solano
48705816982045,St. Basil School,Vallejo City Unified,Solano,48,,,,,,,,0,8,PSA enrollment by grade,k8,266,266,10,4,19.0,9,established,True,False,private,Active,K-8,st-basil-school-solano
48705817010598,St. Catherine of Siena School,Vallejo City Unified,Solano,48,,,,,,,,0,8,PSA enrollment by grade,k8,250,250,10,3,19.2,9,established,True,False,private,Active,K-8,st-catherine-of-siena-school-solano
48705246982052,St. Dominic,Benicia Unified,Solano,48,,,,,,,,0,8,PSA enrollment by grade,k8,290,290,13,4,17.1,9,established,True,False,private,Active,K-8,st-dominic-solano
48705816982060,St. Vincent Ferrer School,Vallejo City Unified,Solano,48,,,,,,,,0,8,PSA enrollment by grade,k8,167,167,15,1,10.4,9,established,True,False,private,Active,K-8,st-vincent-ferrer-school-solano
48705736160709,Stetson Academy,Vacaville Unified,Solano,48,,,,,,,,0,8,PSA enrollment by grade,k8,74,74,6,0,12.3,9,established,True,False,private,Active,K-8,stetson-academy-solano
48705736154025,The Academy of 21st Century Learning,Vacaville Unified,Solano,48,,,,,,,,0,8,PSA enrollment by grade,k8,67,67,1,10,6.1,9,established,True,False,private,Active,K-8,the-academy-of-21st-century-learning-solano
48705816169593,The Veritas School,Vallejo City Unified,Solano,48,,,,,,,,0,0,PSA enrollment by grade,elementary,6,6,1,1,3.0,1,homeschool_shaped,False,False,private,Active,K-K,the-veritas-school-solano
48705736982078,Vacaville Adventist Christian School,Vacaville Unified,Solano,48,,,,,,,,0,6,PSA enrollment by grade,elementary,20,20,1,1,10.0,7,micro,True,False,private,Active,K-6,vacaville-adventist-christian-school-solano
48705736996425,Vacaville Christian Schools,Vacaville Unified,Solano,48,,,,,,,,0,12,PSA enrollment by grade,k12,831,618,49,9,14.3,13,established,True,False,private,Active,K-12,vacaville-christian-schools-solano
48705326156475,Valley of the Sacred Heart Academy,Dixon Unified,Solano,48,,,,,,,,0,8,PSA enrollment by grade,k8,59,59,9,6,3.9,9,established,True,False,private,Active,K-8,valley-of-the-sacred-heart-academy-solano
48705816172555,Village for Life Academy,Vallejo City Unified,Solano,48,,,,,,,,2,7,PSA enrollment by grade,k8,6,6,3,0,2.0,5,micro,True,False,private,Active,2-7,village-for-life-academy-solano
49709200133066,"Anova Center for Education, Sonoma",Santa Rosa High,Sonoma,49,,,,,,,,0,12,PSA enrollment by grade,k12,132,66,12,0,11.0,13,established,True,False,private,Active,K-12,anova-center-for-education-sonoma-sonoma
49709126174163,Carlo Acutis Academy,Santa Rosa Elementary,Sonoma,49,,,,,,,,0,9,PSA enrollment by grade,k12,44,43,2,4,7.3,10,micro,True,False,private,Active,K-9,carlo-acutis-academy-sonoma-6174163
49709126172282,Carlo Acutis Academy,Santa Rosa Elementary,Sonoma,49,,,,,,,,0,8,PSA enrollment by grade,k8,39,39,2,1,13.0,9,micro,True,False,private,Active,K-8,carlo-acutis-academy-sonoma-6172282
49709126908438,Covenant Christian Academy,Santa Rosa Elementary,Sonoma,49,,,,,,,,1,12,PSA enrollment by grade,k12,79,57,1,47,1.6,12,established,True,False,private,Active,1-12,covenant-christian-academy-sonoma
49708620129353,Cypress Primary School,Old Adobe Union,Sonoma,49,,,,,,,,0,10,PSA enrollment by grade,k12,36,31,4,0,9.0,11,micro,True,False,private,Active,K-10,cypress-primary-school-sonoma
49708620115493,Cypress School,Petaluma Joint Union High,Sonoma,49,,,,,,,,7,12,PSA enrollment by grade,middle_high,42,3,5,0,8.4,6,micro,True,False,private,Active,7-12,cypress-school-sonoma
49709206156731,Grace Christian Academy,Santa Rosa High,Sonoma,49,,,,,,,,0,12,PSA enrollment by grade,k12,211,137,3,7,21.1,13,established,True,False,private,Active,K-12,grace-christian-academy-sonoma
49709386906002,Greenacre Homes & School - Atkinson,Sebastopol Union Elementary,Sonoma,49,,,,,,,,2,12,PSA enrollment by grade,k12,36,23,4,0,9.0,10,micro,True,False,private,Active,2-12,greenacre-homes-school-atkinson-sonoma
49706070128892,Greenacre Homes & School - Gravenstein,West Sonoma County Union High,Sonoma,49,,,,,,,,5,12,PSA enrollment by grade,middle_high,20,3,2,0,10.0,6,micro,True,False,private,Active,5-12,greenacre-homes-school-gravenstein-sonoma
49709207089113,Lattice Educational Services,Santa Rosa High,Sonoma,49,,,,,,,,1,12,PSA enrollment by grade,k12,32,24,6,0,5.3,12,micro,True,False,private,Active,1-12,lattice-educational-services-sonoma
49709207102965,New Directions-NPS,Santa Rosa High,Sonoma,49,,,,,,,,6,12,PSA enrollment by grade,middle_high,16,5,2,0,8.0,6,micro,True,False,private,Active,6-12,new-directions-nps-sonoma
49709206941074,New Horizon School and Learning Center,Santa Rosa High,Sonoma,49,,,,,,,,7,12,PSA enrollment by grade,middle_high,12,3,4,1,2.4,6,micro,True,False,private,Active,7-12,new-horizon-school-and-learning-center-sonoma
49709207083371,New Song School,Santa Rosa High,Sonoma,49,,,,,,,,2,11,PSA enrollment by grade,k12,19,18,10,0,1.9,8,established,True,False,private,Active,2-11,new-song-school-sonoma
49709207019268,North Valley School-Santa Rosa,Santa Rosa High,Sonoma,49,,,,,,,,5,12,PSA enrollment by grade,middle_high,24,9,4,0,6.0,8,micro,True,False,private,Active,5-12,north-valley-school-santa-rosa-sonoma
49709616923965,Pleasant Hill Christian School,Twin Hills Union Elementary,Sonoma,49,,,,,,,,0,6,PSA enrollment by grade,elementary,71,71,5,1,11.8,7,established,True,False,private,Active,K-6,pleasant-hill-christian-school-sonoma
49709387069768,Plumfield Academy,Sebastopol Union Elementary,Sonoma,49,,,,,,,,1,12,PSA enrollment by grade,k12,20,12,3,0,6.7,10,micro,True,False,private,Active,1-12,plumfield-academy-sonoma
49709206152664,Quest Forward High School,Santa Rosa High,Sonoma,49,,,,,,,,7,12,PSA enrollment by grade,middle_high,66,16,9,2,6.0,6,established,True,False,private,Active,7-12,quest-forward-high-school-sonoma
49709206983670,Redwood Adventist Academy,Santa Rosa High,Sonoma,49,,,,,,,,0,8,PSA enrollment by grade,k8,88,88,5,1,14.7,9,established,True,False,private,Active,K-8,redwood-adventist-academy-sonoma
49709206203392,Sierra School of Sonoma County,Santa Rosa High,Sonoma,49,,,,,,,,1,12,PSA enrollment by grade,k12,44,30,4,0,11.0,11,micro,True,False,private,Active,1-12,sierra-school-of-sonoma-county-sonoma
49709537099260,SoloQuest High Scool,Sonoma Valley Unified,Sonoma,49,,,,,,,,1,12,PSA enrollment by grade,k12,48,13,3,40,1.1,11,established,True,False,private,Active,1-12,soloquest-high-scool-sonoma
49708056928402,Sonoma Country Day School,Mark West Union Elementary,Sonoma,49,,,,,,,,0,8,PSA enrollment by grade,k8,256,256,39,3,6.1,9,established,True,False,private,Active,K-8,sonoma-country-day-school-sonoma
49710016159743,Sonoma Earth School,West Side Union Elementary,Sonoma,49,,,,,,,,0,8,PSA enrollment by grade,k8,29,29,4,2,4.8,9,micro,True,False,private,Active,K-8,sonoma-earth-school-sonoma
49708056165401,Spring Hills Christian,Mark West Union Elementary,Sonoma,49,,,,,,,,0,12,PSA enrollment by grade,k12,220,183,0,21,10.5,13,established,True,False,private,Active,K-12,spring-hills-christian-sonoma
49709536967368,St. Francis Solano,Sonoma Valley Unified,Sonoma,49,,,,,,,,0,8,PSA enrollment by grade,k8,190,190,11,4,12.7,9,established,True,False,private,Active,K-8,st-francis-solano-sonoma
49753906967376,St. John the Baptist Catholic School,Healdsburg Unified,Sonoma,49,,,,,,,,0,8,PSA enrollment by grade,k8,282,282,11,14,11.3,9,established,True,False,private,Active,K-8,st-john-the-baptist-catholic-school-sonoma
49708056967384,St. Rose Catholic School,Mark West Union Elementary,Sonoma,49,,,,,,,,0,8,PSA enrollment by grade,k8,291,291,14,0,20.8,9,established,True,False,private,Active,K-8,st-rose-catholic-school-sonoma
49708546983720,St. Vincent de Paul Elementary School,Petaluma City Elementary,Sonoma,49,,,,,,,,0,8,PSA enrollment by grade,k8,177,177,11,4,11.8,9,established,True,False,private,Active,K-8,st-vincent-de-paul-elementary-school-sonoma
49708396994164,Summerfield Waldorf School and Farm,Oak Grove Union Elementary,Sonoma,49,,,,,,,,0,12,PSA enrollment by grade,k12,233,178,21,25,5.1,13,established,True,False,private,Active,K-12,summerfield-waldorf-school-and-farm-sonoma
49708547019524,The Spring Hill School,Petaluma City Elementary,Sonoma,49,,,,,,,,0,8,PSA enrollment by grade,k8,83,83,11,2,6.4,9,established,True,False,private,Active,K-8,the-spring-hill-school-sonoma
49708966168140,Tyndale Preparatory Academy,Rincon Valley Union Elementary,Sonoma,49,,,,,,,,3,10,PSA enrollment by grade,middle_high,7,4,1,0,7.0,6,homeschool_shaped,False,False,private,Active,3-10,tyndale-preparatory-academy-sonoma
49708966158216,Victory Christian Academy,Rincon Valley Union Elementary,Sonoma,49,,,,,,,,0,12,PSA enrollment by grade,k12,180,138,12,6,10.0,13,established,True,False,private,Active,K-12,victory-christian-academy-sonoma
49753586917116,Windsor Christian Academy,Windsor Unified,Sonoma,49,,,,,,,,0,8,PSA enrollment by grade,k8,185,185,11,4,12.3,9,established,True,False,private,Active,K-8,windsor-christian-academy-sonoma
49708546902654,harvest christian school,Petaluma City Elementary,Sonoma,49,,,,,,,,0,8,PSA enrollment by grade,k8,158,158,12,2,11.3,9,established,True,False,private,Active,K-8,harvest-christian-school-sonoma
