cds_code,nces_id,name,district,county,county_code,street,city,zip,phone,website,latitude,longitude,grade_low,grade_high,grade_span_raw,grade_source,level,is_charter,is_magnet,is_multilingual,is_year_round,virtual_code,is_virtual,school_type_label,is_selectable,sector,status,principal,last_updated,slug
01100170130419,069105106830,Alameda County Community,Alameda County Office of Education,Alameda,01,313 West Winton Avenue,Hayward,94544-1136,(510) 670-4590,www.acoe.org,37.658212,-122.09713,8.0,12.0,8-12,GSserved,middle_high,False,False,False,False,C,False,County Community,False,public,Active,Jenaver Goodman,02/09/2023,alameda-county-community-hayward
01100170114363,069105112013,American Indian Public Charter School II,Alameda County Office of Education,Alameda,01,171 12th Street,Oakland,94607-4900,(510) 893-8701,www.aimsk12.org,37.800368,-122.26548,0.0,8.0,K-8,GSserved,k8,True,False,False,False,N,False,Elementary School (Public),True,public,Active,LaResha Huffman,08/20/2026,american-indian-public-charter-school-ii-oakland
01100170106906,069105110720,Bay Area Technology,Alameda County Office of Education,Alameda,01,1445 23rd Avenue,Oakland,94606,(510) 382-9932,www.baytechschool.org,37.784279,-122.23566,6.0,12.0,6-12,GSserved,middle_high,True,False,False,False,N,False,K-12 School (Public),True,public,Active,Seth Feldman,07/25/2026,bay-area-technology-oakland
01100170136101,069105114091,Connecting Waters Charter - East Bay,Alameda County Office of Education,Alameda,01,703 C Street,Union City,94587-2195,(209) 874-1119,https://eastbay.connectingwaters.org/,37.603623,-122.0253,0.0,12.0,K-12,GSserved,k12,True,False,False,False,N,False,K-12 School (Public),True,public,Active,Tammy Hushaw,02/24/2026,connecting-waters-charter-east-bay-union-city
01100176001788,069105104257,Cox Academy,Alameda County Office of Education,Alameda,01,9860 Sunnyside Street,Oakland,94603-2750,(510) 904-6300,www.efcps.org,37.746513,-122.16182,0.0,5.0,K-5,GSserved,elementary,True,False,False,False,N,False,Elementary School (Public),True,public,Active,Larissa Adam,03/26/2025,cox-academy-oakland
01100170112607,069105110947,Downtown Oakland Science Academy,Alameda County Office of Education,Alameda,01,1515 Webster Street,Oakland,94612-3355,(510) 596-8901,www.envisionacademy.org/,37.80452,-122.26815,6.0,12.0,6-12,GSserved,middle_high,True,False,False,False,N,False,K-12 School (Public),True,public,Active,Justin Wells,08/31/2026,downtown-oakland-science-academy-oakland
01100170129403,069105113772,Epic Charter,Alameda County Office of Education,Alameda,01,1045 Derby Avenue,Oakland,94601-2212,(510) 689-2035,www.efcps.net,37.777049,-122.2296,6.0,8.0,6-8,GSserved,middle,False,False,True,False,N,False,Intermediate/Middle School (Public),True,public,Active,Larissa Adam,02/10/2021,epic-charter-oakland
01100170138867,069105114443,Hayward Collegiate Charter,Alameda County Office of Education,Alameda,01,166 West Harder Road,Hayward,94544-2742,(650) 520-3915,www.haywardcollegiate.org,37.648124,-122.08239,0.0,6.0,K-6,GSserved,elementary,True,False,False,False,N,False,Elementary School (Public),True,public,Active,Danilo Juarez,08/29/2025,hayward-collegiate-charter-hayward
01100176002000,069105104288,Lazear Charter Academy,Alameda County Office of Education,Alameda,01,824 29th Avenue,Oakland,94601-2205,(510) 689-2000,www.efcps.org,37.776239,-122.23207,0.0,8.0,K-8,GSserved,k8,True,False,False,False,N,False,Elementary School (Public),True,public,Active,Kaitlin Friedman,08/11/2026,lazear-charter-academy-oakland
01100170131581,069105113887,Oakland Unity Middle,Alameda County Office of Education,Alameda,01,1180 70th Avenue,Oakland,94621-3216,(510) 564-4851,www.unitymiddle.org,37.759123,-122.19094,6.0,8.0,6-8,GSserved,middle,True,False,False,True,N,False,Intermediate/Middle School (Public),True,public,Active,Sau-Lim (Lance) Tsang,02/09/2023,oakland-unity-middle-oakland
01100170124172,069105112901,Yu Ming Charter,Alameda County Office of Education,Alameda,01,2501 Chestnut Street,Oakland,94607-2477,(510) 452-2063,www.yumingschool.org,37.818228,-122.28233,0.0,8.0,K-8,GSserved,k8,True,False,True,False,N,False,Elementary School (Public),True,public,Active,Celia Pascual,05/15/2024,yu-ming-charter-oakland
01611190130609,060177008673,Alameda Community Learning Center,Alameda Unified,Alameda,01,1900 Third Street,Alameda,94501-1851,(510) 995-4300,www.alamedaclc.org,37.779051,-122.28703,6.0,12.0,6-12,GSserved,middle_high,True,False,False,True,N,False,K-12 School (Public),True,public,Active,Annalisa Moore,05/23/2025,alameda-community-learning-center-alameda
01611196100374,060177000043,Amelia Earhart Elementary,Alameda Unified,Alameda,01,400 Packet Landing Road,Alameda,94502-6534,(510) 748-4003,https://earhart.alamedaunified.org/,37.745289,-122.23928,0.0,5.0,K-5,GSserved,elementary,False,False,False,False,N,False,Elementary School (Public),True,public,Active,Bryan Dunn-Ruiz,05/23/2025,amelia-earhart-elementary-alameda
01611196110779,060177000006,Bay Farm,Alameda Unified,Alameda,01,200 Aughinbaugh Way,Alameda,94502-7451,(510) 748-4010,https://bayfarm.alamedaunified.org/,37.738998,-122.25195,0.0,5.0,K-5,GSserved,elementary,False,False,False,False,N,False,Elementary School (Public),True,public,Active,Rahima Abdel-Hamid,08/28/2025,bay-farm-alameda
01611196090013,060177000044,Edison Elementary,Alameda Unified,Alameda,01,2700 Buena Vista Avenue,Alameda,94501-1610,(510) 748-4002,https://edison.alamedaunified.org/,37.765083,-122.23421,0.0,5.0,K-5,GSserved,elementary,False,False,False,False,N,False,Elementary School (Public),True,public,Active,Gregory Sahakian,05/23/2025,edison-elementary-alameda
01611190132142,060177000045,Encinal Junior/Senior High,Alameda Unified,Alameda,01,210 Central Avenue,Alameda,94501-3246,(510) 748-4023,https://encinal.alamedaunified.org/,37.772765,-122.289,6.0,12.0,6-12,GSserved,middle_high,False,False,False,False,N,False,K-12 School (Public),True,public,Active,Kirstin Snyder,09/30/2024,encinal-junior-senior-high-alameda
01611196090021,060177000054,Frank Otis Elementary,Alameda Unified,Alameda,01,3010 Fillmore Street,Alameda,94501-5544,(510) 748-4013,https://otis.alamedaunified.org/,37.754029,-122.23799,0.0,5.0,K-5,GSserved,elementary,False,False,False,False,N,False,Elementary School (Public),True,public,Active,Brian Dodson,05/23/2025,frank-otis-elementary-alameda
01611196090039,060177004337,Franklin Elementary,Alameda Unified,Alameda,01,1433 San Antonio Avenue,Alameda,94501-4039,(510) 748-4004,https://franklin.alamedaunified.org/,37.769036,-122.2616,0.0,5.0,K-5,GSserved,elementary,False,False,False,False,N,False,Elementary School (Public),True,public,Active,Jean Liu,08/31/2026,franklin-elementary-alameda
01611196090054,060177000049,Lincoln Middle,Alameda Unified,Alameda,01,1250 Fernside Boulevard,Alameda,94501-4808,(510) 748-4018,https://lincoln.alamedaunified.org/,37.752242,-122.23276,6.0,8.0,6-8,GSserved,middle,False,False,False,False,N,False,Intermediate/Middle School (Public),True,public,Active,Sheila SatheWarner,05/16/2024,lincoln-middle-alameda
01611196090047,060177000047,Love Elementary,Alameda Unified,Alameda,01,2025 Santa Clara Avenue,Alameda,94501-2720,(510) 748-4005,https://love.alamedaunified.org/,37.769332,-122.25106,0.0,5.0,K-5,GSserved,elementary,False,False,False,False,N,False,Elementary School (Public),True,public,Active,Mark Segado,08/31/2026,love-elementary-alameda
01611190139220,060177013107,Maya Lin,Alameda Unified,Alameda,01,825 Taylor Avenue,Alameda,94501-3411,(510) 748-4007,https://mayalin.alamedaunified.org/,37.772663,-122.27145,0.0,5.0,K-5,GSserved,elementary,False,False,False,False,N,False,Elementary School (Public),True,public,Active,Karen Ringewald,05/23/2025,maya-lin-alameda
01611190119222,060177012399,Nea Community Learning Center,Alameda Unified,Alameda,01,1900 Third Street,Alameda,94501-1851,(510) 748-4008,www.clcschools.org,37.779051,-122.28703,0.0,8.0,K-8,GSserved,k8,True,False,False,True,N,False,K-12 School (Public),True,public,Active,Annalisa Moore,05/23/2025,nea-community-learning-center-alameda
01611190111765,060177011549,Ruby Bridges Elementary,Alameda Unified,Alameda,01,351 Jack London Avenue,Alameda,94501-3901,(510) 748-4006,https://rubybridges.alamedaunified.org/,37.781834,-122.28614,0.0,5.0,K-5,GSserved,elementary,False,False,False,False,N,False,Elementary School (Public),True,public,Active,Juan Flores,08/31/2026,ruby-bridges-elementary-alameda
01611190122085,060177000042,The Academy of Alameda,Alameda Unified,Alameda,01,401 Pacific Avenue,Alameda,94501-1837,(510) 748-4017,http://aoaschools.org/,37.776497,-122.28582,0.0,8.0,K-8,GSserved,k8,True,False,False,True,N,False,Elementary School (Public),True,public,Active,Christine Chilcott,05/23/2025,the-academy-of-alameda-alameda
01611196090112,060177000057,Will C. Wood Middle,Alameda Unified,Alameda,01,1801 Sandcreek Way,Alameda,94501-5941,(510) 748-4015,https://wood.alamedaunified.org/,37.762192,-122.26043,6.0,8.0,6-8,GSserved,middle,False,False,False,False,N,False,Intermediate/Middle School (Public),True,public,Active,Jessica Lucio,10/01/2024,will-c-wood-middle-alameda
01611196090120,060177000003,William G. Paden Elementary,Alameda Unified,Alameda,01,444 Central Avenue,Alameda,94501-3615,(510) 748-4014,https://paden.alamedaunified.org/,37.771566,-122.28446,0.0,5.0,K-5,GSserved,elementary,False,False,False,False,N,False,Elementary School (Public),True,public,Active,Tri Nguyen,05/23/2025,william-g-paden-elementary-alameda
01611276090161,060186000060,Albany Middle,Albany City Unified,Alameda,01,1259 Brighton Avenue,Albany,94706-1336,(510) 558-3600,https://ams.ausdk12.org/,37.897851,-122.2953,6.0,8.0,6-8,GSserved,middle,False,False,False,False,N,False,Intermediate/Middle School (Public),True,public,Active,Eric Mapes,02/09/2023,albany-middle-albany
01611276090146,060186000061,Cornell Elementary,Albany City Unified,Alameda,01,920 Talbot Avenue,Albany,94706-2020,(510) 558-3700,https://cornell.ausdk12.org/,37.889826,-122.29518,0.0,5.0,K-5,GSserved,elementary,False,False,False,False,N,False,Elementary School (Public),True,public,Active,Catherine Floresca,10/20/2023,cornell-elementary-albany
01611276095376,060186000062,Marin Elementary,Albany City Unified,Alameda,01,1001 Santa Fe Avenue,Albany,94706-2341,(510) 559-4700,https://marin.ausdk12.org/,37.888559,-122.28817,0.0,5.0,K-5,GSserved,elementary,False,False,False,False,N,False,Elementary School (Public),True,public,Active,Melisa Pfohl,02/09/2023,marin-elementary-albany
01611276116222,060186007937,Ocean View Elementary,Albany City Unified,Alameda,01,1000 Jackson Street,Albany,94706-1904,(510) 558-4800,https://ov.ausdk12.org/,37.887539,-122.30092,0.0,5.0,K-5,GSserved,elementary,False,False,False,False,N,False,Elementary School (Public),True,public,Active,Ana Delgado,10/20/2023,ocean-view-elementary-albany
01611436097729,060474000431,Berkeley Arts Magnet at Whittier,Berkeley Unified,Alameda,01,2015 Virginia Street,Berkeley,94709-2073,(510) 644-6225,No Data,37.876876,-122.27052,0.0,5.0,K-5,GSserved,elementary,False,True,False,False,N,False,Elementary School (Public),True,public,Active,Rene Molina,04/22/2025,berkeley-arts-magnet-at-whittier-berkeley
01611430141655,060474014650,Berkeley Independent Study K-8,Berkeley Unified,Alameda,01,2701 Martin Luther King Jr Way,Berkeley,94703-2165,(510) 644-6159,http://berkeleyindependentstudy.wordpress.com/,37.859409,-122.27057,2.0,8.0,2-8,GSserved,k8,False,False,False,False,C,False,Alternative School of Choice,True,public,Active,Vincent Toan,07/22/2025,berkeley-independent-study-k-8-berkeley
01611430122804,060474012843,Berkeley Special Education Preschool,Berkeley Unified,Alameda,01,2020 Bonar Street,Berkeley,94702-1793,(510) 644-6120,www.berkeley.net,37.869165,-122.28842,0.0,0.0,K,GSserved,elementary,False,False,False,False,N,False,Preschool,False,public,Active,Shawn Mansager,04/22/2025,berkeley-special-education-preschool-berkeley
01611436090195,060474006895,Cragmont Elementary,Berkeley Unified,Alameda,01,830 Regal Road,Berkeley,94708-1308,(510) 644-8810,No Data,37.892673,-122.26355,0.0,5.0,K-5,GSserved,elementary,False,False,False,False,N,False,Elementary School (Public),True,public,Active,Rachel Porzig,07/22/2025,cragmont-elementary-berkeley
01611436090211,060474000436,Emerson Elementary,Berkeley Unified,Alameda,01,2800 Forest Avenue,Berkeley,94705-1309,(510) 644-6890,No Data,37.86149,-122.25111,0.0,5.0,K-5,GSserved,elementary,False,False,False,False,N,False,Elementary School (Public),True,public,Active,Jana Holmes,02/09/2023,emerson-elementary-berkeley
01611436105316,060474008119,John Muir Elementary,Berkeley Unified,Alameda,01,2955 Claremont Avenue,Berkeley,94705-2449,(510) 644-6410,No Data,37.857194,-122.24593,0.0,5.0,K-5,GSserved,elementary,False,False,False,False,N,False,Elementary School (Public),True,public,Active,Jeremy Furlan,02/09/2023,john-muir-elementary-berkeley
01611436090294,060474000446,Longfellow Arts and Technology Middle,Berkeley Unified,Alameda,01,1701 San Pablo Avenue,Berkeley,94702-1380,(510) 644-6360,No Data,37.872727,-122.29304,6.0,8.0,6-8,GSserved,middle,False,True,False,False,N,False,Intermediate/Middle School (Public),True,public,Active,Salita Mitchell,05/23/2025,longfellow-arts-and-technology-middle-berkeley
01611436090286,060474000447,Malcolm X Elementary,Berkeley Unified,Alameda,01,1731 Prince Street,Berkeley,94703-2464,(510) 644-6313,No Data,37.8522,-122.27373,0.0,5.0,K-5,GSserved,elementary,False,False,False,False,N,False,Elementary School (Public),True,public,Active,Alex Hunt,02/09/2023,malcolm-x-elementary-berkeley
01611436056857,060474000443,Martin Luther King Middle,Berkeley Unified,Alameda,01,1781 Rose Street,Berkeley,94703-1048,(510) 644-6280,No Data,37.881113,-122.277,6.0,8.0,6-8,GSserved,middle,False,False,False,False,N,False,Intermediate/Middle School (Public),True,public,Active,Michael Tison Yee,05/23/2025,martin-luther-king-middle-berkeley
01611436090302,060474000448,Oxford Elementary at West Campus,Berkeley Unified,Alameda,01,1222 University Avenue,Berkeley,94702-1766,(510) 644-6300,No Data,37.869063,-122.28851,0.0,5.0,K-5,GSserved,elementary,False,False,False,False,N,False,Elementary School (Public),True,public,Active,Elizabeth Cornwell,07/18/2023,oxford-elementary-at-west-campus-berkeley
01611436090187,060474006865,Rosa Parks Environmental Science,Berkeley Unified,Alameda,01,920 Allston Way,Berkeley,94710-2389,(510) 644-8812,No Data,37.865652,-122.29471,0.0,5.0,K-5,GSserved,elementary,False,False,False,False,N,False,Elementary School (Public),True,public,Active,Holen Robie,07/22/2025,rosa-parks-environmental-science-berkeley
01611436090252,060474000441,Ruth Acty Elementary,Berkeley Unified,Alameda,01,1465 Acton Street,Berkeley,94702-1217,(510) 644-6298,No Data,37.878938,-122.2851,0.0,5.0,K-5,GSserved,elementary,False,False,False,False,N,False,Elementary School (Public),True,public,Active,Mary Cazden,10/29/2024,ruth-acty-elementary-berkeley
01611436090278,060474000445,Sylvia Mendez Elementary,Berkeley Unified,Alameda,01,2840 Ellsworth Street,Berkeley,94705-1029,(510) 644-6290,No Data,37.858258,-122.2617,0.0,5.0,K-5,GSserved,elementary,False,False,True,False,N,False,Elementary School (Public),True,public,Active,Maria Carriedo,08/02/2023,sylvia-mendez-elementary-berkeley
01611436090310,060474000450,Thousand Oaks Elementary,Berkeley Unified,Alameda,01,840 Colusa Avenue,Berkeley,94707-1858,(510) 644-6368,No Data,37.893082,-122.2804,0.0,5.0,K-5,GSserved,elementary,False,False,False,False,N,False,Elementary School (Public),True,public,Active,Gabriel Fredman,06/14/2024,thousand-oaks-elementary-berkeley
01611436090328,060474000452,Washington Elementary,Berkeley Unified,Alameda,01,2300 Martin Luther King Junior Way,Berkeley,94704-1412,(510) 644-6310,No Data,37.866959,-122.27257,0.0,5.0,K-5,GSserved,elementary,False,False,False,False,N,False,Elementary School (Public),True,public,Active,Joshua Heideman,07/18/2023,washington-elementary-berkeley
01611436056865,060474007267,Willard Middle,Berkeley Unified,Alameda,01,2425 Stuart Street,Berkeley,94705-1209,(510) 644-6330,No Data,37.859666,-122.25862,6.0,8.0,6-8,GSserved,middle,False,False,False,False,N,False,Intermediate/Middle School (Public),True,public,Active,Laurie Clark,07/22/2025,willard-middle-berkeley
01316090131755,060000210346,California School for the Blind,California School for the Blind (State Special Schl),Alameda,01,500 Walnut Avenue,Fremont,94536-4365,(510) 794-3800,www.csb-cde.ca.gov/,37.562576,-121.96563,2.0,12.0,2-12,GSserved,k12,False,True,False,False,N,False,State Special School,False,public,Active,Shannon Johns,03/08/2024,california-school-for-the-blind-fremont
01316170131763,060000310347,California School for the Deaf-Fremont,California School for the Deaf-Fremont (State Special Schl),Alameda,01,39350 Gallaudet Drive,Fremont,94538-2308,(510) 794-3666,www.csdeagles.com,37.558956,-121.96551,0.0,12.0,K-12,GSserved,k12,False,False,True,True,N,False,State Special School,False,public,Active,Sulghi Hong,05/23/2025,california-school-for-the-deaf-fremont-fremont
01611506097653,060780000740,Canyon Middle,Castro Valley Unified,Alameda,01,19600 Cull Canyon Road,Castro Valley,94552-3715,(510) 538-8833,No Data,37.705772,-122.05426,6.0,8.0,6-8,GSserved,middle,False,False,False,False,N,False,Intermediate/Middle School (Public),True,public,Active,Steven Hendee,07/26/2024,canyon-middle-castro-valley
01611506090351,060780000741,Castro Valley Elementary,Castro Valley Unified,Alameda,01,20185 San Miguel Avenue,Castro Valley,94546-0146,(510) 537-1919,No Data,37.698047,-122.08102,0.0,5.0,K-5,GSserved,elementary,False,False,False,False,N,False,Elementary School (Public),True,public,Active,Elizabeth Contreras,08/30/2023,castro-valley-elementary-castro-valley
01611506090369,060780007661,Chabot Elementary,Castro Valley Unified,Alameda,01,19104 Lake Chabot Road,Castro Valley,94546-2936,(510) 537-2342,No Data,37.707084,-122.09012,0.0,5.0,K-5,GSserved,elementary,False,False,False,False,N,False,Elementary School (Public),True,public,Active,Delnaz Hosseini,02/09/2023,chabot-elementary-castro-valley
01611506090385,060780006909,Creekside Middle,Castro Valley Unified,Alameda,01,19722 Center Street,Castro Valley,94546-4704,(510) 247-0665,No Data,37.699926,-122.06124,6.0,8.0,6-8,GSserved,middle,False,False,False,False,N,False,Intermediate/Middle School (Public),True,public,Active,Susan Shih,02/09/2023,creekside-middle-castro-valley
01611506090393,060780009342,Independent Elementary,Castro Valley Unified,Alameda,01,21201 Independent School Road,Castro Valley,94552-4826,(510) 537-9558,No Data,37.699109,-122.04975,0.0,5.0,K-5,GSserved,elementary,False,False,False,False,N,False,Elementary School (Public),True,public,Active,Patrick Hansen-Schmitt,02/09/2023,independent-elementary-castro-valley
01611506113005,060780004339,Jensen Ranch Elementary,Castro Valley Unified,Alameda,01,20001 Carson Lane,Castro Valley,94552-1001,(510) 537-6365,No Data,37.713125,-122.03122,0.0,5.0,K-5,GSserved,elementary,False,False,False,False,N,False,Elementary School (Public),True,public,Active,Lisa MacLean,02/09/2023,jensen-ranch-elementary-castro-valley
01611506090401,060780000746,Marshall Elementary,Castro Valley Unified,Alameda,01,20111 Marshall Street,Castro Valley,94546-4656,(510) 537-2431,No Data,37.697794,-122.06573,0.0,5.0,K-5,GSserved,elementary,False,False,False,False,N,False,Elementary School (Public),True,public,Active,Mistee Guzman,08/21/2024,marshall-elementary-castro-valley
01611506090419,060780000747,Palomares Elementary,Castro Valley Unified,Alameda,01,6395 Palo Verde Road,Castro Valley,94552-9708,(510) 582-4207,No Data,37.695582,-122.0248,0.0,5.0,K-5,GSserved,elementary,False,False,False,False,N,False,Elementary School (Public),True,public,Active,Jennifer Tomita,02/09/2023,palomares-elementary-castro-valley
01611506090435,060780000749,Proctor Elementary,Castro Valley Unified,Alameda,01,17520 Redwood Road,Castro Valley,94546-1434,(510) 537-0630,No Data,37.716742,-122.07366,0.0,5.0,K-5,GSserved,elementary,False,False,False,False,N,False,Elementary School (Public),True,public,Active,Darlene Martin,07/14/2025,proctor-elementary-castro-valley
01611506090468,060780009525,Stanton Elementary,Castro Valley Unified,Alameda,01,2644 Somerset Avenue,Castro Valley,94546-4016,(510) 727-9192,No Data,37.699908,-122.09352,0.0,5.0,K-5,GSserved,elementary,False,False,False,False,N,False,Elementary School (Public),True,public,Active,Gina Faria,02/09/2023,stanton-elementary-castro-valley
01611506090484,060780000752,Vannoy Elementary,Castro Valley Unified,Alameda,01,5100 Vannoy,Castro Valley,94546-0146,(510) 537-1832,No Data,37.706636,-122.05868,0.0,5.0,K-5,GSserved,elementary,False,False,True,False,N,False,Elementary School (Public),True,public,Active,Soraya Villasenor,07/26/2024,vannoy-elementary-castro-valley
01750930136929,060001914370,Cottonwood Creek,Dublin Unified,Alameda,01,2400 Central Parkway,Dublin,94568-6723,(925) 833-3333,www.dublin.k12.ca.us/,37.710001,-121.84732,0.0,8.0,K-8,GSserved,k8,False,False,False,False,C,False,Elementary School (Public),True,public,Active,Jonna Palmer,06/18/2026,cottonwood-creek-dublin
01750936001374,060001906929,Dublin Elementary,Dublin Unified,Alameda,01,7997 Vomac Road,Dublin,94568-1599,(925) 833-1204,www.dublinusd.org,37.715023,-121.9365,0.0,5.0,K-5,GSserved,elementary,False,False,False,False,N,False,Elementary School (Public),True,public,Active,Lauren McGovern,02/09/2023,dublin-elementary-dublin
01750930125930,060001913169,Eleanor Murray Fallon,Dublin Unified,Alameda,01,3601 Kohnen Way,Dublin,94568-8751,(925) 875-9376,www.dublinusd.org,37.71566,-121.86589,6.0,8.0,6-8,GSserved,middle,False,False,False,False,N,False,Intermediate/Middle School (Public),True,public,Active,Candice Baligaya,08/02/2023,eleanor-murray-fallon-dublin
01750936001390,060001909275,Frederiksen Elementary,Dublin Unified,Alameda,01,7243 Tamarack Drive,Dublin,94568-1746,(925) 828-1037,www.dublinusd.org,37.715077,-121.92195,0.0,5.0,K-5,GSserved,elementary,False,False,False,False,N,False,Elementary School (Public),True,public,Active,Kathrynn Kang,06/18/2026,frederiksen-elementary-dublin
01750930123935,060001912927,Harold William Kolb,Dublin Unified,Alameda,01,3150 Palermo Way,Dublin,94568-7326,(925) 551-4000,www.dublinusd.org,37.71193,-121.8587,0.0,5.0,K-5,GSserved,elementary,False,False,False,False,N,False,Elementary School (Public),True,public,Active,Clara Lee,02/09/2023,harold-william-kolb-dublin
01750930131615,060001913862,J. M. Amador Elementary,Dublin Unified,Alameda,01,2100 East Cantara Drive,Dublin,94568-6700,(925) 307-1950,www.dublinusd.org,37.717296,-121.84565,0.0,5.0,K-5,GSserved,elementary,False,False,False,False,N,False,Elementary School (Public),True,public,Active,Michael D'Ambrosio,06/18/2026,j-m-amador-elementary-dublin
01750936118038,060001908443,James Dougherty Elementary,Dublin Unified,Alameda,01,5301 Hibernia Drive,Dublin,94568-3164,(925) 803-4444,www.dublinusd.org,37.71039,-121.88512,0.0,5.0,K-5,GSserved,elementary,False,False,False,False,N,False,Elementary School (Public),True,public,Active,Nisha Gilbert,02/09/2023,james-dougherty-elementary-dublin
01750930114579,060001912078,John Green Elementary,Dublin Unified,Alameda,01,3300 Antone Way,Dublin,94568-7550,(925) 833-4200,www.dublinusd.org,37.7181,-121.8615,0.0,5.0,K-5,GSserved,elementary,False,False,False,False,N,False,Elementary School (Public),True,public,Active,Mario Hurtado,06/18/2026,john-green-elementary-dublin
01750936001424,060001909276,Murray Elementary,Dublin Unified,Alameda,01,8435 Davona Drive,Dublin,94568-1107,(925) 828-2568,www.dublinusd.org,37.72154,-121.93298,0.0,5.0,K-5,GSserved,elementary,False,False,False,False,N,False,Elementary School (Public),True,public,Active,Elizabeth Witczak,08/02/2023,murray-elementary-dublin
01750930165498,060001914795,Shamrock Hills TK-8,Dublin Unified,Alameda,01,5500 Horizon Parkway,Dublin,94568,(925) 307-1900,http://dublinusd.org,37.7103,-121.89591,0.0,8.0,No Data,GSoffered,k8,False,False,False,False,N,False,Elementary School (Public),True,public,Active,Erin Magill,07/29/2026,shamrock-hills-tk-8-dublin
01750936066484,060001909278,Wells Middle,Dublin Unified,Alameda,01,6800 Penn Drive,Dublin,94568-2118,(925) 828-6227,www.dublinusd.org,37.712563,-121.9188,6.0,8.0,6-8,GSserved,middle,False,False,False,False,N,False,Intermediate/Middle School (Public),True,public,Active,Monica Macdonald,06/17/2025,wells-middle-dublin
01611686090492,061263001425,Anna Yates Elementary,Emery Unified,Alameda,01,4727 San Pablo,Emeryville,94608-3643,(510) 601-4916,No Data,37.836311,-122.28182,0.0,8.0,K-8,GSserved,k8,False,False,False,False,N,False,Elementary School (Public),True,public,Active,Anthony Animuntu,04/01/2025,anna-yates-elementary-emeryville
01611680119933,061263013526,Emeryville Preschool Students,Emery Unified,Alameda,01,1275 - 61st Street,Emeryville,94608-2132,(510) 601-4000,www.emeryusd.k12.ca.us,37.842955,-122.28843,0.0,0.0,K,GSserved,elementary,False,False,False,False,N,False,Preschool,False,public,Active,Deanna Yasaki,04/01/2025,emeryville-preschool-students-emeryville
01611766104723,061440008138,Ardenwood Elementary,Fremont Unified,Alameda,01,33955 Emilia Lane,Fremont,94555-2068,(510) 794-0392,https://fremontunified.org/ardenwood/,37.572796,-122.05205,0.0,5.0,K-5,GSserved,elementary,False,False,False,False,N,False,Elementary School (Public),True,public,Active,Glynis Mason,07/20/2023,ardenwood-elementary-fremont
01611766000558,061440001657,Brier Elementary,Fremont Unified,Alameda,01,39201 Sundale Drive,Fremont,94538-1916,(510) 657-5020,https://fremontunified.org/brier/,37.539776,-121.9847,0.0,5.0,K-5,GSserved,elementary,False,False,False,False,N,False,Elementary School (Public),True,public,Active,Tammy Pachote,07/05/2023,brier-elementary-fremont
01611766089320,061440001658,Brookvale Elementary,Fremont Unified,Alameda,01,3400 Nicolet Avenue,Fremont,94536-3598,(510) 797-5940,https://fremontunified.org/brookvale/,37.568768,-122.01399,0.0,5.0,K-5,GSserved,elementary,False,False,False,False,N,False,Elementary School (Public),True,public,Active,Malinda Elliott,07/20/2023,brookvale-elementary-fremont
01611766000566,061440001659,Cabrillo Elementary,Fremont Unified,Alameda,01,36700 San Pedro Drive,Fremont,94536-6406,(510) 792-3232,https://fremontunified.org/cabrillo/,37.550826,-122.02333,0.0,5.0,K-5,GSserved,elementary,False,False,False,False,N,False,Elementary School (Public),True,public,Active,Jin Kim,01/08/2024,cabrillo-elementary-fremont
01611766056873,061440001660,Centerville Middle,Fremont Unified,Alameda,01,37720 Fremont Boulevard,Fremont,94536-5096,(510) 797-2072,https://fremontunified.org/centerville/,37.555648,-122.0019,6.0,8.0,6-8,GSserved,middle,False,False,False,False,N,False,Intermediate/Middle School (Public),True,public,Active,Susan Lemke,06/27/2024,centerville-middle-fremont
01611760130534,061440007479,Circle of Independent Learning,Fremont Unified,Alameda,01,4700 Calaveras Avenue,Fremont,94538-1124,(510) 797-0100,https://www.coilk12.net,37.537962,-121.99206,0.0,12.0,K-12,GSserved,k12,True,False,False,False,N,False,K-12 School (Public),True,public,Active,Teresa Copenhaver,09/19/2024,circle-of-independent-learning-fremont
01611766000590,061440001666,E. M. Grimmer Elementary,Fremont Unified,Alameda,01,43030 Newport Drive,Fremont,94538-6113,(510) 656-1250,https://fremontunified.org/grimmer/,37.519634,-121.951,0.0,5.0,K-5,GSserved,elementary,False,False,False,False,N,False,Elementary School (Public),True,public,Active,Matthew Kaufman,08/09/2024,e-m-grimmer-elementary-fremont
01611766111330,061440000488,Forest Park Elementary,Fremont Unified,Alameda,01,34400 Maybird Circle,Fremont,94555-2917,(510) 713-0141,https://fremontunified.org/forestpark/,37.561214,-122.05188,0.0,5.0,K-5,GSserved,elementary,False,False,False,False,N,False,Elementary School (Public),True,public,Active,Denise Mapelli,07/20/2023,forest-park-elementary-fremont
01611766106983,061440009139,Fred E. Weibel Elementary,Fremont Unified,Alameda,01,45135 South Grimmer Boulevard,Fremont,94539-6631,(510) 651-6958,https://fremontunified.org/weibel/,37.507308,-121.92838,0.0,5.0,K-5,GSserved,elementary,False,False,False,False,N,False,Elementary School (Public),True,public,Active,Annie Lee,07/05/2023,fred-e-weibel-elementary-fremont
01611766056881,061440001689,G. M. Walters Middle,Fremont Unified,Alameda,01,39600 Logan Drive,Fremont,94538-1912,(510) 656-7211,https://fremontunified.org/walters/,37.5373,-121.98586,6.0,8.0,6-8,GSserved,middle,False,False,False,False,N,False,Intermediate/Middle School (Public),True,public,Active,Dana Graham,07/05/2023,g-m-walters-middle-fremont
01611760128298,061440013675,Glankler Early Learning Center,Fremont Unified,Alameda,01,39207 Sundale Drive,Fremont,94538-1916,(510) 651-1190,https://fremontunified.org/glankler/,37.540113,-121.98438,1.0,1.0,1,GSserved,elementary,False,False,False,False,N,False,Special Education School (Public),False,public,Active,Charlene Sim,06/27/2024,glankler-early-learning-center-fremont
01611766000624,061440001663,Glenmoor Elementary,Fremont Unified,Alameda,01,4620 Mattos Drive,Fremont,94536-6784,(510) 797-0740,https://fremontunified.org/glenmoor/,37.545703,-122.00487,0.0,5.0,K-5,GSserved,elementary,False,False,False,False,N,False,Elementary School (Public),True,public,Active,Brian Benevides,07/20/2023,glenmoor-elementary-fremont
01611766000640,061440001665,Harvey Green Elementary,Fremont Unified,Alameda,01,42875 Gatewood Street,Fremont,94538-4131,(510) 656-6438,https://fremontunified.org/green/,37.518135,-121.9581,0.0,5.0,K-5,GSserved,elementary,False,False,False,False,N,False,Elementary School (Public),True,public,Active,Trisha Johnson,07/05/2023,harvey-green-elementary-fremont
01611766000665,061440001662,J. Haley Durham Elementary,Fremont Unified,Alameda,01,40292 Leslie Street,Fremont,94538-3520,(510) 657-7080,https://fremontunified.org/durham/,37.542078,-121.96689,0.0,5.0,K-5,GSserved,elementary,False,False,False,False,N,False,Elementary School (Public),True,public,Active,Michelle Tibbs,09/29/2025,j-haley-durham-elementary-fremont
01611766000673,061440001673,James Leitch Elementary,Fremont Unified,Alameda,01,47100 Fernald Street,Fremont,94539-7005,(510) 657-6100,https://fremontunified.org/leitch/,37.486506,-121.92328,0.0,2.0,K-2,GSserved,elementary,False,False,False,False,N,False,Elementary School (Public),True,public,Active,Lizaday Rancap-Perez,07/05/2023,james-leitch-elementary-fremont
01611766000541,061440001656,John Blacow Elementary,Fremont Unified,Alameda,01,40404 Sundale Drive,Fremont,94538-3314,(510) 656-5121,https://fremontunified.org/blacow/,37.527561,-121.97712,0.0,5.0,K-5,GSserved,elementary,False,False,True,False,N,False,Elementary School (Public),True,public,Active,Laura Codicetti,06/27/2025,john-blacow-elementary-fremont
01611766000723,061440001675,John G. Mattos Elementary,Fremont Unified,Alameda,01,37944 Farwell Drive,Fremont,94536-7008,(510) 793-1359,https://fremontunified.org/mattos/,37.538095,-122.01172,0.0,5.0,K-5,GSserved,elementary,False,True,False,False,N,False,Elementary School (Public),True,public,Active,Sherea Westra,07/05/2023,john-g-mattos-elementary-fremont
01611766066468,061440001664,John Gomes Elementary,Fremont Unified,Alameda,01,555 Lemos Lane,Fremont,94539-3750,(510) 656-3414,https://fremontunified.org/gomes/,37.550361,-121.94761,0.0,5.0,K-5,GSserved,elementary,False,False,False,False,N,False,Elementary School (Public),True,public,Active,Pamela Hughes,07/20/2023,john-gomes-elementary-fremont
01611766056907,061440001670,John M. Horner Middle,Fremont Unified,Alameda,01,4350 Irvington Avenue,Fremont,94538-4202,(510) 656-4000,https://fremontunified.org/horner/,37.529681,-121.96482,6.0,8.0,6-8,GSserved,middle,False,False,False,False,N,False,Intermediate/Middle School (Public),True,public,Active,Cindy Hicks-Rodriguez,07/05/2023,john-m-horner-middle-fremont
01611766000681,061440001655,Joseph Azevada Elementary,Fremont Unified,Alameda,01,39450 Royal Palm Drive,Fremont,94538-1843,(510) 657-3900,https://fremontunified.org/azevada/,37.53097,-121.99417,0.0,5.0,K-5,GSserved,elementary,False,False,False,False,N,False,Elementary School (Public),True,public,Active,Merrill Grimmer,06/26/2025,joseph-azevada-elementary-fremont
01611766090526,061440001661,Joshua Chadbourne Elementary,Fremont Unified,Alameda,01,801 Plymouth Avenue,Fremont,94539-4637,(510) 656-5242,https://fremontunified.org/chadbourne/,37.542168,-121.93996,0.0,5.0,K-5,GSserved,elementary,False,False,False,False,N,False,Elementary School (Public),True,public,Active,Christopher Wood,06/29/2026,joshua-chadbourne-elementary-fremont
01611760138982,061440014601,Lila Bringhurst Elementary,Fremont Unified,Alameda,01,45051 Wisdom Road,Fremont,94538,(510) 490-1205,https://fremontunified.org/bringhurst/,37.498517,-121.95308,0.0,5.0,K-5,GSserved,elementary,False,False,True,False,N,False,Elementary School (Public),True,public,Active,Angela Hsu,07/01/2024,lila-bringhurst-elementary-fremont
01611766090534,061440001677,Mission San Jose Elementary,Fremont Unified,Alameda,01,43545 Bryant Street,Fremont,94539-5885,(510) 656-1200,https://fremontunified.org/msje/,37.528296,-121.92137,0.0,5.0,K-5,GSserved,elementary,False,False,False,False,N,False,Elementary School (Public),True,public,Active,Katherine Carter,07/20/2023,mission-san-jose-elementary-fremont
01611766000749,061440001679,Mission Valley Elementary,Fremont Unified,Alameda,01,41700 Denise Street,Fremont,94539-4562,(510) 656-2000,https://fremontunified.org/missionvalley/,37.535791,-121.94741,0.0,5.0,K-5,GSserved,elementary,False,False,False,False,N,False,Elementary School (Public),True,public,Active,Jaclyn McClintock,07/20/2023,mission-valley-elementary-fremont
01611766000756,061440001680,Niles Elementary,Fremont Unified,Alameda,01,37141 Second Street,Fremont,94536-2835,(510) 793-1141,https://fremontunified.org/niles/,37.57705,-121.98446,0.0,5.0,K-5,GSserved,elementary,False,False,False,False,N,False,Elementary School (Public),True,public,Active,Spenser Peterson,06/29/2026,niles-elementary-fremont
01611766000764,061440001668,O. N. Hirsch Elementary,Fremont Unified,Alameda,01,41399 Chapel Way,Fremont,94538-4202,(510) 657-3537,https://fremontunified.org/hirsch/,37.528227,-121.9629,0.0,5.0,K-5,GSserved,elementary,False,False,False,False,N,False,Elementary School (Public),True,public,Active,Christina Arroyo,07/20/2023,o-n-hirsch-elementary-fremont
01611766090542,061440001683,Oliveira Elementary,Fremont Unified,Alameda,01,4180 Alder Avenue,Fremont,94536-4799,(510) 797-1135,https://fremontunified.org/oliveira/,37.560394,-122.01771,0.0,5.0,K-5,GSserved,elementary,False,False,False,False,N,False,Elementary School (Public),True,public,Active,Harry Pabley,08/07/2025,oliveira-elementary-fremont
01611766000798,061440001684,Parkmont Elementary,Fremont Unified,Alameda,01,2601 Parkside Drive,Fremont,94536-5246,(510) 793-7492,https://fremontunified.org/parkmont/,37.560232,-121.98468,0.0,5.0,K-5,GSserved,elementary,False,False,False,False,N,False,Elementary School (Public),True,public,Active,Walter Lewis,06/27/2024,parkmont-elementary-fremont
01611766000806,061440001685,Patterson Elementary,Fremont Unified,Alameda,01,35521 Cabrillo Drive,Fremont,94536-5499,(510) 793-0420,https://fremontunified.org/patterson/,37.56225,-122.03085,0.0,5.0,K-5,GSserved,elementary,False,False,False,False,N,False,Elementary School (Public),True,public,Active,Kristin Dil,07/20/2023,patterson-elementary-fremont
01611766090559,061440001676,Steven Millard Elementary,Fremont Unified,Alameda,01,5200 Valpey Park Drive,Fremont,94538-3262,(510) 657-0344,https://fremontunified.org/millard/,37.520062,-121.97397,0.0,5.0,K-5,GSserved,elementary,False,False,False,False,N,False,Elementary School (Public),True,public,Active,Jorge Gonzalez,07/05/2023,steven-millard-elementary-fremont
01611766056915,061440001687,Thornton Middle,Fremont Unified,Alameda,01,4357 Thornton Avenue,Fremont,94536-4897,(510) 793-9090,https://fremontunified.org/thornton/,37.557124,-122.01454,6.0,8.0,6-8,GSserved,middle,False,False,False,False,N,False,Intermediate/Middle School (Public),True,public,Active,Sharon Strausbaugh,07/21/2023,thornton-middle-fremont
01611766000715,061440001674,Tom Maloney Elementary,Fremont Unified,Alameda,01,38700 Logan Drive,Fremont,94536-6899,(510) 797-4426,https://fremontunified.org/maloney/,37.545405,-121.99843,0.0,5.0,K-5,GSserved,elementary,False,False,False,False,N,False,Elementary School (Public),True,public,Active,Zahra Pelayo,06/29/2026,tom-maloney-elementary-fremont
01611766000830,061440001688,Vallejo Mill Elementary,Fremont Unified,Alameda,01,38569 Canyon Heights Drive,Fremont,94536-1899,(510) 793-1441,https://fremontunified.org/vallejomill/,37.574495,-121.9599,0.0,5.0,K-5,GSserved,elementary,False,False,False,False,N,False,Elementary School (Public),True,public,Active,Carrie Irwin,06/29/2026,vallejo-mill-elementary-fremont
01611760130435,061440009369,Vista Alternative,Fremont Unified,Alameda,01,4455 Seneca Park Avenue,Fremont,94538-4028,(510) 657-7028,https://fremontunified.org/robertson/,37.518632,-121.96492,7.0,12.0,7-12,GSserved,middle_high,False,False,False,False,C,False,Alternative School of Choice,True,public,Active,Sheila Jemo,06/27/2025,vista-alternative-fremont
01611766000848,061440001690,Warm Springs Elementary,Fremont Unified,Alameda,01,47370 Warm Springs Boulevard,Fremont,94539-7458,(510) 656-1611,https://fremontunified.org/warmsprings/,37.482877,-121.92534,3.0,5.0,3-5,GSserved,elementary,False,False,False,False,N,False,Elementary School (Public),True,public,Active,Scott Iwata,07/20/2023,warm-springs-elementary-fremont
01611766089619,061440001691,Warwick Elementary,Fremont Unified,Alameda,01,3375 Warwick Road,Fremont,94555-2499,(510) 793-8660,https://fremontunified.org/warwick/,37.57651,-122.03048,0.0,5.0,K-5,GSserved,elementary,False,False,False,False,N,False,Elementary School (Public),True,public,Active,Barbara Ochoa,07/20/2023,warwick-elementary-fremont
01611766056923,061440001669,William Hopkins Middle,Fremont Unified,Alameda,01,600 Driscoll Road,Fremont,94539-3803,(510) 656-3500,https://fremontunified.org/hopkins/,37.54702,-121.94242,6.0,8.0,6-8,GSserved,middle,False,False,True,False,N,False,Intermediate/Middle School (Public),True,public,Active,Nancy Kuei,07/21/2023,william-hopkins-middle-fremont
01611926056956,061674009847,Anthony W. Ochoa Middle,Hayward Unified,Alameda,01,2121 Depot Road,Hayward,94545-2428,(510) 723-3130,No Data,37.638836,-122.10968,7.0,8.0,7-8,GSserved,middle,False,False,True,False,N,False,Intermediate/Middle School (Public),True,public,Active,Makilia Rowe,05/23/2025,anthony-w-ochoa-middle-hayward
01611926056931,061674002105,Bret Harte Middle,Hayward Unified,Alameda,01,1047 E Street,Hayward,94540-5000,(510) 723-3100,No Data,37.670265,-122.07899,7.0,8.0,7-8,GSserved,middle,False,False,False,False,N,False,Intermediate/Middle School (Public),True,public,Active,David Seymour,08/18/2026,bret-harte-middle-hayward
01611926000905,061674002106,Burbank Elementary,Hayward Unified,Alameda,01,222 Burbank Street,Hayward,94541-6307,(510) 723-3805,No Data,37.666249,-122.0952,0.0,6.0,K-6,GSserved,elementary,False,False,True,False,N,False,Elementary School (Public),True,public,Active,Irma Torres-Fitzsimons,09/27/2025,burbank-elementary-hayward
01611926000913,061674002108,Cherryland Elementary,Hayward Unified,Alameda,01,456 Laurel Avenue,Hayward,94541-3831,(510) 723-3810,No Data,37.672198,-122.09479,0.0,6.0,K-6,GSserved,elementary,False,False,True,False,N,False,Elementary School (Public),True,public,Active,Heather Thorner,08/11/2025,cherryland-elementary-hayward
01611926000921,061674002109,East Avenue Elementary,Hayward Unified,Alameda,01,2424 East Avenue,Hayward,94541-5634,(510) 723-3815,No Data,37.67083,-122.0543,0.0,6.0,K-6,GSserved,elementary,False,False,False,True,N,False,Elementary School (Public),True,public,Active,Catherine Diaz-Centeno,08/11/2025,east-avenue-elementary-hayward
01611926090583,061674002110,Eden Gardens Elementary,Hayward Unified,Alameda,01,2184 Thayer Avenue,Hayward,94545-2925,(510) 723-3820,No Data,37.638076,-122.10721,0.0,6.0,K-6,GSserved,elementary,False,False,False,False,N,False,Elementary School (Public),True,public,Active,Michelle Perez,08/18/2026,eden-gardens-elementary-hayward
01611926000947,061674002111,Eldridge Elementary,Hayward Unified,Alameda,01,26825 Eldridge Avenue,Hayward,94544-3729,(510) 723-3825,No Data,37.63684,-122.0853,0.0,6.0,K-6,GSserved,elementary,False,False,False,True,N,False,Elementary School (Public),True,public,Active,Brian McComb,08/09/2023,eldridge-elementary-hayward
01611926000962,061674002113,Fairview Elementary,Hayward Unified,Alameda,01,23515 Maud Avenue,Hayward,94541-4519,(510) 723-3830,No Data,37.680799,-122.05205,0.0,6.0,K-6,GSserved,elementary,False,False,False,False,N,False,Elementary School (Public),True,public,Active,Lauren Matteis,08/09/2023,fairview-elementary-hayward
01611926000988,061674002114,Glassbrook Elementary,Hayward Unified,Alameda,01,975 Schafer Road,Hayward,94544-3614,(510) 723-3835,No Data,37.640942,-122.08084,0.0,6.0,K-6,GSserved,elementary,False,False,True,False,N,False,Elementary School (Public),True,public,Active,Nora Molina-Zamora,08/20/2024,glassbrook-elementary-hayward
01611926000996,061674002115,Harder Elementary,Hayward Unified,Alameda,01,352 Harder Road,Hayward,94544-2830,(510) 723-3840,No Data,37.650484,-122.07262,0.0,6.0,K-6,GSserved,elementary,False,False,True,False,N,False,Elementary School (Public),True,public,Active,Cynthia Ortiz,09/27/2025,harder-elementary-hayward
01611920127944,061674013531,Hayward Twin Oaks Montessori,Hayward Unified,Alameda,01,951 Palisade Street,Hayward,94542-1048,(510) 370-3334,www.haywardtwinoaks.org,37.66194,-122.07446,1.0,12.0,1-12,GSserved,k12,True,False,False,False,N,False,K-12 School (Public),True,public,Active,Yanira Ledezma,08/08/2024,hayward-twin-oaks-montessori-hayward
01611920137646,061674011849,Impact Academy of Arts & Technology,Hayward Unified,Alameda,01,2560 Darwin Street,Hayward,94545-3451,(510) 300-1560,www.es-impact.org,37.63089,-122.10291,6.0,12.0,6-12,GSserved,middle_high,True,False,False,False,N,False,K-12 School (Public),True,public,Active,Justin Wells,06/25/2026,impact-academy-of-arts-technology-hayward
01611920127696,061674013351,Knowledge Enlightens You (KEY) Academy,Hayward Unified,Alameda,01,585 Willow Avenue,Hayward,94541-2424,(510) 397-2524,www.keyacademycharter.org,37.675247,-122.09789,0.0,8.0,K-8,GSserved,k8,True,False,False,False,N,False,Elementary School (Public),True,public,Active,David Ramirez,02/09/2023,knowledge-enlightens-you-key-academy-hayward
01611926056949,061674002118,La Vista Middle,Hayward Unified,Alameda,01,27845 Whitman Road,Hayward,94544-4752,(510) 723-3110,No Data,37.63698,-122.06277,7.0,8.0,7-8,GSserved,middle,False,False,True,False,N,False,Intermediate/Middle School (Public),True,public,Active,Khanh Yeargin,08/18/2026,la-vista-middle-hayward
01611926001044,061674002120,Longwood Elementary,Hayward Unified,Alameda,01,850 Longwood Avenue,Hayward,94541-7151,(510) 723-3850,No Data,37.659052,-122.1101,0.0,6.0,K-6,GSserved,elementary,False,False,True,False,N,False,Elementary School (Public),True,public,Active,Luis Garcia,02/13/2019,longwood-elementary-hayward
01611926001051,061674002121,Lorin A. Eden Elementary,Hayward Unified,Alameda,01,27790 Portsmouth Avenue,Hayward,94545-4013,(510) 723-3855,No Data,37.624161,-122.10008,0.0,6.0,K-6,GSserved,elementary,False,False,False,False,N,False,Elementary School (Public),True,public,Active,Melanie Tirrell,08/11/2025,lorin-a-eden-elementary-hayward
01611926066476,061674002107,"Martin Luther King, Jr. Middle",Hayward Unified,Alameda,01,26890 Holly Hill Avenue,Hayward,94545-3500,(510) 723-3120,No Data,37.634611,-122.09254,7.0,8.0,7-8,GSserved,middle,False,False,True,False,N,False,Intermediate/Middle School (Public),True,public,Active,Itoco Garcia Davenpo,08/18/2026,martin-luther-king-jr-middle-hayward
01611926001093,061674002126,Palma Ceia Elementary,Hayward Unified,Alameda,01,27679 Melbourne Avenue,Hayward,94545-4723,(510) 723-3870,No Data,37.627195,-122.08525,0.0,6.0,K-6,GSserved,elementary,False,False,True,False,N,False,Elementary School (Public),True,public,Active,Lora Colyer,09/21/2021,palma-ceia-elementary-hayward
01611926001101,061674002127,Park Elementary,Hayward Unified,Alameda,01,411 Larchmont Street,Hayward,94540-1103,(510) 723-3875,No Data,37.652934,-122.09406,0.0,6.0,K-6,GSserved,elementary,False,False,True,True,N,False,Elementary School (Public),True,public,Active,Lori Oldham,12/01/2022,park-elementary-hayward
01611926001127,061674002129,Ruus Elementary,Hayward Unified,Alameda,01,28027 Dickens Avenue,Hayward,94540-5639,(510) 723-3885,No Data,37.627366,-122.07363,0.0,6.0,K-6,GSserved,elementary,False,False,False,False,N,False,Elementary School (Public),True,public,Active,Samuel McClymont,08/09/2023,ruus-elementary-hayward
01611926001135,061674002130,Schafer Park Elementary,Hayward Unified,Alameda,01,26268 Flamingo Avenue,Hayward,94544-3159,(510) 723-3895,No Data,37.642916,-122.08734,0.0,6.0,K-6,GSserved,elementary,False,False,True,False,N,False,Elementary School (Public),True,public,Active,Rafael Flores,02/13/2019,schafer-park-elementary-hayward
01611926001176,061674002132,Southgate Elementary,Hayward Unified,Alameda,01,26601 Calaroga Avenue,Hayward,94545-3121,(510) 723-3905,No Data,37.639048,-122.09444,0.0,6.0,K-6,GSserved,elementary,False,False,False,False,N,False,Elementary School (Public),True,public,Active,Felicia Costa,08/21/2024,southgate-elementary-hayward
01611920111815,061674011550,Stonebrae Elementary,Hayward Unified,Alameda,01,28761 Hayward Boulevard,Hayward,94542-2213,(510) 723-3910,www.husd.k12.ca.us,37.654731,-122.02047,0.0,6.0,K-6,GSserved,elementary,False,False,True,False,N,False,Elementary School (Public),True,public,Active,Tesha Holt,08/20/2026,stonebrae-elementary-hayward
01611926001192,061674002136,Treeview Elementary,Hayward Unified,Alameda,01,30565 Treeview Street,Hayward,94544-7458,(510) 723-3925,No Data,37.624163,-122.03657,0.0,6.0,K-6,GSserved,elementary,False,False,False,False,N,False,Elementary School (Public),True,public,Active,Guillermo Morales,02/09/2023,treeview-elementary-hayward
01611926104566,061674008146,Tyrrell Elementary,Hayward Unified,Alameda,01,27000 Tyrrell Avenue,Hayward,94540-0001,(510) 723-3935,No Data,37.637402,-122.07543,0.0,6.0,K-6,GSserved,elementary,False,False,True,False,N,False,Elementary School (Public),True,public,Active,Mariana Triviso,08/18/2026,tyrrell-elementary-hayward
01611926056972,061674002137,Winton Middle,Hayward Unified,Alameda,01,119 Winton Avenue,Hayward,94540-5000,(510) 723-3140,No Data,37.660347,-122.09095,7.0,8.0,7-8,GSserved,middle,False,False,True,False,N,False,Intermediate/Middle School (Public),True,public,Active,Lisa Tess,05/23/2025,winton-middle-hayward
01612006117543,062211008438,Altamont Creek Elementary,Livermore Valley Joint Unified,Alameda,01,6500 Garaventa Ranch Road,Livermore,94551-8701,(925) 454-5575,www.livermoreschools.org/altamont,37.722319,-121.71838,0.0,5.0,K-5,GSserved,elementary,False,False,False,False,N,False,Elementary School (Public),True,public,Active,Andrea Tapia,02/09/2023,altamont-creek-elementary-livermore
01612006085773,062211002618,Andrew N. Christensen Middle,Livermore Valley Joint Unified,Alameda,01,5757 Haggin Oaks Avenue,Livermore,94551-1100,(925) 606-4702,www.livermoreschools.org/christensen,37.726489,-121.72852,6.0,8.0,6-8,GSserved,middle,False,False,False,False,N,False,Intermediate/Middle School (Public),True,public,Active,Brian Scharmann,02/09/2023,andrew-n-christensen-middle-livermore
01612006071906,062211002620,Arroyo Seco Elementary,Livermore Valley Joint Unified,Alameda,01,5280 Irene Way,Livermore,94550-3508,(925) 606-4700,http://livermoreschools.org/seco,37.68367,-121.72854,0.0,5.0,K-5,GSserved,elementary,False,False,False,False,N,False,Elementary School (Public),True,public,Active,Valerie Nebo,02/09/2023,arroyo-seco-elementary-livermore
01612006001242,062211002623,East Avenue Middle,Livermore Valley Joint Unified,Alameda,01,3951 East Avenue,Livermore,94550-4830,(925) 606-4711,www.livermoreschools.org/east,37.679821,-121.75005,6.0,8.0,6-8,GSserved,middle,False,False,False,False,N,False,Intermediate/Middle School (Public),True,public,Active,Mark Neal,08/07/2024,east-avenue-middle-livermore
01612006001259,062211002624,Emma C. Smith Elementary,Livermore Valley Joint Unified,Alameda,01,391 Ontario Drive,Livermore,94550-5249,(925) 606-4750,www.livermoreschools.org/smith,37.667168,-121.7964,0.0,5.0,K-5,GSserved,elementary,False,False,False,False,N,False,Elementary School (Public),True,public,Active,Marni Angelo,07/27/2023,emma-c-smith-elementary-livermore
01612006001283,062211002627,Jackson Avenue Elementary,Livermore Valley Joint Unified,Alameda,01,554 Jackson Avenue,Livermore,94550-3434,(925) 606-4717,www.livermoreschools.org/jackson,37.684923,-121.74262,0.0,5.0,K-5,GSserved,elementary,False,False,False,False,N,False,Elementary School (Public),True,public,Active,Anna Ellerson,07/21/2026,jackson-avenue-elementary-livermore
01612006001291,062211002628,Joe Michell,Livermore Valley Joint Unified,Alameda,01,1001 Elaine Avenue,Livermore,94550-5414,(925) 606-4738,www.livermoreschools.org/michell,37.669568,-121.7835,0.0,8.0,K-8,GSserved,k8,False,False,False,False,N,False,Elementary School (Public),True,public,Active,Donielle Machi,07/27/2023,joe-michell-livermore
01612006001234,062211002622,Junction K-8,Livermore Valley Joint Unified,Alameda,01,298 Junction Avenue,Livermore,94551-5903,(925) 606-4720,www.livermoreschools.org/junction,37.687022,-121.76704,0.0,8.0,K-8,GSserved,k8,False,False,True,False,N,False,Elementary School (Public),True,public,Active,Jeannette Garza,09/09/2021,junction-k-8-livermore
01612000135376,062211014134,Lawrence Elementary,Livermore Valley Joint Unified,Alameda,01,2451 Portola Avenue,Livermore,94551-1756,(925) 960-2923,www.livermoreschools.org/lawrence,37.690107,-121.77057,0.0,5.0,K-5,GSserved,elementary,False,False,False,False,N,False,Elementary School (Public),True,public,Active,Jeremy Vilkins,06/17/2026,lawrence-elementary-livermore
01612006110332,062211000052,Leo R. Croce Elementary,Livermore Valley Joint Unified,Alameda,01,5650 Scenic Avenue,Livermore,94551-1224,(925) 606-4706,www.livermoreschools.org/croce,37.717069,-121.72833,0.0,5.0,K-5,GSserved,elementary,False,False,False,False,N,False,Elementary School (Public),True,public,Active,Jennifer Burkholder,08/07/2024,leo-r-croce-elementary-livermore
01612006001317,062211002631,Marylin Avenue Elementary,Livermore Valley Joint Unified,Alameda,01,800 Marylin Avenue,Livermore,94551-6514,(925) 606-4724,www.livermoreschools.org/marylin,37.683866,-121.78603,0.0,5.0,K-5,GSserved,elementary,False,True,False,False,N,False,Elementary School (Public),True,public,Active,Joe Meunier,07/31/2023,marylin-avenue-elementary-livermore
01612006089338,062211002632,Rancho Las Positas Elementary,Livermore Valley Joint Unified,Alameda,01,401 East Jack London Boulevard,Livermore,94551-1853,(925) 606-4748,www.livermoreschool.org/rancho,37.688959,-121.80427,0.0,5.0,K-5,GSserved,elementary,False,False,False,False,N,False,Elementary School (Public),True,public,Active,Dayna Taylor,07/27/2023,rancho-las-positas-elementary-livermore
01612006097661,062211002635,Sunset Elementary,Livermore Valley Joint Unified,Alameda,01,1671 Frankfurt Way,Livermore,94550-6146,(925) 606-5230,www.livermoreschools.org/sunset,37.662609,-121.77335,0.0,5.0,K-5,GSserved,elementary,False,False,False,False,N,False,Elementary School (Public),True,public,Active,Tom Fletcher,02/09/2023,sunset-elementary-livermore
01612000130393,062211008877,Vineyard Alternative,Livermore Valley Joint Unified,Alameda,01,2253 Fifth Street,Livermore,94550-4549,(925) 606-4709,www.livermoreschools.org/vineyard,37.67867,-121.76669,7.0,12.0,7-12,GSserved,middle_high,False,False,False,False,N,False,Alternative School of Choice,True,public,Active,Erik Taylor,01/06/2026,vineyard-alternative-livermore
01612006001341,062211002636,William Mendenhall Middle,Livermore Valley Joint Unified,Alameda,01,1701 El Padro Drive,Livermore,94550-6215,(925) 606-4731,www.livermoreschools.org/mendenhall,37.664505,-121.79221,6.0,8.0,6-8,GSserved,middle,False,False,False,False,N,False,Intermediate/Middle School (Public),True,public,Active,Garrett Fitch,07/09/2025,william-mendenhall-middle-livermore
01612186001358,062613003910,Mountain House Elementary,Mountain House Elementary,Alameda,01,3950 Mountain House Road,Byron,94514-1920,(209) 835-2283,https://www.mtnhouse.k12.ca.us,37.787242,-121.57729,0.0,8.0,K-8,GSserved,k8,False,False,False,False,N,False,Elementary School in 1 School District (Public),True,public,Active,Tonya Arledge,11/02/2023,mountain-house-elementary-byron
01612426001572,062691004065,Alvarado Elementary,New Haven Unified,Alameda,01,31100 Fredi Street,Union City,94587-2662,(510) 471-1039,http://aes.mynhusd.org/,37.595622,-122.07693,0.0,5.0,K-5,GSserved,elementary,False,False,False,False,N,False,Elementary School (Public),True,public,Active,Jeannette Alday,06/22/2026,alvarado-elementary-union-city
01612426097679,062691004073,Cesar Chavez Middle,New Haven Unified,Alameda,01,2801 Hop Ranch Road,Union City,94587-5708,(510) 487-1700,https://sites.google.com/a/nhusd.k12.ca.us/ccmweb/,37.590189,-122.04735,6.0,8.0,6-8,GSserved,middle,False,False,False,False,N,False,Intermediate/Middle School (Public),True,public,Active,Ramon Camacho,02/09/2023,cesar-chavez-middle-union-city
01612426118525,062691008675,Delaine Eastin Elementary,New Haven Unified,Alameda,01,34901 Eastin Drive,Union City,94587-5577,(510) 475-9630,http://eas.mynhusd.org/,37.566838,-122.07483,0.0,5.0,K-5,GSserved,elementary,False,False,False,False,N,False,Elementary School (Public),True,public,Active,Karen Florendo,06/22/2026,delaine-eastin-elementary-union-city
01612426115554,062691007481,Guy Jr. Emanuele Elementary,New Haven Unified,Alameda,01,100 Decoto Road,Union City,94587-3572,(510) 471-2461,https://sites.google.com/nhusd.k12.ca.us/guy-emanuele-elementary/home,37.602005,-122.01592,0.0,5.0,K-5,GSserved,elementary,False,False,True,False,N,False,Elementary School (Public),True,public,Active,Nelly Marquez,08/28/2024,guy-jr-emanuele-elementary-union-city
01612426001606,062691004071,Hillview Crest Elementary,New Haven Unified,Alameda,01,31410 Wheelon Avenue,Hayward,94544-7662,(510) 471-5720,https://sites.google.com/a/nhusd.k12.ca.us/hillview-crest-elementary/,37.614362,-122.03627,0.0,5.0,K-5,GSserved,elementary,False,True,False,False,N,False,Elementary School (Public),True,public,Active,Stella Castillo,07/01/2025,hillview-crest-elementary-hayward
01612426068266,062691004066,Itliong-Vera Cruz Middle,New Haven Unified,Alameda,01,31604 Alvarado Boulevard,Union City,94587-5802,(510) 489-0700,www.nhusd.k12.ca.us/ams/index.html,37.591746,-122.08036,6.0,8.0,6-8,GSserved,middle,False,False,False,False,N,False,Intermediate/Middle School (Public),True,public,Active,Kimberly Pettit,04/21/2025,itliong-vera-cruz-middle-union-city
01612420126763,062691013202,New Haven Academy,New Haven Unified,Alameda,01,725 Whipple Road,Union City,94587-2400,(510) 476-2696,https://sites.google.com/a/nhusd.k12.ca.us/dis/,37.606993,-122.0271,0.0,12.0,K-12,GSserved,k12,False,False,False,False,V,True,Alternative School of Choice,True,public,Active,Abigail Kotzin,07/02/2025,new-haven-academy-union-city
01612426101604,062691007795,Pioneer Elementary,New Haven Unified,Alameda,01,32737 Bel Aire Street,Union City,94587-5500,(510) 487-4530,https://pio.mynhusd.org/,37.572076,-122.07167,0.0,5.0,K-5,GSserved,elementary,False,False,False,False,N,False,Elementary School (Public),True,public,Active,Jeannette Alday,02/09/2023,pioneer-elementary-union-city
01612426001622,062691004074,Searles Elementary,New Haven Unified,Alameda,01,33629 15th Street,Union City,94587-3322,(510) 471-2772,https://sea.mynhusd.org/,37.596063,-122.02717,0.0,5.0,K-5,GSserved,elementary,False,False,True,False,N,False,Elementary School (Public),True,public,Active,Jessie Welcomer,10/03/2023,searles-elementary-union-city
01612426115505,062691007480,Tom Kitayama Elementary,New Haven Unified,Alameda,01,1959 Sunsprite Drive,Union City,94587-1995,(510) 475-3982,https://kit.mynhusd.org/,37.601467,-122.04979,0.0,5.0,K-5,GSserved,elementary,False,False,False,False,N,False,Elementary School (Public),True,public,Active,Meghan Foster,07/02/2025,tom-kitayama-elementary-union-city
01612346001440,062706004090,August Schilling Elementary,Newark Unified,Alameda,01,36901 Spruce Street,Newark,94560-2719,(510) 818-3800,www.newarkunified.org,37.528261,-122.04613,0.0,5.0,K-5,GSserved,elementary,False,False,True,False,N,False,Elementary School (Public),True,public,Active,Jessica Pollock,09/04/2025,august-schilling-elementary-newark
01612346001531,062706004086,Birch Grove Intermediate,Newark Unified,Alameda,01,37490 Birch Street,Newark,94560-4140,(510) 818-3600,www.newarkunified.org,37.533967,-122.02246,3.0,5.0,3-5,GSserved,elementary,False,False,False,False,N,False,Elementary School (Public),True,public,Active,Robert Fang,09/03/2024,birch-grove-intermediate-newark
01612346001499,062706004079,Birch Grove Primary,Newark Unified,Alameda,01,6071 Smith Avenue,Newark,94560-4536,(510) 818-3100,www.newarkunified.org,37.529248,-122.01508,0.0,2.0,K-2,GSserved,elementary,False,False,False,False,N,False,Elementary School (Public),True,public,Active,July Cordoba Murcia,09/04/2025,birch-grove-primary-newark
01612346001481,062706004081,Coyote Hills Elementary,Newark Unified,Alameda,01,36270 Cherry Street,Newark,94560-2318,(510) 818-3300,www.newarkunified.org,37.538506,-122.04239,0.0,5.0,K-5,GSserved,elementary,False,False,False,False,N,False,Elementary School (Public),True,public,Active,Kristi Palomino,02/09/2023,coyote-hills-elementary-newark
01612340130484,062706001921,Crossroads High (Alternative),Newark Unified,Alameda,01,35753 Cedar Boulevard,Newark,94560-1324,(510) 818-3200,www.newarkunified.org,37.550558,-122.03779,8.0,12.0,8-12,GSserved,middle_high,False,False,False,False,N,False,Alternative School of Choice,True,public,Active,Nadia Oskolkoff,08/20/2026,crossroads-high-alternative-newark
01612346001507,062706004082,John F. Kennedy Elementary,Newark Unified,Alameda,01,35430 Blackburn Drive,Newark,94560-1312,(510) 818-3400,www.newarkunified.org,37.551671,-122.04247,0.0,5.0,K-5,GSserved,elementary,False,False,False,False,N,False,Elementary School (Public),True,public,Active,Victoria Sanchez-Fernandez,08/18/2026,john-f-kennedy-elementary-newark
01612346001523,062706004083,Lincoln Elementary,Newark Unified,Alameda,01,36111 Bettencourt Street,Newark,94560-2101,(510) 818-3500,www.newarkunified.org,37.535889,-122.05195,0.0,5.0,K-5,GSserved,elementary,False,False,False,False,N,False,Elementary School (Public),True,public,Active,Gerson Sandoval,09/04/2025,lincoln-elementary-newark
01612346102917,062706007796,Newark Middle,Newark Unified,Alameda,01,6201 Lafayette Avenue,Newark,94560-2432,(510) 818-3000,www.newarkunified.org,37.542979,-122.03685,6.0,8.0,6-8,GSserved,middle,False,False,False,False,N,False,Intermediate/Middle School (Public),True,public,Active,Scott Boggs,08/18/2026,newark-middle-newark
01612596002273,062805010730,ACORN Woodland Elementary,Oakland Unified,Alameda,01,1025 81st Avenue,Oakland,94621-2455,(510) 879-5570,www.ousd.org/acornwoodland,37.752862,-122.18605,0.0,5.0,K-5,GSserved,elementary,False,False,True,False,N,False,Elementary School (Public),True,public,Active,Julissa Lambert-Yank,08/15/2025,acorn-woodland-elementary-oakland
01612596118608,062805008677,ASCEND,Oakland Unified,Alameda,01,3709 East 12th Street,Oakland,94601-4001,(510) 879-3140,www.efcps.org,37.774031,-122.22166,0.0,8.0,K-8,GSserved,k8,True,False,False,False,N,False,Elementary School (Public),True,public,Active,Larissa Adam,02/23/2024,ascend-oakland
01612590111476,062805011561,Achieve Academy,Oakland Unified,Alameda,01,1700 28th Avenue,Oakland,94621-2455,(510) 904-6440,www.efcps.org,37.782076,-122.22671,0.0,5.0,K-5,GSserved,elementary,True,False,False,False,N,False,Elementary School (Public),True,public,Active,Larissa Adam,02/23/2024,achieve-academy-oakland
01612596001630,062805004238,Allendale Elementary,Oakland Unified,Alameda,01,3670 Penniman Avenue,Oakland,94619-1116,(510) 879-2101,www.ousd.org/allendale,37.788642,-122.20516,0.0,5.0,K-5,GSserved,elementary,False,False,False,False,N,False,Elementary School (Public),True,public,Active,Ronald Towns,08/15/2025,allendale-elementary-oakland
01612590128413,062805013676,Aspire College Triumph Academy,Oakland Unified,Alameda,01,8030 Atherton Street,Oakland,94605-3430,(510) 562-8030,www.aspirepublicschools.org,37.761272,-122.1709,0.0,5.0,K-5,GSserved,elementary,True,False,False,False,N,False,Elementary School (Public),True,public,Active,Brian White,07/02/2026,aspire-college-triumph-academy-oakland
01612590130666,062805010459,Aspire Lionel Wilson College Preparatory Academy,Oakland Unified,Alameda,01,400 105th Avenue,Oakland,94603-2968,(510) 635-7737,www.aspirepublicschools.org,37.729387,-122.18048,6.0,12.0,6-12,GSserved,middle_high,True,False,False,False,N,False,K-12 School (Public),True,public,Active,TaNyka Avington,12/05/2025,aspire-lionel-wilson-college-preparatory-academy-oakland
01612596117568,062805008440,Aspire Monarch Academy,Oakland Unified,Alameda,01,1445 101st Avenue,Oakland,94603-3207,(510) 568-3101,www.aspirepublicschools.org,37.742304,-122.16833,0.0,5.0,K-5,GSserved,elementary,True,False,False,False,N,False,Elementary School (Public),True,public,Active,Heather Hasan,09/05/2025,aspire-monarch-academy-oakland
01612596001655,062805004241,Bella Vista Elementary,Oakland Unified,Alameda,01,1025 East 28th Street,Oakland,94610-4018,(510) 879-2102,www.ousd.org/bellavista,37.800355,-122.23708,0.0,5.0,K-5,GSserved,elementary,False,False,False,False,N,False,Elementary School (Public),True,public,Active,Linda Morgan,08/15/2025,bella-vista-elementary-oakland
01612596056998,062805004242,Bret Harte Middle,Oakland Unified,Alameda,01,3700 Coolidge Avenue,Oakland,94602-3309,(510) 879-2206,www.ousd.org/bretharte,37.800579,-122.20652,6.0,8.0,6-8,GSserved,middle,False,False,False,False,N,False,Intermediate/Middle School (Public),True,public,Active,April Harris,08/15/2025,bret-harte-middle-oakland
01612596002075,062805004301,Bridges @ Melrose Academy Elementary,Oakland Unified,Alameda,01,1325 53rd Avenue,Oakland,94601-5728,(510) 879-2178,www.ousd.org/bridgesatmelrose,37.767781,-122.20653,0.0,5.0,K-5,GSserved,elementary,False,False,True,False,N,False,Elementary School (Public),True,public,Active,Sarah Jayn Kemp,08/15/2025,bridges-melrose-academy-elementary-oakland
01612596001663,062805004243,Brookfield Elementary,Oakland Unified,Alameda,01,401 Jones Avenue,Oakland,94603-1123,(510) 879-2103,www.ousd.org/brookfield,37.734711,-122.189,0.0,5.0,K-5,GSserved,elementary,False,False,False,False,N,False,Elementary School (Public),True,public,Active,Leigh Daniels,08/15/2025,brookfield-elementary-oakland
01612590164814,062805014738,Burbank Child Development Center,Oakland Unified,Alameda,01,3550 64Th Avenue,Oakland,94605-1802,(510) 879-1040,No Data,37.775831,-122.17728,-2.0,0.0,No Data,GSoffered,elementary,False,False,False,False,N,False,Elementary School (Public),True,public,Active,Theresa Lozach,06/03/2025,burbank-child-development-center-oakland
01612596001689,062805004245,Burckhalter Elementary,Oakland Unified,Alameda,01,3994 Burckhalter Avenue,Oakland,94605-2616,(510) 879-2105,www.ousd.org/burckhalter,37.775578,-122.16679,0.0,5.0,K-5,GSserved,elementary,False,False,False,False,N,False,Elementary School (Public),True,public,Active,Carin Geathers,08/15/2025,burckhalter-elementary-oakland
01612596001697,062805004246,Carl B. Munck Elementary,Oakland Unified,Alameda,01,11900 Campus Drive,Oakland,94619-3104,(510) 879-3168,www.ousd.org/carlmunck,37.794753,-122.17382,0.0,5.0,K-5,GSserved,elementary,False,False,False,False,N,False,Elementary School (Public),True,public,Active,Denise Burroughs,08/15/2025,carl-b-munck-elementary-oakland
01612590165175,062805014743,Centro Infantil CDC,Oakland Unified,Alameda,01,2660 East 16Th Street,Oakland,94601-1604,(510) 879-8819,No Data,37.782761,-122.22991,-2.0,0.0,No Data,GSoffered,elementary,False,False,False,False,N,False,Elementary School (Public),True,public,Active,Caroline Jones,07/28/2025,centro-infantil-cdc-oakland
01612596001648,062805004239,Chabot Elementary,Oakland Unified,Alameda,01,6686 Chabot Road,Oakland,94618-1641,(510) 879-2106,www.ousd.org/chabot,37.850664,-122.24293,0.0,5.0,K-5,GSserved,elementary,False,False,False,False,N,False,Elementary School (Public),True,public,Active,Caroline Asis Guggino,08/15/2025,chabot-elementary-oakland
01612596057004,062805004250,Claremont Middle,Oakland Unified,Alameda,01,5750 College Avenue,Oakland,94618-1629,(510) 879-2201,www.ousd.org/claremont,37.845752,-122.25184,6.0,8.0,6-8,GSserved,middle,False,False,False,False,N,False,Intermediate/Middle School (Public),True,public,Active,Tremaine Moore,08/15/2025,claremont-middle-oakland
01612596001739,062805004251,Cleveland Elementary,Oakland Unified,Alameda,01,745 Cleveland Street,Oakland,94606-1513,(510) 879-2108,www.ousd.org/cleveland,37.804369,-122.24405,0.0,5.0,K-5,GSserved,elementary,False,False,False,False,N,False,Elementary School (Public),True,public,Active,Peter Van Tassel,08/15/2025,cleveland-elementary-oakland
01612590112797,062805011920,Coliseum College Prep Academy,Oakland Unified,Alameda,01,1390 66th Avenue,Oakland,94621-3506,(510) 879-3232,www.ousd.org/ccpa,37.761975,-122.19337,6.0,12.0,6-12,GSserved,middle_high,False,False,False,False,N,False,K-12 School (Public),True,public,Active,Amy Carozza,08/15/2025,coliseum-college-prep-academy-oakland
01612596001754,062805004253,Crocker Highlands Elementary,Oakland Unified,Alameda,01,525 Midcrest Road,Oakland,94610-1813,(510) 879-3111,www.ousd.org/crocker,37.811364,-122.22738,0.0,5.0,K-5,GSserved,elementary,False,False,False,False,N,False,Elementary School (Public),True,public,Active,Dung Kim Nguyen,08/15/2025,crocker-highlands-elementary-oakland
01612590129635,062805013752,Downtown Charter Academy,Oakland Unified,Alameda,01,2000 Dennison Street,Oakland,94606-5201,(510) 535-1580,www.amethodschools.org,37.779542,-122.24027,6.0,8.0,6-8,GSserved,middle,True,False,False,False,N,False,Intermediate/Middle School (Public),True,public,Active,Adrienne Barnes,08/20/2025,downtown-charter-academy-oakland
01612590129932,062805013735,East Bay Innovation Academy,Oakland Unified,Alameda,01,3400 Malcolm Avenue,Oakland,94605-5353,(510) 577-9557,http://eastbayia.org,37.746172,-122.14121,6.0,12.0,6-12,GSserved,middle_high,True,False,False,False,N,False,K-12 School (Public),True,public,Active,Rachel Viegas,06/18/2026,east-bay-innovation-academy-oakland
01612590115600,062805012059,East Oakland Pride Elementary,Oakland Unified,Alameda,01,8000 Birch Street,Oakland,94621-2123,(510) 879-2107,www.ousd.org/eop,37.759065,-122.17445,0.0,5.0,K-5,GSserved,elementary,False,False,False,False,N,False,Elementary School (Public),True,public,Active,Michelle Grant,08/15/2025,east-oakland-pride-elementary-oakland
01612596057061,062805004299,Edna Brewer Middle,Oakland Unified,Alameda,01,3748 13th Avenue,Oakland,94610-2820,(510) 879-3210,www.ousd.org/ednabrewer,37.803854,-122.22954,6.0,8.0,6-8,GSserved,middle,False,False,False,False,N,False,Intermediate/Middle School (Public),True,public,Active,Jonathan Tran,08/15/2025,edna-brewer-middle-oakland
01612590112789,062805011961,Elmhurst United Middle,Oakland Unified,Alameda,01,1800 98th Avenue,Oakland,94603-2702,(510) 879-3229,www.ousd.org/elmhurst,37.746372,-122.16609,6.0,8.0,6-8,GSserved,middle,False,False,False,False,N,False,Intermediate/Middle School (Public),True,public,Active,Viet-Ly Gonzalez,08/15/2025,elmhurst-united-middle-oakland
01612596001812,062805004260,Emerson Elementary,Oakland Unified,Alameda,01,4803 Lawton Avenue,Oakland,94609-2208,(510) 879-2115,www.ousd.org/emerson,37.834628,-122.2573,0.0,5.0,K-5,GSserved,elementary,False,False,False,False,N,False,Elementary School (Public),True,public,Active,Iris Castillo,08/15/2025,emerson-elementary-oakland
01612590102988,062805010686,EnCompass Academy Elementary,Oakland Unified,Alameda,01,1025 81st Avenue,Oakland,94621-2455,(510) 879-2181,www.ousd.org/encompass,37.752862,-122.18605,0.0,5.0,K-5,GSserved,elementary,False,False,False,False,N,False,Elementary School (Public),True,public,Active,Minh-Tram Nguyen,08/15/2025,encompass-academy-elementary-oakland
01612596002190,062805004317,Esperanza Elementary,Oakland Unified,Alameda,01,10315 E Street,Oakland,94603-3133,(510) 879-2177,www.ousd.org/esperanza,37.737501,-122.17355,0.0,5.0,K-5,GSserved,elementary,False,False,True,False,N,False,Elementary School (Public),True,public,Active,Justin Davis,08/15/2025,esperanza-elementary-oakland
01612590132514,062805013942,Francophone Charter School of Oakland,Oakland Unified,Alameda,01,2365 Coolidge Avenue,Oakland,94601-3431,(510) 394-4110,www.francophoneschool.wordpress.com,37.785869,-122.21961,0.0,8.0,K-8,GSserved,k8,True,False,True,False,N,False,Elementary School (Public),True,public,Active,Claudia Lee,08/13/2026,francophone-charter-school-of-oakland-oakland
01612596001820,062805004261,Franklin Elementary,Oakland Unified,Alameda,01,915 Foothill Boulevard,Oakland,94606-3013,(510) 879-2116,www.ousd.org/franklin,37.793794,-122.24829,0.0,5.0,K-5,GSserved,elementary,False,False,False,False,N,False,Elementary School (Public),True,public,Active,Lusa Lai,08/15/2025,franklin-elementary-oakland
01612590112813,062805011977,Fred T. Korematsu Discovery Academy Elementary,Oakland Unified,Alameda,01,10315 E Street,Oakland,94603-3133,(510) 879-2172,www.ousd.org/korematsu,37.737501,-122.17355,0.0,5.0,K-5,GSserved,elementary,False,False,False,False,N,False,Elementary School (Public),True,public,Active,Amie Akuma,08/15/2025,fred-t-korematsu-discovery-academy-elementary-oakland
01612596057020,062805004263,Frick United Academy of Language Middle,Oakland Unified,Alameda,01,2845 64th Avenue,Oakland,94605-2027,(510) 879-3219,www.ousd.org/frickunited,37.771513,-122.18349,6.0,8.0,6-8,GSserved,middle,False,False,False,False,N,False,Intermediate/Middle School (Public),True,public,Active,Amapola Obrera,08/15/2025,frick-united-academy-of-language-middle-oakland
01612596001838,062805004264,Fruitvale Elementary,Oakland Unified,Alameda,01,3200 Boston Avenue,Oakland,94602-2899,(510) 879-5117,www.ousd.org/fruitvale,37.796228,-122.21407,0.0,5.0,K-5,GSserved,elementary,False,False,False,False,N,False,Elementary School (Public),True,public,Active,Cody Marshall,08/15/2025,fruitvale-elementary-oakland
01612596001846,062805004265,Garfield Elementary,Oakland Unified,Alameda,01,1640 22nd Avenue,Oakland,94606-4710,(510) 879-2118,www.ousd.org/garfield,37.786684,-122.23578,0.0,5.0,K-5,GSserved,elementary,False,False,False,False,N,False,Elementary School (Public),True,public,Active,Alexandra Brandenburg,08/15/2025,garfield-elementary-oakland
01612596001853,062805004266,Glenview Elementary,Oakland Unified,Alameda,01,4215 La Cresta Avenue,Oakland,94602-1739,(510) 879-5580,www.ousd.org/glenview,37.805477,-122.21877,0.0,5.0,K-5,GSserved,elementary,False,False,False,False,N,False,Elementary School (Public),True,public,Active,Matthew Takimoto,08/15/2025,glenview-elementary-oakland
01612590115584,062805012053,Global Family Elementary,Oakland Unified,Alameda,01,2035 40th Avenue,Oakland,94601-4203,(510) 879-2114,www.ousd.org/globalfamily,37.779349,-122.21325,0.0,5.0,K-5,GSserved,elementary,False,False,True,False,N,False,Elementary School (Public),True,public,Active,Juan Vaca,08/15/2025,global-family-elementary-oakland
01612596001879,062805004269,Grass Valley Elementary,Oakland Unified,Alameda,01,4720 Dunkirk Avenue,Oakland,94605-5607,(510) 879-2122,www.ousd.org/grassvalley,37.75301,-122.12585,0.0,5.0,K-5,GSserved,elementary,False,False,False,False,N,False,Elementary School (Public),True,public,Active,Casey Beckner,08/15/2025,grass-valley-elementary-oakland
01612590115618,062805012055,Greenleaf,Oakland Unified,Alameda,01,6328 East 17th Street,Oakland,94621-3832,(510) 879-3112,www.ousd.org/greenleaf,37.764386,-122.19484,0.0,8.0,K-8,GSserved,k8,False,False,True,False,N,False,Elementary School (Public),True,public,Active,Lorilei Aguinaldo,08/15/2025,greenleaf-oakland
01612590165167,062805014742,Harriet Tubman CDC,Oakland Unified,Alameda,01,800 33Rd Street,Oakland,94608-4313,(510) 879-8825,No Data,37.823623,-122.27316,-2.0,0.0,No Data,GSoffered,elementary,False,False,False,False,N,False,Elementary School (Public),True,public,Active,Lawrence Gotanco,07/28/2025,harriet-tubman-cdc-oakland
01612590165159,062805014741,Highland CDC,Oakland Unified,Alameda,01,1322 86Th Avenue,Oakland,94621-1612,(510) 636-5214,No Data,37.751779,-122.17769,-2.0,0.0,No Data,GSoffered,elementary,False,False,False,False,N,False,Elementary School (Public),True,public,Active,Kianga Lee Curtis,07/28/2025,highland-cdc-oakland
01612596001903,062805004274,Highland Community,Oakland Unified,Alameda,01,8521 A Street,Oakland,94621-1619,(510) 879-2125,www.ousd.org/highland,37.752093,-122.17864,0.0,5.0,K-5,GSserved,elementary,False,False,False,False,N,False,Elementary School (Public),True,public,Active,Samantha Keller,08/15/2025,highland-community-oakland
01612596001911,062805004275,Hillcrest,Oakland Unified,Alameda,01,30 Marguerite Drive,Oakland,94618-2230,(510) 879-5127,www.ousd.org/hillcrest,37.840442,-122.23287,0.0,8.0,K-8,GSserved,k8,False,False,False,False,N,False,Elementary School (Public),True,public,Active,Annie Hatch,08/15/2025,hillcrest-oakland
01612590164806,062805014737,Hintil Kuu Ka Child Development Center,Oakland Unified,Alameda,01,11850 Campus Dr,Oakland,94619-3145,(510) 879-8410,No Data,37.795449,-122.17426,-2.0,0.0,No Data,GSoffered,elementary,False,False,False,False,N,False,Elementary School (Public),True,public,Active,Sharon Travers,06/03/2025,hintil-kuu-ka-child-development-center-oakland
01612590121376,062805012610,Home and Hospital Program,Oakland Unified,Alameda,01,915 54th Street,Oakland,94608-3142,(510) 879-5003,www.ousd.org/home/hospital,37.838068,-122.27438,3.0,8.0,3-8,GSserved,middle,False,False,False,False,N,False,K-12 School (Public),True,public,Active,Rachel Friedman,08/15/2025,home-and-hospital-program-oakland
01612596057046,062805004276,Hoover Elementary,Oakland Unified,Alameda,01,890 Brockhurst Street,Oakland,94608-4318,(510) 879-2170,www.ousd.org/hoover,37.822947,-122.27445,0.0,5.0,K-5,GSserved,elementary,False,False,False,False,N,False,Elementary School (Public),True,public,Active,Lissette Averhoff,08/15/2025,hoover-elementary-oakland
01612596001929,062805004277,Horace Mann Elementary,Oakland Unified,Alameda,01,5222 Ygnacio Avenue,Oakland,94601-5422,(510) 879-2136,www.ousd.org/horacemann,37.77355,-122.20245,0.0,5.0,K-5,GSserved,elementary,False,False,False,False,N,False,Elementary School (Public),True,public,Active,Tammie Adams,08/15/2025,horace-mann-elementary-oakland
01612596114011,062805005701,"Independent Study, Sojourner Truth",Oakland Unified,Alameda,01,8251 Fontaine Street,Oakland,94605-4109,(510) 879-5330,www.ousd.org/sojournertruth,37.766765,-122.15353,0.0,12.0,K-12,GSserved,k12,False,False,False,False,N,False,Alternative School of Choice,True,public,Active,Alessandra Cabrera,08/15/2025,independent-study-sojourner-truth-oakland
01612590121210,062805012842,Infant and Preschool Program,Oakland Unified,Alameda,01,3550 64th Avenue,Oakland,94605-1802,(510) 879-5004,No Data,37.775283,-122.17722,2.0,2.0,2,GSserved,elementary,False,False,True,False,N,False,Preschool,False,public,Active,Theresa Lozach,08/15/2025,infant-and-preschool-program-oakland
01612596118616,062805008678,International Community Elementary,Oakland Unified,Alameda,01,2825 International Boulevard,Oakland,94601-1543,(510) 879-2186,www.ousd.org/ics,37.78008,-122.2305,0.0,5.0,K-5,GSserved,elementary,False,False,True,False,N,False,Elementary School (Public),True,public,Active,Raquel Jones,08/15/2025,international-community-elementary-oakland
01612596001945,062805004280,Joaquin Miller Elementary,Oakland Unified,Alameda,01,5525 Ascot Drive,Oakland,94611-3001,(510) 879-8142,www.ousd.org/joaquinmiller,37.818545,-122.20177,0.0,5.0,K-5,GSserved,elementary,False,False,False,False,N,False,Elementary School (Public),True,public,Active,Swaicha Chanduri,08/15/2025,joaquin-miller-elementary-oakland
01612590115014,062805011935,KIPP Bridge Academy,Oakland Unified,Alameda,01,1700 Market Street,Oakland,94607-3230,(510) 929-0437,https://bridge.kippnorcal.org/,37.810323,-122.27916,0.0,8.0,K-8,GSserved,k8,True,False,False,True,N,False,Elementary School (Public),True,public,Active,Kym Scherbarth,09/10/2025,kipp-bridge-academy-oakland
01612590141804,062805014662,Kaiser Early Childhood Center,Oakland Unified,Alameda,01,25 South Hill Court,Oakland,94618-2306,(510) 879-8812,www.ousd.org/ece,37.852602,-122.23226,-2.0,0.0,No Data,GSoffered,elementary,False,False,False,False,N,False,Elementary School (Public),True,public,Active,Alesia Eutsler,02/09/2023,kaiser-early-childhood-center-oakland
01612590130575,062805008676,LIFE Academy,Oakland Unified,Alameda,01,2101 35th Avenue,Oakland,94601-3124,(510) 879-1335,www.ousd.org/lifeacademy,37.784286,-122.21676,6.0,12.0,6-12,GSserved,middle_high,False,False,False,False,N,False,K-12 School (Public),True,public,Active,Alykhan Boolani,08/15/2025,life-academy-oakland
01612596096523,062805004284,La Escuelita,Oakland Unified,Alameda,01,1100 Third Avenue,Oakland,94606-2227,(510) 879-2121,www.ousd.org/laescuelita,37.796004,-122.25727,0.0,5.0,K-5,GSserved,elementary,False,False,False,False,N,False,Elementary School (Public),True,public,Active,Faris Jabbar,08/15/2025,la-escuelita-oakland
01612596001994,062805004287,Laurel Elementary,Oakland Unified,Alameda,01,3750 Brown Avenue,Oakland,94619-1406,(510) 879-2131,www.ousd.org/laurel,37.79307,-122.19664,0.0,5.0,K-5,GSserved,elementary,False,False,False,False,N,False,Elementary School (Public),True,public,Active,John Stangl,08/15/2025,laurel-elementary-oakland
01612590115592,062805012054,Learning Without Limits,Oakland Unified,Alameda,01,2035 40th Avenue,Oakland,94601-4203,(510) 879-1282,www.efcps.org,37.779349,-122.21325,0.0,5.0,K-5,GSserved,elementary,True,False,False,False,N,False,Elementary School (Public),True,public,Active,Larissa Adam,02/23/2024,learning-without-limits-oakland
01612590130633,062805010408,Lighthouse Community Charter,Oakland Unified,Alameda,01,444 Hegenberger Street,Oakland,94621-1418,(510) 562-8801,www.lighthousecharter.org,37.73705,-122.19663,0.0,8.0,K-8,GSserved,k8,True,False,False,False,N,False,Elementary School (Public),True,public,Active,Rich Harrison,05/23/2025,lighthouse-community-charter-oakland
01612596002018,062805004289,Lincoln Elementary,Oakland Unified,Alameda,01,225 11th Street,Oakland,94607-4409,(510) 879-5133,www.ousd.org/lincoln,37.80011,-122.26715,0.0,5.0,K-5,GSserved,elementary,False,False,False,False,N,False,Elementary School (Public),True,public,Active,Mukta Sambrani,08/15/2025,lincoln-elementary-oakland
01612590165142,062805014740,Lockwood CDC,Oakland Unified,Alameda,01,1125 69Th Avenue,Oakland,94621-3209,(510) 879-8823,No Data,37.759533,-122.19259,-2.0,0.0,No Data,GSoffered,elementary,False,False,False,False,N,False,Elementary School (Public),True,public,Active,Kianga Lee Curtis,07/28/2025,lockwood-cdc-oakland
01612590115204,062805012058,Lockwood STEAM Academy Elementary,Oakland Unified,Alameda,01,6701 International Boulevard,Oakland,94621-3501,(510) 879-2123,www.ousd.org/lockwood,37.761424,-122.19188,0.0,5.0,K-5,GSserved,elementary,False,False,True,False,N,False,Elementary School (Public),True,public,Active,Nehseem Ratchford,08/15/2025,lockwood-steam-academy-elementary-oakland
01612590134015,062805014027,Lodestar: A Lighthouse Community Charter Public,Oakland Unified,Alameda,01,701 105th Avenue,Oakland,94603,(510) 775-0255,www.lighthousecharter.org,37.734234,-122.17852,0.0,12.0,K-12,GSserved,k12,True,False,False,False,N,False,K-12 School (Public),True,public,Active,Rich Harrison,05/23/2025,lodestar-a-lighthouse-community-charter-public-oakland
01612596066450,062805004278,Madison Park Academy 6-12,Oakland Unified,Alameda,01,400 Capistrano Drive,Oakland,94603-3520,(510) 879-2315,www.ousd.org/madison,37.727775,-122.17918,6.0,12.0,6-12,GSserved,middle_high,False,False,False,False,N,False,K-12 School (Public),True,public,Active,Tanisha Garrett,08/15/2025,madison-park-academy-6-12-oakland
01612596002182,062805004316,Madison Park Academy Elementary,Oakland Unified,Alameda,01,470 El Paseo Drive,Oakland,94603-3565,(510) 879-1154,www.ousd.org/mpaprimary,37.728041,-122.17749,0.0,5.0,K-5,GSserved,elementary,False,False,False,False,N,False,Elementary School (Public),True,public,Active,Shalonda Tillman,08/15/2025,madison-park-academy-elementary-oakland
01612596002042,062805004294,Manzanita Community Elementary,Oakland Unified,Alameda,01,2409 East 27th Street,Oakland,94601-1303,(510) 879-2179,www.ousd.org/manzanitacommunity,37.792204,-122.2239,0.0,5.0,K-5,GSserved,elementary,False,False,False,False,N,False,Elementary School (Public),True,public,Active,LaTasha Ellison,08/15/2025,manzanita-community-elementary-oakland
01612590110247,062805011557,Manzanita SEED Elementary,Oakland Unified,Alameda,01,2641 25th Avenue,Oakland,94601-1303,(510) 879-0175,www.ousd.org/manzanitaseed,37.791497,-122.22475,0.0,5.0,K-5,GSserved,elementary,False,False,True,False,N,False,Elementary School (Public),True,public,Active,Rachelle (Catherine) McManus,08/15/2025,manzanita-seed-elementary-oakland
01612596002059,062805004296,Markham Elementary,Oakland Unified,Alameda,01,7220 Krause Avenue,Oakland,94605-2380,(510) 879-2138,www.ousd.org/markham,37.765296,-122.17887,0.0,5.0,K-5,GSserved,elementary,False,False,False,False,N,False,Elementary School (Public),True,public,Active,Danielle Pharr-Mathews,08/15/2025,markham-elementary-oakland
01612596072235,062805004297,"Martin Luther King, Jr. Elementary",Oakland Unified,Alameda,01,960 Tenth Street,Oakland,94607-3106,(510) 879-2182,www.ousd.org/mlk,37.80568,-122.28298,0.0,5.0,K-5,GSserved,elementary,False,False,False,False,N,False,Elementary School (Public),True,public,Active,Roma Groves-Waters,08/15/2025,martin-luther-king-jr-elementary-oakland
01612596118640,062805008679,Melrose Leadership Academy,Oakland Unified,Alameda,01,4730 Fleming Avenue,Oakland,94619-2515,(510) 879-2152,www.ousd.org/mla,37.780326,-122.19779,0.0,8.0,K-8,GSserved,k8,False,False,True,False,N,False,Elementary School (Public),True,public,Active,Jonathan Mayer,08/15/2025,melrose-leadership-academy-oakland
01612596002083,062805004302,Montclair Elementary,Oakland Unified,Alameda,01,1757 Mountain Boulevard,Oakland,94611-2259,(510) 879-3143,www.ousd.org/montclair,37.831092,-122.21281,0.0,5.0,K-5,GSserved,elementary,False,False,False,False,N,False,Elementary School (Public),True,public,Active,Angela Webster,08/15/2025,montclair-elementary-oakland
01612596057079,062805004303,Montera Middle,Oakland Unified,Alameda,01,5555 Ascot Drive,Oakland,94611-3001,(510) 879-3211,www.ousd.org/montera,37.818785,-122.2016,6.0,8.0,6-8,GSserved,middle,False,False,False,False,N,False,Intermediate/Middle School (Public),True,public,Active,Latoya Williams,08/15/2025,montera-middle-oakland
01612596001713,062805004249,Oakland Academy of Knowledge Elementary,Oakland Unified,Alameda,01,8755 Fontaine Street,Oakland,94605-4197,(510) 879-2169,www.ousd.org/oak,37.76215,-122.15135,0.0,5.0,K-5,GSserved,elementary,False,False,False,False,N,False,Elementary School (Public),True,public,Active,Nikki Williams,08/15/2025,oakland-academy-of-knowledge-elementary-oakland
01612590130617,062805010729,"Oakland Military Institute, College Preparatory Academy",Oakland Unified,Alameda,01,3877 Lusk Street,Oakland,94608-3822,(510) 594-3900,www.oakmil.org,37.829395,-122.27234,6.0,12.0,6-12,GSserved,middle_high,True,False,False,False,N,False,K-12 School (Public),True,public,Active,Mary Streshly,02/09/2023,oakland-military-institute-college-preparatory-academy-oakland
01612593030772,062805010461,Oakland School for the Arts,Oakland Unified,Alameda,01,530 18th Street,Oakland,94612-1512,(510) 873-8800,www.oakarts.org,37.807834,-122.27113,6.0,12.0,6-12,GSserved,middle_high,True,False,False,False,N,False,K-12 School (Public),True,public,Active,Mike Oz,02/09/2023,oakland-school-for-the-arts-oakland
01612596002109,062805004307,Peralta Elementary,Oakland Unified,Alameda,01,460 63rd Street,Oakland,94609-1339,(510) 879-3145,www.ousd.org/peralta,37.848963,-122.25881,0.0,5.0,K-5,GSserved,elementary,False,False,False,False,N,False,Elementary School (Public),True,public,Active,Dana Sudduth,08/15/2025,peralta-elementary-oakland
01612596002117,062805004308,Piedmont Avenue Elementary,Oakland Unified,Alameda,01,4314 Piedmont Avenue,Oakland,94611-4716,(510) 879-3146,www.ousd.org/piedmontavenue,37.829071,-122.24879,0.0,5.0,K-5,GSserved,elementary,False,False,False,False,N,False,Elementary School (Public),True,public,Active,Jennifer Heeter,08/15/2025,piedmont-avenue-elementary-oakland
01612596002125,062805004309,Prescott Elementary,Oakland Unified,Alameda,01,920 Campbell Street,Oakland,94607-1320,(510) 879-2183,www.ousd.org/prescott,37.80846,-122.29803,0.0,5.0,K-5,GSserved,elementary,False,False,False,False,N,False,Elementary School (Public),True,public,Active,Dewanna Slaughter,08/15/2025,prescott-elementary-oakland
01612590110239,062805011556,Reach Academy Elementary,Oakland Unified,Alameda,01,9845 Bancroft Avenue,Oakland,94603-2750,(510) 879-2193,www.ousd.org/reach,37.747088,-122.16136,0.0,5.0,K-5,GSserved,elementary,False,False,False,False,N,False,Elementary School (Public),True,public,Active,Natasha Flint-Moore,08/15/2025,reach-academy-elementary-oakland
01612596002141,062805004310,Redwood Heights Elementary,Oakland Unified,Alameda,01,4401 39th Avenue,Oakland,94619-1614,(510) 879-2148,www.ousd.org/redwoodheights,37.797077,-122.18626,0.0,5.0,K-5,GSserved,elementary,False,False,False,False,N,False,Elementary School (Public),True,public,Active,Cynthia Bagby,08/15/2025,redwood-heights-elementary-oakland
01612596057087,062805004312,Roosevelt Middle,Oakland Unified,Alameda,01,1926 19th Avenue,Oakland,94606-4170,(510) 879-3212,www.ousd.org/roosevelt,37.789693,-122.23793,6.0,8.0,6-8,GSserved,middle,False,False,False,False,N,False,Intermediate/Middle School (Public),True,public,Active,Joao Solomon,08/15/2025,roosevelt-middle-oakland
01612590110254,062805011558,Sankofa United Elementary,Oakland Unified,Alameda,01,581 61st Street,Oakland,94609-1248,(510) 879-2194,www.ousd.org/sankofaunited,37.847125,-122.26443,0.0,5.0,K-5,GSserved,elementary,False,False,False,False,N,False,Elementary School (Public),True,public,Active,Charquita Arnold,08/15/2025,sankofa-united-elementary-oakland
01612596002174,062805004314,Sequoia Elementary,Oakland Unified,Alameda,01,3730 Lincoln Avenue,Oakland,94602-2468,(510) 879-2151,www.ousd.org/sequoia,37.802314,-122.21141,0.0,5.0,K-5,GSserved,elementary,False,False,False,False,N,False,Elementary School (Public),True,public,Active,Vanessa Flynn,08/15/2025,sequoia-elementary-oakland
01612590100792,062805011294,Think College Now Elementary,Oakland Unified,Alameda,01,2825 International Boulevard,Oakland,94601-1543,(510) 879-2190,www.ousd.org/thinkcollegenow,37.78008,-122.2305,0.0,5.0,K-5,GSserved,elementary,False,False,False,False,N,False,Elementary School (Public),True,public,Active,Lacy Lefkowitz,08/15/2025,think-college-now-elementary-oakland
01612596002216,062805004318,Thornhill Elementary,Oakland Unified,Alameda,01,5880 Thornhill Drive,Oakland,94611-2147,(510) 879-2157,www.thornhillschool.org/,37.836187,-122.21152,0.0,5.0,K-5,GSserved,elementary,False,False,False,False,N,False,Elementary School (Public),True,public,Active,LaShante Scott,08/15/2025,thornhill-elementary-oakland
01612590165134,062805014739,United Nation CDC,Oakland Unified,Alameda,01,1025 4Th Avenue,Oakland,94606,(510) 874-7759,No Data,37.794827,-122.25731,-2.0,0.0,No Data,GSoffered,elementary,False,False,False,False,N,False,Elementary School (Public),True,public,Active,Mirsha Heredia Gomez,05/11/2026,united-nation-cdc-oakland
01612590112763,062805011909,United for Success Academy Middle,Oakland Unified,Alameda,01,2101 35th Avenue,Oakland,94601-3124,(510) 879-3228,www.ousd.org/ufsa,37.784286,-122.21676,6.0,8.0,6-8,GSserved,middle,False,False,False,False,N,False,Intermediate/Middle School (Public),True,public,Active,Sara Allen,08/15/2025,united-for-success-academy-middle-oakland
01612596118657,062805008680,Urban Promise Academy Middle,Oakland Unified,Alameda,01,3031 East 18th Street,Oakland,94601-2457,(510) 879-5236,www.ousd.org/upa,37.782324,-122.22487,6.0,8.0,6-8,GSserved,middle,False,False,False,False,N,False,Intermediate/Middle School (Public),True,public,Active,Tierre Mesa,08/15/2025,urban-promise-academy-middle-oakland
01612590115626,062805012048,West Oakland Middle,Oakland Unified,Alameda,01,991 14th Street,Oakland,94607-3230,(510) 879-2204,www.ousd.org/woms,37.80873,-122.28272,6.0,8.0,6-8,GSserved,middle,False,False,False,False,N,False,Intermediate/Middle School (Public),True,public,Active,Neha Ummat,08/15/2025,west-oakland-middle-oakland
01612596057095,062805004323,Westlake Middle,Oakland Unified,Alameda,01,2629 Harrison Street,Oakland,94612-3813,(510) 879-2213,www.ousd.org/westlake,37.814592,-122.25991,6.0,8.0,6-8,GSserved,middle,False,False,False,False,N,False,Intermediate/Middle School (Public),True,public,Active,Lucinda Taylor,08/15/2025,westlake-middle-oakland
01612756002281,063033004729,Beach Elementary,Piedmont City Unified,Alameda,01,100 Lake Avenue,Piedmont,94611-4340,(510) 594-2666,No Data,37.82381,-122.24614,0.0,5.0,K-5,GSserved,elementary,False,False,False,False,N,False,Elementary School (Public),True,public,Active,Anne Valva,02/09/2023,beach-elementary-piedmont
01612756002299,063033004730,Havens Elementary,Piedmont City Unified,Alameda,01,323 Highland Avenue,Piedmont,94611-4023,(510) 594-2699,No Data,37.825712,-122.23263,0.0,5.0,K-5,GSserved,elementary,False,False,False,False,N,False,Elementary School (Public),True,public,Active,Susanne Reed,11/04/2025,havens-elementary-piedmont
01612756066492,063033004732,Piedmont Middle,Piedmont City Unified,Alameda,01,740 Magnolia Avenue,Piedmont,94611-4047,(510) 594-2668,No Data,37.823132,-122.23354,6.0,8.0,6-8,GSserved,middle,False,False,False,False,N,False,Intermediate/Middle School (Public),True,public,Active,Karyn Shipp,07/06/2023,piedmont-middle-piedmont
01612756002307,063033004733,Wildwood Elementary,Piedmont City Unified,Alameda,01,301 Wildwood Avenue,Piedmont,94611-3817,(510) 594-2780,No Data,37.819701,-122.23495,0.0,5.0,K-5,GSserved,elementary,False,False,False,False,N,False,Elementary School (Public),True,public,Active,Amy Fry,11/04/2025,wildwood-elementary-piedmont
01751016002315,060002009285,Alisal Elementary,Pleasanton Unified,Alameda,01,1454 Santa Rita Road,Pleasanton,94566-5697,(925) 426-4200,http://alisal.pleasantonusd.net/,37.672366,-121.87207,0.0,5.0,K-5,GSserved,elementary,False,False,False,True,N,False,Elementary School (Public),True,public,Active,Andrea Withers,07/29/2026,alisal-elementary-pleasanton
01751016001366,060002009283,Donlon Elementary,Pleasanton Unified,Alameda,01,4150 Dorman Road,Pleasanton,94588-4411,(925) 426-4220,http://donlon.pleasantonusd.net/,37.684111,-121.90908,0.0,5.0,K-5,GSserved,elementary,False,False,False,True,N,False,Elementary School (Public),True,public,Active,Kristina Brown,08/22/2024,donlon-elementary-pleasanton
01751016002323,060002009286,Fairlands Elementary,Pleasanton Unified,Alameda,01,4151 West Las Positas Boulevard,Pleasanton,94588-4199,(925) 426-4210,https://fairlands.pleasantonusd.net/,37.692602,-121.87433,0.0,5.0,K-5,GSserved,elementary,False,False,False,True,N,False,Elementary School (Public),True,public,Active,Heidi Deeringhoff,02/09/2023,fairlands-elementary-pleasanton
01751016066500,060002009289,Harvest Park Middle,Pleasanton Unified,Alameda,01,4900 Valley Avenue,Pleasanton,94566-5399,(925) 426-4444,https://harvest.pleasantonusd.net/,37.675555,-121.88268,6.0,8.0,6-8,GSserved,middle,False,False,False,True,N,False,Intermediate/Middle School (Public),True,public,Active,Russell Campisi,02/09/2023,harvest-park-middle-pleasanton
01751016114318,060002006951,Henry P. Mohr Elementary,Pleasanton Unified,Alameda,01,3300 Dennis Drive,Pleasanton,94588-8377,(925) 426-4256,https://mohr.pleasantonusd.net/,37.692501,-121.86011,0.0,5.0,K-5,GSserved,elementary,False,False,False,False,N,False,Elementary School (Public),True,public,Active,Stephanie Pavlenko,05/23/2025,henry-p-mohr-elementary-pleasanton
01751016001416,060002009284,Lydiksen Elementary,Pleasanton Unified,Alameda,01,7700 Highland Oaks Drive,Pleasanton,94588-4225,(925) 426-4420,http://lydiksen.pleasantonusd.net/,37.680987,-121.9216,0.0,5.0,K-5,GSserved,elementary,False,False,False,True,N,False,Elementary School (Public),True,public,Active,Jacob Berg,02/09/2023,lydiksen-elementary-pleasanton
01751016117600,060002008445,Phoebe Apperson Hearst Elementary,Pleasanton Unified,Alameda,01,5301 Case Avenue,Pleasanton,94566-8005,(925) 426-3772,http://hearst.pleasantonusd.net/,37.65245,-121.88432,0.0,5.0,K-5,GSserved,elementary,False,False,False,False,N,False,Elementary School (Public),True,public,Active,Carla Henderson,05/23/2025,phoebe-apperson-hearst-elementary-pleasanton
01751016108971,060002009682,Pleasanton Middle,Pleasanton Unified,Alameda,01,5001 Case Avenue,Pleasanton,94566-1171,(925) 426-4390,https://pleasantonmiddle.pleasantonusd.net/,37.65696,-121.88156,6.0,8.0,6-8,GSserved,middle,False,False,True,False,N,False,Intermediate/Middle School (Public),True,public,Active,Marco Lopez,05/23/2025,pleasanton-middle-pleasanton
01751010141432,060002014629,The Pleasanton Virtual Academy,Pleasanton Unified,Alameda,01,4665 Bernal Avenue,Pleasanton,94566-7343,(925) 426-4260,http://pleasantonvirtualacademy.com,37.65618,-121.87576,0.0,12.0,K-12,GSserved,k12,False,False,False,False,V,True,Alternative School of Choice,True,public,Active,Heather Pereira,07/30/2026,the-pleasanton-virtual-academy-pleasanton
01751016117592,060002008444,Thomas S. Hart Middle,Pleasanton Unified,Alameda,01,4433 Willow Road,Pleasanton,94588-8520,(925) 426-3102,https://www.hartmiddleschool.org/,37.685426,-121.89828,6.0,8.0,6-8,GSserved,middle,False,False,False,False,N,False,Intermediate/Middle School (Public),True,public,Active,Gwendolyn DeWees,07/29/2026,thomas-s-hart-middle-pleasanton
01751016002349,060002009287,Valley View Elementary,Pleasanton Unified,Alameda,01,480 Adams Way,Pleasanton,94566-7198,(925) 426-4230,https://valleyview.pleasantonusd.net/,37.659868,-121.86362,0.0,5.0,K-5,GSserved,elementary,False,False,True,True,N,False,Elementary School (Public),True,public,Active,Elias Muniz Rodrigue,07/29/2026,valley-view-elementary-pleasanton
01751016089361,060002009290,Vintage Hills Elementary,Pleasanton Unified,Alameda,01,1125 Concord Street,Pleasanton,94566-7236,(925) 426-4240,https://vintagehills.pleasantonusd.net/,37.655902,-121.85501,0.0,5.0,K-5,GSserved,elementary,False,False,False,True,N,False,Elementary School (Public),True,public,Active,Lisa Padway,07/29/2026,vintage-hills-elementary-pleasanton
01751016002356,060002009288,Walnut Grove Elementary,Pleasanton Unified,Alameda,01,1999 Harvest Road,Pleasanton,94566-5499,(925) 426-4250,https://walnutgrove.pleasantonusd.net/,37.673219,-121.88537,0.0,5.0,K-5,GSserved,elementary,False,False,False,True,N,False,Elementary School (Public),True,public,Active,Gigi Kruse-Silva,08/30/2023,walnut-grove-elementary-pleasanton
01612916057111,063468005831,Bancroft Middle,San Leandro Unified,Alameda,01,1150 Bancroft Avenue,San Leandro,94577-3863,(510) 618-4380,https://www.slusd.us/bancroft/,37.729173,-122.14863,6.0,8.0,6-8,GSserved,middle,False,False,True,False,N,False,Intermediate/Middle School (Public),True,public,Active,Jeff Sloane,08/07/2023,bancroft-middle-san-leandro
01612916002372,063468005833,Garfield Elementary,San Leandro Unified,Alameda,01,13050 Aurora Drive,San Leandro,94577-3159,(510) 618-4300,No Data,37.70401,-122.18606,0.0,5.0,K-5,GSserved,elementary,False,False,False,False,N,False,Elementary School (Public),True,public,Active,Charles Glover,03/30/2026,garfield-elementary-san-leandro
01612916002463,063468005844,Halkin Elementary,San Leandro Unified,Alameda,01,1300 Williams Street,San Leandro,94577-2401,(510) 618-4370,No Data,37.715169,-122.16573,0.0,5.0,K-5,GSserved,elementary,False,False,True,False,N,False,Elementary School (Public),True,public,Active,Nikki Washington,03/30/2026,halkin-elementary-san-leandro
01612916002398,063468005834,Jefferson Elementary,San Leandro Unified,Alameda,01,14300 Bancroft Avenue,San Leandro,94578-1727,(510) 618-4310,No Data,37.712441,-122.13591,0.0,5.0,K-5,GSserved,elementary,False,False,True,False,N,False,Elementary School (Public),True,public,Active,Heidi Avelina Smith,03/30/2026,jefferson-elementary-san-leandro
01612916066518,063468005839,John Muir Middle,San Leandro Unified,Alameda,01,1444 Williams Street,San Leandro,94577-2403,(510) 618-4400,No Data,37.714146,-122.16817,6.0,8.0,6-8,GSserved,middle,False,False,True,False,N,False,Intermediate/Middle School (Public),True,public,Active,Elisa Alvarez,06/17/2022,john-muir-middle-san-leandro
01612916002414,063468007482,Madison Elementary,San Leandro Unified,Alameda,01,14751 Juniper Street,San Leandro,94579-1222,(510) 895-7944,No Data,37.69549,-122.16045,0.0,5.0,K-5,GSserved,elementary,False,False,True,False,N,False,Elementary School (Public),True,public,Active,Paulette Smith,08/08/2024,madison-elementary-san-leandro
01612916002422,063468005837,McKinley Elementary,San Leandro Unified,Alameda,01,2150 East 14th Street,San Leandro,94577-6025,(510) 618-4320,No Data,37.718877,-122.14747,0.0,5.0,K-5,GSserved,elementary,False,False,False,False,N,False,Elementary School (Public),True,public,Active,Malika Campbell,08/07/2023,mckinley-elementary-san-leandro
01612916002430,063468005838,Monroe Elementary,San Leandro Unified,Alameda,01,3750 Monterey Boulevard,San Leandro,94578-4116,(510) 618-4340,No Data,37.698154,-122.1462,0.0,5.0,K-5,GSserved,elementary,False,False,False,False,N,False,Elementary School (Public),True,public,Active,Jeannette McNeil,02/09/2023,monroe-elementary-san-leandro
01612916002448,063468005841,Roosevelt Elementary,San Leandro Unified,Alameda,01,951 Dowling Boulevard,San Leandro,94577-2125,(510) 618-4350,No Data,37.736384,-122.14676,0.0,5.0,K-5,GSserved,elementary,False,False,False,False,N,False,Elementary School (Public),True,public,Active,David Kumamoto,02/09/2023,roosevelt-elementary-san-leandro
01612910141473,063468014627,San Leandro Virtual Academy,San Leandro Unified,Alameda,01,13701 Bancroft Ave,San Leandro,94578-2605,(510) 618-4460,https://www.slusd.us/slva/,37.715175,-122.14049,0.0,12.0,K-12,GSserved,k12,False,False,False,False,V,True,Alternative School of Choice,True,public,Active,Dana Chavez,04/14/2026,san-leandro-virtual-academy-san-leandro
01612916002455,063468005843,Washington Elementary,San Leandro Unified,Alameda,01,250 Dutton Avenue,San Leandro,94577-2804,(510) 618-4360,No Data,37.732427,-122.15676,0.0,5.0,K-5,GSserved,elementary,False,False,True,False,N,False,Elementary School (Public),True,public,Active,Monica Manriquez,04/19/2022,washington-elementary-san-leandro
01613096002505,063471005846,Bay Elementary,San Lorenzo Unified,Alameda,01,2001 Bockman Road,San Lorenzo,94580-1903,(510) 317-4300,No Data,37.671559,-122.14738,0.0,5.0,K-5,GSserved,elementary,False,False,False,True,N,False,Elementary School (Public),True,public,Active,Maalik Malik,06/23/2025,bay-elementary-san-lorenzo
01613096002513,063471007483,Bohannon Middle,San Lorenzo Unified,Alameda,01,800 Bockman Road,San Lorenzo,94580-2906,(510) 317-3800,No Data,37.6708,-122.12819,6.0,8.0,6-8,GSserved,middle,False,False,True,True,N,False,Intermediate/Middle School (Public),True,public,Active,Alexis Meron,02/09/2023,bohannon-middle-san-lorenzo
01613096002521,063471005847,Colonial Acres Elementary,San Lorenzo Unified,Alameda,01,17115 Meekland Avenue,Hayward,94541-1304,(510) 317-4500,No Data,37.683564,-122.11616,0.0,5.0,K-5,GSserved,elementary,False,False,True,True,N,False,Elementary School (Public),True,public,Active,Kathleen LaCome,02/09/2023,colonial-acres-elementary-hayward
01613096002539,063471005848,Corvallis Elementary,San Lorenzo Unified,Alameda,01,14790 Corvallis Street,San Leandro,94579-1174,(510) 317-4900,No Data,37.696617,-122.15235,0.0,5.0,K-5,GSserved,elementary,False,False,False,True,N,False,Elementary School (Public),True,public,Active,Robert Patrick,07/01/2026,corvallis-elementary-san-leandro
01613096002547,063471007484,Dayton Elementary,San Lorenzo Unified,Alameda,01,1500 Dayton Avenue,San Leandro,94579-1528,(510) 317-3600,No Data,37.687925,-122.15719,0.0,5.0,K-5,GSserved,elementary,False,False,False,True,N,False,Elementary School (Public),True,public,Active,Pete Gidlund,12/13/2024,dayton-elementary-san-leandro
01613096002554,063471005850,Del Rey Elementary,San Lorenzo Unified,Alameda,01,1510 Via Sonya,San Lorenzo,94580-2760,(510) 317-5000,No Data,37.668638,-122.13657,0.0,5.0,K-5,GSserved,elementary,False,False,False,True,N,False,Elementary School (Public),True,public,Active,Maria Avila,12/13/2024,del-rey-elementary-san-lorenzo
01613096002562,063471005851,Edendale Middle,San Lorenzo Unified,Alameda,01,16160 Ashland Avenue,San Lorenzo,94580-1116,(510) 317-5100,No Data,37.69527,-122.11892,6.0,8.0,6-8,GSserved,middle,False,False,True,True,N,False,Intermediate/Middle School (Public),True,public,Active,Kristian Hinz,08/08/2024,edendale-middle-san-lorenzo
01613096002604,063471007485,Grant Elementary,San Lorenzo Unified,Alameda,01,879 Grant Avenue,San Lorenzo,94580-1403,(510) 317-3700,No Data,37.680371,-122.13504,0.0,5.0,K-5,GSserved,elementary,False,False,False,True,N,False,Elementary School (Public),True,public,Active,Tatiana Peugnet,12/13/2024,grant-elementary-san-lorenzo
01613096002612,063471005852,Hesperian Elementary,San Lorenzo Unified,Alameda,01,620 Drew Street,San Lorenzo,94580-1046,(510) 317-5200,No Data,37.694016,-122.12531,0.0,5.0,K-5,GSserved,elementary,False,False,True,True,N,False,Elementary School (Public),True,public,Active,Ruby Camarena,02/09/2023,hesperian-elementary-san-lorenzo
01613096002620,063471005853,Hillside Elementary,San Lorenzo Unified,Alameda,01,15980 Marcella Street,San Leandro,94578-2122,(510) 317-5300,No Data,37.701827,-122.11702,0.0,5.0,K-5,GSserved,elementary,False,False,False,True,N,False,Elementary School (Public),True,public,Active,Moraima Machado,02/09/2023,hillside-elementary-san-leandro
01613090101212,063471011159,KIPP Summit Academy,San Lorenzo Unified,Alameda,01,2005 Via Barrett Suite A,San Lorenzo,94580-1315,(510) 258-0106,https://summit.kippnorcal.org/,37.674319,-122.15009,5.0,8.0,5-8,GSserved,middle,True,False,False,True,N,False,Intermediate/Middle School (Public),True,public,Active,Jenny Tan,02/09/2023,kipp-summit-academy-san-lorenzo
01613096002653,063471005855,Lorenzo Manor Elementary,San Lorenzo Unified,Alameda,01,18250 Bengal Street,Hayward,94541-2202,(510) 317-5400,No Data,37.674293,-122.11946,0.0,5.0,K-5,GSserved,elementary,False,False,False,True,N,False,Elementary School (Public),True,public,Active,Christelle Hutin,07/02/2026,lorenzo-manor-elementary-hayward
01613096002703,063471008973,Washington Manor Middle,San Lorenzo Unified,Alameda,01,1170 Fargo Avenue,San Leandro,94579-1633,(510) 317-5500,No Data,37.68842,-122.14812,6.0,8.0,6-8,GSserved,middle,False,False,False,True,N,False,Intermediate/Middle School (Public),True,public,Active,Nicole Sandoval,12/13/2024,washington-manor-middle-san-leandro
01751196002711,060002109291,Sunol Glen Elementary,Sunol Glen Unified,Alameda,01,11601 Main Street,Sunol,94586-9519,(925) 862-2026,www.sunol.k12.ca.us,37.593598,-121.8851,0.0,8.0,K-8,GSserved,k8,False,False,False,False,N,False,Elementary School in 1 School District (Public),True,public,Active,Shay Galletti,07/01/2024,sunol-glen-elementary-sunol
07616486115703,060285007493,Antioch Charter Academy,Antioch Unified,Contra Costa,07,3325 Hacienda Way,Antioch,94509-5407,(925) 755-7311,www.antiochcharteracademy.org,37.987596,-121.82655,0.0,8.0,K-8,GSserved,k8,True,False,False,False,N,False,Elementary School (Public),True,public,Active,Muthu Jayakrishnan,08/31/2026,antioch-charter-academy-antioch
07616480115063,060285011984,Antioch Charter Academy II,Antioch Unified,Contra Costa,07,1201 West Tenth Street,Antioch,94509-1406,(925) 755-1252,www.antiochcharteracademy.org,38.011182,-121.82097,0.0,8.0,K-8,GSserved,k8,True,False,False,False,N,False,Elementary School (Public),True,public,Active,Muthu Jayakrishnan,08/27/2026,antioch-charter-academy-ii-antioch
07616486057178,060285000208,Antioch Middle,Antioch Unified,Contra Costa,07,1500 D Street,Antioch,94509-2346,(925) 779-7400,www.antiochschools.net/domain/22,38.005453,-121.81003,6.0,8.0,6-8,GSserved,middle,False,False,True,True,N,False,Intermediate/Middle School (Public),True,public,Active,Liah Jones-Douglas,08/08/2024,antioch-middle-antioch
07616486003578,060285000209,Belshaw Elementary,Antioch Unified,Contra Costa,07,2801 Roosevelt Lane,Antioch,94509-5038,(925) 779-7495,www.antiochschools.net/domain/8,37.995363,-121.80135,0.0,5.0,K-5,GSserved,elementary,False,False,False,True,N,False,Elementary School (Public),True,public,Active,Amanda Gallagher,02/09/2023,belshaw-elementary-antioch
07616486113104,060285004440,Black Diamond Middle,Antioch Unified,Contra Costa,07,4730 Sterling Hill Drive,Antioch,94531-7673,(925) 779-7460,www.antiochschools.net/domain/23,37.97057,-121.76672,6.0,8.0,6-8,GSserved,middle,False,False,False,True,N,False,Intermediate/Middle School (Public),True,public,Active,Melissa Johnson,08/31/2026,black-diamond-middle-antioch
07616480106583,060285010752,Carmen Dragon Elementary,Antioch Unified,Contra Costa,07,4721 Vista Grande Drive,Antioch,94531-8619,(925) 779-7475,www.antiochschools.net/domain/9,37.968276,-121.75269,0.0,6.0,K-6,GSserved,elementary,False,False,False,True,N,False,Elementary School (Public),True,public,Active,Keisha Lowe,08/31/2026,carmen-dragon-elementary-antioch
07616480100479,060285011275,Dallas Ranch Middle,Antioch Unified,Contra Costa,07,1401 Mount Hamilton Drive,Antioch,94531-8518,(925) 779-7485,www.antiochschools.net/domain/24,37.967182,-121.79861,6.0,8.0,6-8,GSserved,middle,False,False,True,True,N,False,Intermediate/Middle School (Public),True,public,Active,Bridget Spires,08/08/2024,dallas-ranch-middle-antioch
07616486117501,060285008454,Diablo Vista Elementary,Antioch Unified,Contra Costa,07,4791 Prewett Ranch Drive,Antioch,94531-8619,(925) 779-7470,www.antiochschools.net/domain/10,37.957726,-121.7704,0.0,5.0,K-5,GSserved,elementary,False,False,False,True,N,False,Elementary School (Public),True,public,Active,Bonny Bausola,02/09/2023,diablo-vista-elementary-antioch
07616486003594,060285000211,Fremont Elementary,Antioch Unified,Contra Costa,07,1413 F Street,Antioch,94509-2220,(925) 779-7405,www.antiochschools.net/domain/11,38.007392,-121.81252,0.0,5.0,K-5,GSserved,elementary,False,False,True,True,N,False,Elementary School (Public),True,public,Active,Sylvia Ramirez,01/21/2022,fremont-elementary-antioch
07616486115380,060285007492,Grant Elementary,Antioch Unified,Contra Costa,07,4325 Spaulding Street,Antioch,94531-8248,(925) 779-7465,www.antiochschools.net/domain/8,37.985644,-121.76743,0.0,6.0,K-6,GSserved,elementary,False,False,False,True,N,False,Elementary School (Public),True,public,Active,Casey McClure,08/28/2024,grant-elementary-antioch
07616486110514,060285000156,Jack London Elementary,Antioch Unified,Contra Costa,07,4550 Country Hills Drive,Antioch,94531-8906,(925) 779-7455,www.antiochschools.net/domain/12,37.972258,-121.7741,0.0,6.0,K-6,GSserved,elementary,False,False,False,True,N,False,Elementary School (Public),True,public,Active,Sara Roat,02/09/2023,jack-london-elementary-antioch
07616486003602,060285000212,Kimball Elementary,Antioch Unified,Contra Costa,07,1310 August Way,Antioch,94509-2402,(925) 779-7415,www.antiochschools.net/domain/14,38.006877,-121.80084,0.0,5.0,K-5,GSserved,elementary,False,False,False,True,N,False,Elementary School (Public),True,public,Active,Christie Steiner,02/09/2023,kimball-elementary-antioch
07616480100461,060285011276,Lone Tree Elementary,Antioch Unified,Contra Costa,07,1931 Mokelumne Drive,Antioch,94531-9129,(925) 779-7480,www.antiochschools.net/domain/15,37.956286,-121.79193,0.0,5.0,K-5,GSserved,elementary,False,False,False,True,N,False,Elementary School (Public),True,public,Active,Jonnie Silman,08/28/2023,lone-tree-elementary-antioch
07616486003610,060285000214,Marsh Elementary,Antioch Unified,Contra Costa,07,2304 G Street,Antioch,94509-3500,(925) 779-7410,www.antiochschools.net/domain/16,37.999713,-121.81508,0.0,5.0,K-5,GSserved,elementary,False,False,False,True,N,False,Elementary School (Public),True,public,Active,Dayna Gaspard,08/28/2024,marsh-elementary-antioch
07616486084941,060285000215,Mission Elementary,Antioch Unified,Contra Costa,07,1711 Mission Drive,Antioch,94509-4543,(925) 779-7435,www.antiochschools.net/domain/17,37.997343,-121.83152,0.0,5.0,K-5,GSserved,elementary,False,False,False,True,N,False,Elementary School (Public),True,public,Active,Mindy Laituri,02/09/2023,mission-elementary-antioch
07616486108989,060285009703,Muir (John) Elementary,Antioch Unified,Contra Costa,07,615 Greystone Drive,Antioch,94509-6990,(925) 779-7450,www.antiochschools.net/domain/13,37.976287,-121.79466,0.0,5.0,K-5,GSserved,elementary,False,False,True,True,N,False,Elementary School (Public),True,public,Active,Michael Flosi,01/21/2022,muir-john-elementary-antioch
07616480113761,060285011904,Orchard Park,Antioch Unified,Contra Costa,07,5150 Live Oak Avenue,Oakley,94561-4127,(925) 779-7445,www.antiochschools.net/domain/19,38.000056,-121.74155,0.0,8.0,K-8,GSserved,k8,False,False,False,True,N,False,Elementary School (Public),True,public,Active,Gretchen Gaudy,09/25/2023,orchard-park-oakley
07616486061154,060285000216,Park Middle,Antioch Unified,Contra Costa,07,1 Spartan Way,Antioch,94509-4882,(925) 779-7420,www.antiochschools.net/domain/25,37.993577,-121.81276,6.0,8.0,6-8,GSserved,middle,False,False,False,True,N,False,Intermediate/Middle School (Public),True,public,Active,Takeisha Harris,08/31/2026,park-middle-antioch
07616480730259,060285009517,Prospects High (Alternative),Antioch Unified,Contra Costa,07,820 West Second Street,Antioch,94509-1145,(925) 779-7640,www.antiochschools.net/domain/29,38.016969,-121.81619,0.0,12.0,K-12,GSserved,k12,False,False,False,True,N,False,Alternative School of Choice,True,public,Active,Elaina Lewis,09/05/2025,prospects-high-alternative-antioch
07616480137430,060285014366,Rocketship Delta Prep,Antioch Unified,Contra Costa,07,1700 Cavallo Road,Antioch,94509-1930,(877) 806-0920,www.rocketshipschools.org/schools/deltaprep,38.005791,-121.79727,0.0,5.0,K-5,GSserved,elementary,True,False,False,False,N,False,Elementary School (Public),True,public,Active,Maricela Guerrero,09/08/2025,rocketship-delta-prep-antioch
07616486003628,060285000217,Sutter Elementary,Antioch Unified,Contra Costa,07,3410 Longview Road,Antioch,94509-6006,(925) 779-7425,www.antiochschools.net/domain/20,37.985569,-121.81191,0.0,5.0,K-5,GSserved,elementary,False,False,False,True,N,False,Elementary School (Public),True,public,Active,Heather Ogden,02/09/2023,sutter-elementary-antioch
07616480141028,060285014525,Thomas Gaines Virtual Academy,Antioch Unified,Contra Costa,07,4730 Sterling Hills Drive,Antioch,94531-7673,(925) 779-7640,www.antiochschools.net/domain/32,37.969463,-121.76794,1.0,8.0,1-8,GSserved,k8,False,False,False,True,V,True,Alternative School of Choice,True,public,Active,Elaina Lewis,08/19/2025,thomas-gaines-virtual-academy-antioch
07616486003636,060285000218,Turner Elementary,Antioch Unified,Contra Costa,07,4207 Delta Fair Boulevard,Antioch,94509-3944,(925) 779-7430,www.antiochschools.net/domain/21,38.003797,-121.85055,0.0,5.0,K-5,GSserved,elementary,False,False,False,True,N,False,Elementary School (Public),True,public,Active,Jesseca Stone,08/28/2023,turner-elementary-antioch
07616550110528,060591011574,Adams (J. Douglas) Middle,Brentwood Union,Contra Costa,07,401 American Avenue,Brentwood,94513-4611,(925) 513-6480,www.brentwood.k12.ca.us,37.918977,-121.75556,6.0,8.0,6-8,GSserved,middle,False,False,False,False,N,False,Intermediate/Middle School (Public),True,public,Active,Lauren Griggs,05/23/2025,adams-j-douglas-middle-brentwood
07616556003644,060591000534,Brentwood Elementary,Brentwood Union,Contra Costa,07,200 Griffith Lane,Brentwood,94513-1137,(925) 513-6360,www.brentwood.k12.ca.us,37.928421,-121.70678,0.0,5.0,K-5,GSserved,elementary,False,False,False,False,N,False,Elementary School (Public),True,public,Active,Guy Rohlfs,05/23/2025,brentwood-elementary-brentwood
07616556003651,060591000535,Edna Hill Middle,Brentwood Union,Contra Costa,07,140 Birch Street,Brentwood,94513-1646,(925) 513-6440,www.brentwood.k12.ca.us,37.931347,-121.69118,6.0,8.0,6-8,GSserved,middle,False,False,False,False,N,False,Intermediate/Middle School (Public),True,public,Active,Leonor Medina,05/23/2025,edna-hill-middle-brentwood
07616556070981,060591000536,Garin Elementary,Brentwood Union,Contra Costa,07,250 First Street,Brentwood,94513-1610,(925) 513-6370,www.brentwood.k12.ca.us,37.927778,-121.69031,0.0,5.0,K-5,GSserved,elementary,False,False,False,False,N,False,Elementary School (Public),True,public,Active,Allison Martin,05/23/2025,garin-elementary-brentwood
07616550142331,060591014688,Isaac R. Montañez Elementary,Brentwood Union,Contra Costa,07,2340 Smith Road,Brentwood,94513-5419,(925) 513-6100,www.brentwood.k12.ca.us,37.958998,-121.71137,0.0,5.0,K-5,GSserved,elementary,False,False,False,False,N,False,Elementary School (Public),True,public,Active,Abbey Wheeler,10/03/2025,isaac-r-montanez-elementary-brentwood
07616556117410,060591008455,Loma Vista Elementary,Brentwood Union,Contra Costa,07,2110 San Jose Avenue,Brentwood,94513-5930,(925) 513-6390,www.brentwood.k12.ca.us,37.939885,-121.73572,0.0,5.0,K-5,GSserved,elementary,False,False,False,False,N,False,Elementary School (Public),True,public,Active,Julie Croy,05/23/2025,loma-vista-elementary-brentwood
07616550108019,060591010754,Marsh Creek Elementary,Brentwood Union,Contra Costa,07,601 Grant Street,Brentwood,94513-2259,(925) 513-6420,www.brentwood.k12.ca.us,37.953946,-121.70729,0.0,5.0,K-5,GSserved,elementary,False,False,False,False,N,False,Elementary School (Public),True,public,Active,Teresa D'Alfonsi,05/23/2025,marsh-creek-elementary-brentwood
07616550127464,060591013420,Mary Casey Black Elementary,Brentwood Union,Contra Costa,07,480 Farmington Drive,Brentwood,94513-5548,(925) 513-6430,www.brentwood.k12.ca.us,37.948437,-121.68767,0.0,5.0,K-5,GSserved,elementary,False,False,False,False,N,False,Elementary School (Public),True,public,Active,Maria Gonzalez,05/23/2025,mary-casey-black-elementary-brentwood
07616550102376,060591010753,Pioneer Elementary,Brentwood Union,Contra Costa,07,2010 Shady Willow Lane,Brentwood,94513-5309,(925) 513-6410,www.brentwood.k12.ca.us,37.955203,-121.73692,0.0,5.0,K-5,GSserved,elementary,False,False,False,False,N,False,Elementary School (Public),True,public,Active,Samir Noor,07/02/2026,pioneer-elementary-brentwood
07616556119754,060591010474,R. Paul Krey Elementary,Brentwood Union,Contra Costa,07,190 Crawford Drive,Brentwood,94513-5628,(925) 513-6400,www.brentwood.k12.ca.us,37.918568,-121.73836,0.0,5.0,K-5,GSserved,elementary,False,False,False,False,N,False,Elementary School (Public),True,public,Active,Brian Jones,05/23/2025,r-paul-krey-elementary-brentwood
07616556109730,060591010194,Ron Nunn Elementary,Brentwood Union,Contra Costa,07,1755 Central Boulevard,Brentwood,94513-1734,(925) 513-6380,www.brentwood.k12.ca.us,37.929519,-121.72943,0.0,5.0,K-5,GSserved,elementary,False,False,False,False,N,False,Elementary School (Public),True,public,Active,Nick Casey,05/23/2025,ron-nunn-elementary-brentwood
07616556112718,060591004444,William B. Bristow Middle,Brentwood Union,Contra Costa,07,855 Minnesota Avenue,Brentwood,94513-1802,(925) 513-6460,www.brentwood.k12.ca.us,37.937604,-121.71454,6.0,8.0,6-8,GSserved,middle,False,False,False,False,N,False,Intermediate/Middle School (Public),True,public,Active,Anna Perales,05/23/2025,william-b-bristow-middle-brentwood
07616630139667,060675014447,Byron Institute for Independent Study,Byron Union Elementary,Contra Costa,07,40 Newbury Lane,Discovery Bay,94505-1828,(925) 809-7550,www.byronunionschooldistrict.us/,37.90848,-121.6193,1.0,8.0,1-8,GSserved,k8,False,False,False,False,V,True,Alternative School of Choice,True,public,Active,Kyle Anderson,08/18/2025,byron-institute-for-independent-study-discovery-bay
07616636101943,060675007653,Discovery Bay Elementary,Byron Union Elementary,Contra Costa,07,1700 Willow Lake Road,Discovery Bay,94505-9375,(925) 809-7540,www.discoverybayelementary.us,37.900961,-121.59667,0.0,5.0,K-5,GSserved,elementary,False,False,False,False,N,False,Elementary School (Public),True,public,Active,Creston Higgins,08/18/2025,discovery-bay-elementary-discovery-bay
07616636003669,060675000595,Excelsior Middle,Byron Union Elementary,Contra Costa,07,14301 Byron Highway,Byron,94514-2515,(925) 809-7530,www.excelsiormiddleschool.us,37.878893,-121.64149,6.0,8.0,6-8,GSserved,middle,False,False,False,False,N,False,Intermediate/Middle School (Public),True,public,Active,Kenneth Hickok,08/18/2025,excelsior-middle-byron
07616636119838,060675010475,Timber Point Elementary,Byron Union Elementary,Contra Costa,07,40 Newbury Lane,Discovery Bay,94505-1828,(925) 809-7550,www.timberpointelementary.us,37.908861,-121.61919,0.0,5.0,K-5,GSserved,elementary,False,False,False,False,N,False,Elementary School (Public),True,public,Active,Kyle Anderson,08/18/2025,timber-point-elementary-discovery-bay
07616630130930,060675013821,Vista Oaks Charter,Byron Union Elementary,Contra Costa,07,"315 South Lower Sacramento, Suite A",Lodi,95242-3322,(209) 365-4060,www.vistaoaks.net,38.129698,-121.30658,0.0,12.0,K-12,GSserved,k12,True,False,False,False,C,False,K-12 School (Public),True,public,Active,Joy Groen,02/09/2023,vista-oaks-charter-lodi
07616716003677,060735000680,Canyon Elementary,Canyon Elementary,Contra Costa,07,187 Pinehurst Road PO Box 187,Canyon,94516-0187,(925) 376-4671,www.canyon.k12.ca.us,37.830427,-122.16623,0.0,8.0,K-8,GSserved,k8,False,False,False,False,N,False,Elementary School in 1 School District (Public),True,public,Active,Julie Valdez,07/24/2025,canyon-elementary-canyon
07100740107342,069100510750,CCCOE Special Education Programs,Contra Costa County Office of Education,Contra Costa,07,4207 Delta Fair Boulevard,Antioch,94509-3944,(925) 777-2000,www.cocoschools.org,38.003797,-121.85055,0.0,12.0,K-12,GSserved,k12,False,False,False,False,N,False,Special Education School (Public),False,public,Active,Randy Linscheid,08/18/2025,cccoe-special-education-programs-antioch
07100740129528,069100513746,Caliber: Beta Academy,Contra Costa County Office of Education,Contra Costa,07,2465 Dolan Way,San Pablo,94804-1668,(510) 685-9886,www.caliberbetaacademy.org,37.993998,-122.32053,0.0,8.0,K-8,GSserved,k8,True,False,False,False,N,False,Elementary School (Public),True,public,Active,Aleehsa Spurr,07/13/2026,caliber-beta-academy-san-pablo
07100746077168,069100509217,Floyd I. Marchus,Contra Costa County Office of Education,Contra Costa,07,2900 Avon Avenue,Concord,94520-5404,(925) 602-3421,www.cccoe.k12.ca.us/marchus,37.995708,-122.04719,3.0,12.0,3-12,GSserved,middle_high,False,False,False,False,N,False,Special Education School (Public),False,public,Active,Stephanie Richands,06/08/2026,floyd-i-marchus-concord
07100740730614,069100510472,Golden Gate Community,Contra Costa County Office of Education,Contra Costa,07,1111 Stoneman Avenue,Pittsburg,94565-5466,(925) 427-3199,https://www.cccoe.k12.ca.us/cms/one.aspx?portalid=1077397&pageid=2978892,38.003885,-121.87747,6.0,12.0,6-12,GSserved,middle_high,True,False,False,False,N,False,County Community,False,public,Active,Ricky Mendoza,07/18/2023,golden-gate-community-pittsburg
07100740137026,069100514304,Invictus Academy of Richmond,Contra Costa County Office of Education,Contra Costa,07,7150 Portola Drive,El Cerrito,94530,(510) 994-0888,www.invictusofrichmond.org,37.915093,-122.30208,7.0,12.0,7-12,GSserved,middle_high,True,False,False,False,N,False,High School (Public),False,public,Active,Shawn Benjamin,07/19/2023,invictus-academy-of-richmond-el-cerrito
07100740114470,069100512043,Making Waves Academy,Contra Costa County Office of Education,Contra Costa,07,4123 Lakeside Drive,Richmond,94806-1942,(510) 262-1511,www.makingwavesacademy.org,37.988463,-122.33185,5.0,12.0,5-12,GSserved,middle_high,True,False,False,True,N,False,K-12 School (Public),True,public,Active,Alton Nelson,05/23/2025,making-waves-academy-richmond
07100740120444,069100512486,Mt. McKinley,Contra Costa County Office of Education,Contra Costa,07,202 Glacier Drive,Martinez,94553,(925) 957-2767,https://www.cccoe.k12.ca.us/cms/one.aspx?portalid=1077397&pageid=2978896,37.988924,-122.08743,7.0,12.0,7-12,GSserved,middle_high,False,False,False,True,N,False,Juvenile Court School,False,public,Active,Brian Murtagh,02/09/2023,mt-mckinley-martinez
07100740126805,069100513164,Richmond Charter Academy,Contra Costa County Office of Education,Contra Costa,07,1450 Marina Way South,Richmond,94804-1718,(510) 235-2465,www.amethodschools.org,37.911383,-122.35594,6.0,8.0,6-8,GSserved,middle,True,False,False,False,N,False,Intermediate/Middle School (Public),True,public,Active,Adrienne Barnes,07/30/2025,richmond-charter-academy-richmond
07100740129684,069100513776,Summit Public School K2,Contra Costa County Office of Education,Contra Costa,07,1800 Elm Street,El Cerrito,94530-1925,(510) 374-4093,http://k2.summitps.org,37.925768,-122.31341,7.0,12.0,7-12,GSserved,middle_high,True,False,False,False,N,False,High School (Public),False,public,Active,Ruth Mathis Bissell,07/13/2026,summit-public-school-k2-el-cerrito
07616976003685,061899002299,Carquinez Middle,John Swett Unified,Contra Costa,07,1099 Pomona Street,Crockett,94525-1427,(510) 787-1081,www.jsusd.org,38.052377,-122.22224,6.0,8.0,6-8,GSserved,middle,False,False,False,False,N,False,Intermediate/Middle School (Public),True,public,Active,Lori Amberson,09/10/2024,carquinez-middle-crockett
07616976003701,061899002301,Rodeo Hills Elementary,John Swett Unified,Contra Costa,07,545 Garretson Street,Rodeo,94572-1418,(510) 799-4431,www.jsusd.org,38.029908,-122.26963,0.0,5.0,K-5,GSserved,elementary,False,False,False,False,N,False,Elementary School (Public),True,public,Active,Tricia Isayi,02/09/2023,rodeo-hills-elementary-rodeo
07617056003719,062004002397,Knightsen Elementary,Knightsen Elementary,Contra Costa,07,1923 Delta Road,Knightsen,94548-0265,(925) 625-0073,www.knightsen.k12.ca.us/o/kes,37.968769,-121.66169,0.0,8.0,K-8,GSserved,k8,False,False,False,False,N,False,Elementary School (Public),True,public,Active,Jessica Erickson,08/18/2026,knightsen-elementary-knightsen
07617050133769,062004014006,Old River Elementary,Knightsen Elementary,Contra Costa,07,30 Learning Lane,Brentwood,94513-5214,(925) 626-3330,www.knightsen.k12.ca.us/o/ore,37.935671,-121.6205,0.0,8.0,K-8,GSserved,k8,False,False,False,False,N,False,Elementary School (Public),True,public,Active,Rachel Fogleman,08/18/2026,old-river-elementary-brentwood
07617136003727,062031002446,Burton Valley Elementary,Lafayette Elementary,Contra Costa,07,561 Merriewood Drive,Lafayette,94549-5507,(925) 927-3550,http://bve.lafsd.org,37.863434,-122.09233,0.0,5.0,K-5,GSserved,elementary,False,False,False,False,N,False,Elementary School (Public),True,public,Active,Meredith Dolley,12/12/2024,burton-valley-elementary-lafayette
07617136003743,062031002447,Happy Valley Elementary,Lafayette Elementary,Contra Costa,07,3855 Happy Valley Road,Lafayette,94549-2406,(925) 927-3560,http://hve.lafsd.org,37.90513,-122.14166,0.0,5.0,K-5,GSserved,elementary,False,False,False,False,N,False,Elementary School (Public),True,public,Active,Shayna Peeff,11/02/2023,happy-valley-elementary-lafayette
07617136003750,062031002448,Lafayette Elementary,Lafayette Elementary,Contra Costa,07,950 Moraga Road,Lafayette,94549-4525,(925) 927-3570,http://les.lafsd.org,37.888756,-122.11825,0.0,5.0,K-5,GSserved,elementary,False,False,False,False,N,False,Elementary School (Public),True,public,Active,Melissa Barclay,11/02/2023,lafayette-elementary-lafayette
07617136003768,062031002449,M. H. Stanley Middle,Lafayette Elementary,Contra Costa,07,3455 School Street,Lafayette,94549-4573,(925) 927-3530,http://sms.lafsd.org,37.887417,-122.11318,6.0,8.0,6-8,GSserved,middle,False,False,False,False,N,False,Intermediate/Middle School (Public),True,public,Active,Ann Kim,08/18/2026,m-h-stanley-middle-lafayette
07617136003792,062031002450,Springhill Elementary,Lafayette Elementary,Contra Costa,07,3301 Springhill Road,Lafayette,94549-2519,(925) 927-3580,http://spr.lafsd.org,37.908759,-122.10248,0.0,5.0,K-5,GSserved,elementary,False,False,False,False,N,False,Elementary School (Public),True,public,Active,Mette Thallaug,11/02/2023,springhill-elementary-lafayette
07617390730473,062403007071,Briones (Alternative),Martinez Unified,Contra Costa,07,925 Susana Street,Martinez,94553-3212,(925) 335-5800,http://vmhs.martinezusd.net,38.014789,-122.13202,6.0,12.0,6-12,GSserved,middle_high,False,False,False,False,N,False,Alternative School of Choice,True,public,Active,Patty O'Malley,08/22/2023,briones-alternative-martinez
07617396003826,062403009579,John Muir Elementary,Martinez Unified,Contra Costa,07,205 Vista Way,Martinez,94553-4029,(925) 335-5850,http://jme.martinezusd.net,37.998922,-122.11935,0.0,5.0,K-5,GSserved,elementary,False,False,False,False,N,False,Elementary School (Public),True,public,Active,Taynesha LeBeaux,07/10/2023,john-muir-elementary-martinez
07617396003834,062403003614,John Swett Elementary,Martinez Unified,Contra Costa,07,4955 Alhambra Valley Road,Martinez,94553-5707,(925) 335-5860,http://jse.martinezusd.net,37.982299,-122.12533,0.0,5.0,K-5,GSserved,elementary,False,False,False,False,N,False,Elementary School (Public),True,public,Active,Michael Cannon,07/10/2023,john-swett-elementary-martinez
07617396003842,062403003615,Las Juntas Elementary,Martinez Unified,Contra Costa,07,4105 Pacheco Boulevard,Martinez,94553-2225,(925) 335-5830,http://lje.martinezusd.net,38.007486,-122.09343,0.0,5.0,K-5,GSserved,elementary,False,False,False,False,N,False,Elementary School (Public),True,public,Active,Patricia Crespo,07/10/2023,las-juntas-elementary-martinez
07617390116780,062403012601,Martinez Early Intervention Preschool Program (MEIPP),Martinez Unified,Contra Costa,07,4955 Alhambra Valley Rd,Martinez,94553-5747,(925) 335-5910,http://meipp.martinezusd.net,37.982131,-122.12416,0.0,0.0,K,GSserved,elementary,False,False,False,False,N,False,Preschool,False,public,Active,Michael Canon,07/22/2025,martinez-early-intervention-preschool-program-meipp-martinez
07617396057186,062403003618,Martinez Junior High,Martinez Unified,Contra Costa,07,1600 Court Street,Martinez,94553-1846,(925) 335-5820,http://mjhs.martinezusd.net,38.017899,-122.13403,6.0,8.0,6-8,GSserved,middle,False,False,False,False,N,False,Intermediate/Middle School (Public),True,public,Active,Kerry Cusack,07/10/2023,martinez-junior-high-martinez
07617396003875,062403000178,Morello Park Elementary,Martinez Unified,Contra Costa,07,1200 Morello Park Drive,Martinez,94553-3524,(925) 335-5840,http://mpe.martinezusd.net,38.000798,-122.09928,0.0,5.0,K-5,GSserved,elementary,False,False,False,False,N,False,Elementary School (Public),True,public,Active,Brianna Shahvar,08/18/2026,morello-park-elementary-martinez
07617476003909,062574003849,Camino Pablo Elementary,Moraga Elementary,Contra Costa,07,1111 Camino Pablo,Moraga,94556-1898,(925) 376-4435,No Data,37.822952,-122.12456,0.0,5.0,K-5,GSserved,elementary,False,False,False,False,N,False,Elementary School (Public),True,public,Active,David Lanuza,02/09/2023,camino-pablo-elementary-moraga
07617476003917,062574003850,Donald L. Rheem Elementary,Moraga Elementary,Contra Costa,07,90 Laird Drive,Moraga,94556-1407,(925) 376-4441,No Data,37.857612,-122.13303,0.0,5.0,K-5,GSserved,elementary,False,False,False,False,N,False,Elementary School (Public),True,public,Active,Ginger Cook,02/18/2026,donald-l-rheem-elementary-moraga
07617476003925,062574003851,Joaquin Moraga Intermediate,Moraga Elementary,Contra Costa,07,1010 Camino Pablo,Moraga,94556-1899,(925) 376-7206,No Data,37.826924,-122.13063,6.0,8.0,6-8,GSserved,middle,False,False,False,False,N,False,Intermediate/Middle School (Public),True,public,Active,Brent Rubey,02/18/2026,joaquin-moraga-intermediate-moraga
07617476003933,062574007075,Los Perales Elementary,Moraga Elementary,Contra Costa,07,22 Wakefield Drive,Moraga,94556-1216,(925) 631-0105,No Data,37.847616,-122.13826,0.0,5.0,K-5,GSserved,elementary,False,False,False,False,N,False,Elementary School (Public),True,public,Active,Alice Tumilty,02/18/2026,los-perales-elementary-moraga
07617546003958,062637003934,Ayers Elementary,Mt. Diablo Unified,Contra Costa,07,5120 Myrtle Drive,Concord,94521-1522,(925) 682-7686,https://ayers.mdusd.org/,37.96622,-121.95995,0.0,5.0,K-5,GSserved,elementary,False,False,False,False,N,False,Elementary School (Public),True,public,Active,Jennifer McCullough,08/18/2026,ayers-elementary-concord
07617546003966,062637003935,Bancroft Elementary,Mt. Diablo Unified,Contra Costa,07,2200 Parish Drive,Walnut Creek,94598-1524,(925) 933-3405,www.mdusd.org,37.929088,-122.03673,0.0,5.0,K-5,GSserved,elementary,False,False,True,False,N,False,Elementary School (Public),True,public,Active,Linda Flynn,08/02/2024,bancroft-elementary-walnut-creek
07617546003974,062637003936,Bel Air Elementary,Mt. Diablo Unified,Contra Costa,07,663 Canal Road,Bay Point,94565-3301,(925) 458-2606,https://belair.mdusd.org/,38.019411,-121.93884,0.0,5.0,K-5,GSserved,elementary,False,False,False,False,N,False,Elementary School (Public),True,public,Active,Tamekia McCauley,08/18/2026,bel-air-elementary-bay-point
07617546003982,062637002932,Cambridge Elementary,Mt. Diablo Unified,Contra Costa,07,1135 Lacey Lane,Concord,94520-4297,(925) 686-4749,No Data,37.954809,-122.04456,0.0,5.0,K-5,GSserved,elementary,False,False,True,False,N,False,Elementary School (Public),True,public,Active,Joanne Wathen,08/23/2023,cambridge-elementary-concord
07617540106088,062637010756,Delta View Elementary,Mt. Diablo Unified,Contra Costa,07,2916 Rio Verde,Pittsburg,94565-7641,(925) 261-0240,www.mdusd.org,38.011265,-121.96773,0.0,5.0,K-5,GSserved,elementary,False,False,False,False,N,False,Elementary School (Public),True,public,Active,JOSEPH BRUNO,08/02/2024,delta-view-elementary-pittsburg
07617546111504,062637001967,Diablo View Middle,Mt. Diablo Unified,Contra Costa,07,300 Diablo View Lane,Clayton,94517-1600,(925) 672-0898,No Data,37.932145,-121.92303,6.0,8.0,6-8,GSserved,middle,False,False,False,False,N,False,Intermediate/Middle School (Public),True,public,Active,Vicki Wilson,09/26/2023,diablo-view-middle-clayton
07617546118087,062637008688,Eagle Peak Montessori,Mt. Diablo Unified,Contra Costa,07,800 Hutchinson Road,Walnut Creek,94598-4505,(925) 946-0994,www.eaglepeakmontessori.org,37.911384,-122.01214,1.0,8.0,1-8,GSserved,k8,True,False,False,False,N,False,Elementary School (Public),True,public,Active,Michelle Hammons,08/23/2023,eagle-peak-montessori-walnut-creek
07617546004030,062637003944,El Dorado Middle,Mt. Diablo Unified,Contra Costa,07,1750 West Street,Concord,94521-1008,(925) 682-5700,www.mdusd.org,37.976026,-121.99258,6.0,8.0,6-8,GSserved,middle,False,False,False,False,N,False,Intermediate/Middle School (Public),True,public,Active,Jeanne Johnson,08/25/2025,el-dorado-middle-concord
07617546004048,062637003945,El Monte Elementary,Mt. Diablo Unified,Contra Costa,07,1400 Dina Drive,Concord,94518-1222,(925) 685-3113,http://elmonte.mdusd.org/,37.968484,-122.01259,0.0,5.0,K-5,GSserved,elementary,False,False,False,False,N,False,Elementary School (Public),True,public,Active,Sara Nowinski,07/29/2026,el-monte-elementary-concord
07617546004055,062637003946,Fair Oaks Elementary,Mt. Diablo Unified,Contra Costa,07,2400 Lisa Lane,Pleasant Hill,94523-3993,(925) 685-4494,No Data,37.944086,-122.05058,0.0,5.0,K-5,GSserved,elementary,False,False,False,False,N,False,Elementary School (Public),True,public,Active,Amy Monaghan,08/02/2024,fair-oaks-elementary-pleasant-hill
07617546004063,062637003947,Foothill Middle,Mt. Diablo Unified,Contra Costa,07,2775 Cedro Lane,Walnut Creek,94598-3899,(925) 939-8600,http://foothill.mdusd.org/,37.920327,-122.01627,6.0,8.0,6-8,GSserved,middle,False,False,False,False,N,False,Intermediate/Middle School (Public),True,public,Active,Crystall Stull,08/23/2023,foothill-middle-walnut-creek
07617540140442,062637014515,Glenbrook Academy,Mt. Diablo Unified,Contra Costa,07,2351 Olivera Road,Concord,94520-1626,(925) 682-8000,No Data,37.995602,-122.03579,7.0,12.0,7-12,GSserved,middle_high,False,False,False,False,N,False,Special Education School (Public),False,public,Active,David Lewis,08/23/2023,glenbrook-academy-concord
07617546112395,062637002956,Gregory Gardens Elementary,Mt. Diablo Unified,Contra Costa,07,1 Corritone Court,Pleasant Hill,94523-2299,(925) 827-3770,No Data,37.959933,-122.06683,0.0,5.0,K-5,GSserved,elementary,False,False,False,False,N,False,Elementary School (Public),True,public,Active,Katie Koontz,02/09/2023,gregory-gardens-elementary-pleasant-hill
07617546004097,062637003950,Hidden Valley Elementary,Mt. Diablo Unified,Contra Costa,07,500 Glacier Drive,Martinez,94553-5499,(925) 228-9530,No Data,37.982528,-122.08815,0.0,5.0,K-5,GSserved,elementary,False,False,False,False,N,False,Elementary School (Public),True,public,Active,Jennifer Tosi,08/23/2023,hidden-valley-elementary-martinez
07617546004105,062637003951,Highlands Elementary,Mt. Diablo Unified,Contra Costa,07,1326 Pennsylvania Boulevard,Concord,94521-4103,(925) 672-5252,www.mdusd.org,37.941843,-121.95616,0.0,5.0,K-5,GSserved,elementary,False,False,False,False,N,False,Elementary School (Public),True,public,Active,Carrie Nerheim,08/25/2025,highlands-elementary-concord
07617540135822,062637003953,Holbrook Language Academy,Mt. Diablo Unified,Contra Costa,07,3333 Ronald Way,Concord,94519-2017,(925) 685-6446,http://holbrook.mdusd.org,37.993326,-122.02699,0.0,8.0,K-8,GSserved,k8,False,True,True,False,N,False,Elementary School (Public),True,public,Active,Silvia Orellana,08/05/2022,holbrook-language-academy-concord
07617540730317,062637009946,Horizons School: Independent Study,Mt. Diablo Unified,Contra Costa,07,1 Santa Barbara Road,Pleasant Hill,94523-4496,(925) 682-8000,https://horizonscis.mdusd.org/,37.935713,-122.06812,1.0,12.0,1-12,GSserved,k12,False,False,False,False,C,False,Alternative School of Choice,True,public,Active,Charles Harrington,01/27/2026,horizons-school-independent-study-pleasant-hill
07617540140103,062637014454,MDUSD Preschools,Mt. Diablo Unified,Contra Costa,07,1 Corritone Court,Pleasant Hill,94523-2239,(925) 865-1960,http://gregorygardens.mdusd.org/,37.960653,-122.06816,0.0,11.0,K-11,GSserved,k12,False,False,False,False,N,False,Preschool,False,public,Active,Jessica Phillips,08/18/2026,mdusd-preschools-pleasant-hill
07617546004154,062637003956,Meadow Homes Elementary,Mt. Diablo Unified,Contra Costa,07,1371 Detroit Avenue,Concord,94520-3521,(925) 685-8760,http://meadowhomes.mdusd.org/,37.965928,-122.03887,0.0,5.0,K-5,GSserved,elementary,False,False,True,False,N,False,Elementary School (Public),True,public,Active,Leah Dubinsky,08/23/2023,meadow-homes-elementary-concord
07617546004162,062637003957,Monte Gardens Elementary,Mt. Diablo Unified,Contra Costa,07,3841 Larkspur Drive,Concord,94519-1152,(925) 685-3834,http://montegardens.mdusd.org/,37.988217,-122.00524,0.0,5.0,K-5,GSserved,elementary,False,True,False,False,N,False,Elementary School (Public),True,public,Active,James Stewart,07/29/2026,monte-gardens-elementary-concord
07617546004170,062637003958,Mountain View Elementary,Mt. Diablo Unified,Contra Costa,07,1705 Thornwood Drive,Concord,94521-1999,(925) 689-6450,No Data,37.968663,-121.98032,0.0,5.0,K-5,GSserved,elementary,False,False,False,False,N,False,Elementary School (Public),True,public,Active,Julian Urmson,07/29/2026,mountain-view-elementary-concord
07617546004188,062637003959,Mt. Diablo Elementary,Mt. Diablo Unified,Contra Costa,07,5880 Mount Zion Drive,Clayton,94517-1114,(925) 672-4840,http://mtdiabloelementary.mdusd.org/,37.942567,-121.94018,0.0,5.0,K-5,GSserved,elementary,False,False,False,False,N,False,Elementary School (Public),True,public,Active,Sara Harris,08/23/2023,mt-diablo-elementary-clayton
07617546004196,062637003962,Oak Grove Middle,Mt. Diablo Unified,Contra Costa,07,2050 Minert Road,Concord,94518-3428,(925) 682-1843,http://oakgrove.mdusd.org/,37.939851,-122.03497,6.0,8.0,6-8,GSserved,middle,False,False,False,False,N,False,Intermediate/Middle School (Public),True,public,Active,Alejandro Ramos,02/09/2023,oak-grove-middle-concord
07617546004220,062637003965,Pine Hollow Middle,Mt. Diablo Unified,Contra Costa,07,5522 Pine Hollow Road,Concord,94521-4799,(925) 672-5444,http://pinehollow.mdusd.org/,37.941261,-121.95472,6.0,8.0,6-8,GSserved,middle,False,False,False,False,N,False,Intermediate/Middle School (Public),True,public,Active,Andrew Strawbridge,08/23/2023,pine-hollow-middle-concord
07617546004246,062637003967,Pleasant Hill Elementary,Mt. Diablo Unified,Contra Costa,07,2097 Oak Park Boulevard,Pleasant Hill,94523-4033,(925) 934-3341,www.mdusd.org,37.933651,-122.08259,0.0,5.0,K-5,GSserved,elementary,False,False,False,False,N,False,Elementary School (Public),True,public,Active,Adria Ibarra,07/29/2026,pleasant-hill-elementary-pleasant-hill
07617546114904,062637007076,Pleasant Hill Middle,Mt. Diablo Unified,Contra Costa,07,1 Santa Barbara Road,Pleasant Hill,94503-4215,(925) 256-0791,No Data,37.935713,-122.06812,6.0,8.0,6-8,GSserved,middle,False,False,False,False,N,False,Intermediate/Middle School (Public),True,public,Active,Teresa McCormick,08/05/2024,pleasant-hill-middle-pleasant-hill
07617546096226,062637009406,Rio Vista Elementary,Mt. Diablo Unified,Contra Costa,07,611 Pacifica Avenue,Bay Point,94565-1359,(925) 458-6101,http://riovista.mdusd.org/,38.033972,-121.97471,0.0,5.0,K-5,GSserved,elementary,False,False,False,False,N,False,Elementary School (Public),True,public,Active,Janis Heden Motola,07/29/2026,rio-vista-elementary-bay-point
07617546004261,062637003969,Riverview Middle,Mt. Diablo Unified,Contra Costa,07,205 Pacifica Avenue,Bay Point,94565-2995,(925) 458-3216,No Data,38.033976,-121.96551,6.0,8.0,6-8,GSserved,middle,False,False,False,False,N,False,Intermediate/Middle School (Public),True,public,Active,Veronica McLennan,08/25/2025,riverview-middle-bay-point
07617540134072,062637014044,Rocketship Futuro Academy,Mt. Diablo Unified,Contra Costa,07,2351 Olivera Road,Concord,94520-1626,(925) 246-5537,www.rocketshipschools.org/schools/futuro-academy/,37.995602,-122.03579,0.0,5.0,K-5,GSserved,elementary,True,False,False,False,N,False,Elementary School (Public),True,public,Active,Maricela Guerrero,11/04/2024,rocketship-futuro-academy-concord
07617546004253,062637007319,Sequoia Elementary,Mt. Diablo Unified,Contra Costa,07,277 Boyd Road,Pleasant Hill,94523-3796,(925) 935-5721,http://ses.mdusd.org/,37.94348,-122.0669,0.0,5.0,K-5,GSserved,elementary,False,True,False,False,N,False,Elementary School (Public),True,public,Active,Stacy Campbell,07/29/2026,sequoia-elementary-pleasant-hill
07617546105357,062637008916,Sequoia Middle,Mt. Diablo Unified,Contra Costa,07,265 Boyd Road,Pleasant Hill,94523-3297,(925) 934-8174,www.mdusd.org,37.943481,-122.06793,6.0,8.0,6-8,GSserved,middle,False,True,False,False,N,False,Intermediate/Middle School (Public),True,public,Active,Douglas Corbin,08/23/2023,sequoia-middle-pleasant-hill
07617546004295,062637003972,Shore Acres Elementary,Mt. Diablo Unified,Contra Costa,07,351 Marina Road,Bay Point,94565-1399,(925) 458-3261,www.mdusd.org,38.03619,-121.97037,0.0,5.0,K-5,GSserved,elementary,False,False,True,False,N,False,Elementary School (Public),True,public,Active,Lisamarie Gascot-Reyes,08/25/2025,shore-acres-elementary-bay-point
07617546004303,062637003973,Silverwood Elementary,Mt. Diablo Unified,Contra Costa,07,1649 Claycord Avenue,Concord,94521-2299,(925) 687-1150,No Data,37.962573,-121.9717,0.0,5.0,K-5,GSserved,elementary,False,False,False,False,N,False,Elementary School (Public),True,public,Active,Kai Dwyer,03/11/2026,silverwood-elementary-concord
07617546004311,062637003974,Strandwood Elementary,Mt. Diablo Unified,Contra Costa,07,416 Gladys Drive,Pleasant Hill,94523-2749,(925) 685-3212,No Data,37.950241,-122.07585,0.0,5.0,K-5,GSserved,elementary,False,False,False,False,N,False,Elementary School (Public),True,public,Active,Leif Utler,08/23/2023,strandwood-elementary-pleasant-hill
07617546004329,062637003975,Sun Terrace Elementary,Mt. Diablo Unified,Contra Costa,07,2448 Floyd Lane,Concord,94520-1499,(925) 682-4861,No Data,38.000203,-122.03012,0.0,5.0,K-5,GSserved,elementary,False,True,False,False,N,False,Elementary School (Public),True,public,Active,Sheila McCumber,01/27/2026,sun-terrace-elementary-concord
07617546004238,062637003966,Sunrise (Special Education),Mt. Diablo Unified,Contra Costa,07,1861 Silverwood Drive,Concord,94519-1352,(925) 687-0202,No Data,37.985514,-122.00295,0.0,5.0,K-5,GSserved,elementary,False,False,False,False,N,False,Special Education School (Public),False,public,Active,Jennifer Vargas,02/09/2023,sunrise-special-education-concord
07617546004337,062637003977,Valhalla Elementary,Mt. Diablo Unified,Contra Costa,07,530 Kiki Drive,Pleasant Hill,94523-1717,(925) 687-1700,No Data,37.966593,-122.08077,0.0,5.0,K-5,GSserved,elementary,False,False,False,False,N,False,Elementary School (Public),True,public,Active,Theodora Pappas,02/09/2023,valhalla-elementary-pleasant-hill
07617546004345,062637003978,Valle Verde Elementary,Mt. Diablo Unified,Contra Costa,07,3275 Peachwillow Lane,Walnut Creek,94598-1711,(925) 939-5700,No Data,37.934297,-122.0149,0.0,5.0,K-5,GSserved,elementary,False,False,False,False,N,False,Elementary School (Public),True,public,Active,Mignon Perkins,02/09/2023,valle-verde-elementary-walnut-creek
07617546004352,062637003979,Valley View Middle,Mt. Diablo Unified,Contra Costa,07,181 Viking Drive,Pleasant Hill,94523-1808,(925) 686-6136,No Data,37.965869,-122.07186,6.0,8.0,6-8,GSserved,middle,False,False,False,False,N,False,Intermediate/Middle School (Public),True,public,Active,Ethel Burton,07/29/2026,valley-view-middle-pleasant-hill
07617546004360,062637003980,Walnut Acres Elementary,Mt. Diablo Unified,Contra Costa,07,180 Cerezo Drive,Walnut Creek,94598-3799,(925) 939-1333,No Data,37.917636,-122.02031,0.0,5.0,K-5,GSserved,elementary,False,False,False,False,N,False,Elementary School (Public),True,public,Active,Nicole Berglund,08/25/2025,walnut-acres-elementary-walnut-creek
07617546004378,062637003981,Westwood Elementary,Mt. Diablo Unified,Contra Costa,07,1748 West Street,Concord,94521-1008,(925) 685-4202,No Data,37.976734,-121.99182,0.0,5.0,K-5,GSserved,elementary,False,False,False,False,N,False,Elementary School (Public),True,public,Active,Nancy Klinkner,02/09/2023,westwood-elementary-concord
07617546004394,062637003983,Woodside Elementary,Mt. Diablo Unified,Contra Costa,07,761 San Simeon Drive,Concord,94518-2337,(925) 689-7671,www.mdusd.org,37.940377,-122.01756,0.0,5.0,K-5,GSserved,elementary,False,False,False,False,N,False,Elementary School (Public),True,public,Active,Madyson Souza,08/25/2025,woodside-elementary-concord
07617546004402,062637003984,Wren Avenue Elementary,Mt. Diablo Unified,Contra Costa,07,3339 Wren Avenue,Concord,94519-2328,(925) 685-7002,No Data,37.980245,-122.01636,0.0,5.0,K-5,GSserved,elementary,False,True,False,False,N,False,Elementary School (Public),True,public,Active,Tiffany Jones,08/25/2025,wren-avenue-elementary-concord
07617546004410,062637003985,Ygnacio Valley Elementary,Mt. Diablo Unified,Contra Costa,07,2217 Chalomar Road,Concord,94518-2595,(925) 682-9336,http://yvelementary.mdusd.org/,37.950182,-122.0283,0.0,5.0,K-5,GSserved,elementary,False,False,True,False,N,False,Elementary School (Public),True,public,Active,Nicole Kitchen,07/29/2026,ygnacio-valley-elementary-concord
07617620129064,062808013786,Almond Grove Elementary,Oakley Union Elementary,Contra Costa,07,5000 Amaryllis Street,Oakley,94561-2206,(925) 625-6270,www.ouesd.k12.ca.us,37.974834,-121.72528,0.0,5.0,K-5,GSserved,elementary,False,False,False,True,N,False,Elementary School (Public),True,public,Active,Adam Liebow,08/22/2023,almond-grove-elementary-oakley
07617626119226,062808008689,Delta Vista Middle,Oakley Union Elementary,Contra Costa,07,4901 Frank Hengel Way,Oakley,94561-3712,(925) 625-6840,https://www.ouesd.k12.ca.us/o/dvms,37.993624,-121.68954,4.0,8.0,4-8,GSserved,middle,False,False,False,True,N,False,Intermediate/Middle School (Public),True,public,Active,Rusty Ehrlich,07/13/2026,delta-vista-middle-oakley
07617626096234,062808004326,Gehringer Elementary,Oakley Union Elementary,Contra Costa,07,100 Simoni Ranch Road,Oakley,94561-2713,(925) 625-7070,https://www.ouesd.k12.ca.us/o/ges,37.976086,-121.69874,0.0,5.0,K-5,GSserved,elementary,False,False,False,True,N,False,Elementary School (Public),True,public,Active,Jennifer Hays,07/13/2026,gehringer-elementary-oakley
07617620110684,062808011575,Iron House Elementary,Oakley Union Elementary,Contra Costa,07,4801 Frank Hengel Way,Oakley,94561-4617,(925) 625-6825,https://www.ouesd.k12.ca.us/o/ihes,37.993042,-121.68955,0.0,5.0,K-5,GSserved,elementary,False,False,False,True,N,False,Elementary School (Public),True,public,Active,Tracey Morse,07/13/2026,iron-house-elementary-oakley
07617626110803,062808000186,Laurel Elementary,Oakley Union Elementary,Contra Costa,07,1141 Laurel Road,Oakley,94561-5906,(925) 625-7090,http://ouesd.k12.ca.us/o/les,37.983197,-121.71741,0.0,5.0,K-5,GSserved,elementary,False,False,False,True,N,False,Elementary School (Public),True,public,Active,Dave Hobson,07/13/2026,laurel-elementary-oakley
07617626108765,062808009966,O'Hara Park Middle,Oakley Union Elementary,Contra Costa,07,1100 O'Hara Avenue,Oakley,94561-3502,(925) 625-5060,https://www.ouesd.k12.ca.us/o/opms,37.989192,-121.71395,6.0,8.0,6-8,GSserved,middle,False,False,False,True,N,False,Intermediate/Middle School (Public),True,public,Active,Liz Vind,07/13/2026,o-hara-park-middle-oakley
07617626004428,062808004327,Oakley Elementary,Oakley Union Elementary,Contra Costa,07,501 Norcross Lane,Oakley,94561-2189,(925) 625-7050,https://www.ouesd.k12.ca.us/o/oes,37.995067,-121.71617,0.0,5.0,K-5,GSserved,elementary,False,False,False,True,N,False,Elementary School (Public),True,public,Active,Marco Franco,07/13/2026,oakley-elementary-oakley
07617620138859,062808014374,Summer Lake Elementary,Oakley Union Elementary,Contra Costa,07,4320 East Summer Lake Drive,Oakley,94561,(925) 625-6730,https://www.ouesd.k12.ca.us/o/sles,37.987876,-121.62847,0.0,5.0,K-5,GSserved,elementary,False,False,False,True,N,False,Elementary School (Public),True,public,Active,Catherine Foster,07/13/2026,summer-lake-elementary-oakley
07617626110811,062808000190,Vintage Parkway Elementary,Oakley Union Elementary,Contra Costa,07,1000 Vintage Parkway,Oakley,94561-3161,(925) 625-6800,https://www.ouesd.k12.ca.us/o/vpes,38.004214,-121.71969,0.0,5.0,K-5,GSserved,elementary,False,False,False,True,N,False,Elementary School (Public),True,public,Active,Samantha Dumenigo,07/13/2026,vintage-parkway-elementary-oakley
07617706004444,062886004470,Del Rey Elementary,Orinda Union,Contra Costa,07,25 El Camino Moraga,Orinda,94563-4117,(925) 258-3099,No Data,37.846605,-122.15395,0.0,5.0,K-5,GSserved,elementary,False,False,False,False,N,False,Elementary School (Public),True,public,Active,Maple Lai,02/09/2023,del-rey-elementary-orinda
07617706004451,062886004471,Glorietta Elementary,Orinda Union,Contra Costa,07,15 Martha Road,Orinda,94563-3558,(925) 254-8770,No Data,37.872372,-122.1624,0.0,5.0,K-5,GSserved,elementary,False,False,False,False,N,False,Elementary School (Public),True,public,Active,Megan Natal,11/02/2023,glorietta-elementary-orinda
07617706004477,062886004472,Orinda Intermediate,Orinda Union,Contra Costa,07,80 Ivy Drive,Orinda,94563-4244,(925) 258-3090,No Data,37.851205,-122.14544,6.0,8.0,6-8,GSserved,middle,False,False,False,False,N,False,Intermediate/Middle School (Public),True,public,Active,Andrea Powers,10/01/2025,orinda-intermediate-orinda
07617706004501,062886004473,Sleepy Hollow Elementary,Orinda Union,Contra Costa,07,20 Washington Lane,Orinda,94563-1325,(925) 254-8711,No Data,37.908065,-122.19876,0.0,5.0,K-5,GSserved,elementary,False,False,False,False,N,False,Elementary School (Public),True,public,Active,Patsy Templeton,02/09/2023,sleepy-hollow-elementary-orinda
07617706066583,062886007077,Wagner Ranch Elementary,Orinda Union,Contra Costa,07,350 Camino Pablo,Orinda,94563-1602,(925) 258-0016,No Data,37.897925,-122.20855,0.0,5.0,K-5,GSserved,elementary,False,False,False,False,N,False,Elementary School (Public),True,public,Active,Eric Acosta-Verprauskus,11/02/2023,wagner-ranch-elementary-orinda
07617886098578,063060004746,Foothill Elementary,Pittsburg Unified,Contra Costa,07,1200 Jensen Drive,Pittsburg,94565-6399,(925) 473-2450,www.pittsburg.k12.ca.us,37.996002,-121.87525,0.0,5.0,K-5,GSserved,elementary,False,False,True,False,N,False,Elementary School (Public),True,public,Active,Monika Garcia,08/10/2026,foothill-elementary-pittsburg
07617886004527,063060004747,Heights Elementary,Pittsburg Unified,Contra Costa,07,163 Alturas Avenue,Pittsburg,94565-5883,(925) 473-2410,www.pittsburg.k12.ca.us,37.984035,-122.02181,0.0,5.0,K-5,GSserved,elementary,False,False,False,False,N,False,Elementary School (Public),True,public,Active,Mia Aguirre,09/25/2025,heights-elementary-pittsburg
07617886004535,063060004748,Highlands Elementary,Pittsburg Unified,Contra Costa,07,4141 Harbor Street,Pittsburg,94565-6199,(925) 473-2440,www.pittsburg.k12.ca.us,37.99867,-121.88696,0.0,5.0,K-5,GSserved,elementary,False,False,False,False,N,False,Elementary School (Public),True,public,Active,Staci Belleci-Webb,08/29/2024,highlands-elementary-pittsburg
07617886061162,063060004749,Hillview Junior High,Pittsburg Unified,Contra Costa,07,333 Yosemite Drive,Pittsburg,94565-5285,(925) 473-2380,www.pittsburg.k12.ca.us,38.002377,-121.88838,6.0,8.0,6-8,GSserved,middle,False,False,True,False,N,False,Intermediate/Middle School (Public),True,public,Active,Kathryn Agudo,09/25/2025,hillview-junior-high-pittsburg
07617886004543,063060004750,Los Medanos Elementary,Pittsburg Unified,Contra Costa,07,610 Crowley Avenue,Pittsburg,94565-4798,(925) 473-2460,www.pittsburg.k12.ca.us,38.016486,-121.90046,0.0,5.0,K-5,GSserved,elementary,False,False,False,False,N,False,Elementary School (Public),True,public,Active,Miren Doolittle,08/10/2026,los-medanos-elementary-pittsburg
07617880116863,063060012268,Marina Vista Elementary,Pittsburg Unified,Contra Costa,07,50 East Eighth Street,Pittsburg,94565-2442,(925) 473-2490,www.pittsburg.k12.ca.us,38.029515,-121.88524,0.0,5.0,K-5,GSserved,elementary,False,False,False,False,N,False,Elementary School (Public),True,public,Active,Vontre Mason,09/25/2025,marina-vista-elementary-pittsburg
07617880125435,063060013016,Martin Luther King Jr. Junior High,Pittsburg Unified,Contra Costa,07,2012 Carion Court,Pittsburg,94565-4116,(925) 473-2500,www.pittsburg.k12.ca.us/mlk,38.015168,-121.86971,6.0,8.0,6-8,GSserved,middle,False,False,False,False,N,False,Intermediate/Middle School (Public),True,public,Active,Danielle Winford,02/09/2023,martin-luther-king-jr-junior-high-pittsburg
07617886004568,063060004751,Parkside Elementary,Pittsburg Unified,Contra Costa,07,985 West 17th Street,Pittsburg,94565-3716,(925) 473-2420,www.pittsburg.k12.ca.us,38.022918,-121.89965,0.0,5.0,K-5,GSserved,elementary,False,False,False,False,N,False,Elementary School (Public),True,public,Active,Joanne Ireland,07/01/2026,parkside-elementary-pittsburg
07617886084966,063060004743,Rancho Medanos Junior High,Pittsburg Unified,Contra Costa,07,2301 Range Road,Pittsburg,94565-5495,(925) 473-2480,www.pittsburg.k12.ca.us,38.015377,-121.91324,6.0,8.0,6-8,GSserved,middle,False,False,True,False,N,False,Intermediate/Middle School (Public),True,public,Active,Vanessa Fortney,09/21/2021,rancho-medanos-junior-high-pittsburg
07617886109383,063060009995,Stoneman Elementary,Pittsburg Unified,Contra Costa,07,2929 Loveridge Road,Pittsburg,94565-5132,(925) 473-2430,www.pittsburg.k12.ca.us,38.006603,-121.87132,0.0,5.0,K-5,GSserved,elementary,False,False,False,False,N,False,Elementary School (Public),True,public,Active,Jeannine Megia,02/09/2023,stoneman-elementary-pittsburg
07617886004576,063060004753,Willow Cove Elementary,Pittsburg Unified,Contra Costa,07,1880 Hanlon Way,Pittsburg,94565-3835,(925) 473-2470,www.pittsburg.k12.ca.us,38.023106,-121.92675,0.0,5.0,K-5,GSserved,elementary,False,False,True,False,N,False,Elementary School (Public),True,public,Active,Catherine Bojorquez,11/16/2021,willow-cove-elementary-pittsburg
07618046005060,063513005942,Alamo Elementary,San Ramon Valley Unified,Contra Costa,07,100 Wilson Road,Alamo,94507-1253,(925) 855-4800,www.aes.srvusd.net,37.867494,-122.03093,0.0,5.0,K-5,GSserved,elementary,False,False,False,False,N,False,Elementary School (Public),True,public,Active,Bjorn Remmers,02/09/2023,alamo-elementary-alamo
07618040132902,063513013980,Bella Vista Elementary,San Ramon Valley Unified,Contra Costa,07,1050 Trumpet Vine Lane,San Ramon,94582,(925) 659-5900,www.srvusd.net,37.779927,-121.97801,0.0,5.0,K-5,GSserved,elementary,False,False,False,False,N,False,Elementary School (Public),True,public,Active,Ryan Maloney,02/09/2023,bella-vista-elementary-san-ramon
07618046100952,063513007356,Bollinger Canyon Elementary,San Ramon Valley Unified,Contra Costa,07,2300 Talavera Drive,San Ramon,94583-2200,(925) 242-3200,www.bes.srvusd.net,37.760624,-121.97025,0.0,5.0,K-5,GSserved,elementary,False,False,False,False,N,False,Elementary School (Public),True,public,Active,Christine Offerman,02/09/2023,bollinger-canyon-elementary-san-ramon
07618046005078,063513005944,Charlotte Wood Middle,San Ramon Valley Unified,Contra Costa,07,600 El Capitan Drive,Danville,94526-5000,(925) 855-4400,www.cwms.srvusd.net,37.800814,-121.9769,6.0,8.0,6-8,GSserved,middle,False,False,False,False,N,False,Intermediate/Middle School (Public),True,public,Active,Bridget Vorhees,02/09/2023,charlotte-wood-middle-danville
07618046005086,063513005945,Country Club Elementary,San Ramon Valley Unified,Contra Costa,07,7534 Blue Fox Way,San Ramon,94583-3721,(925) 479-6000,www.cces.srvusd.net,37.728137,-121.93992,0.0,5.0,K-5,GSserved,elementary,False,False,False,False,N,False,Elementary School (Public),True,public,Active,Jyoti Dave,10/27/2023,country-club-elementary-san-ramon
07618046117485,063513008461,Coyote Creek Elementary,San Ramon Valley Unified,Contra Costa,07,8700 North Gale Ridge Road,San Ramon,94582-5081,(925) 855-7300,www.ckes.srvusd.net,37.778119,-121.92806,0.0,5.0,K-5,GSserved,elementary,False,False,False,False,N,False,Elementary School (Public),True,public,Active,Bill Alpert,02/09/2023,coyote-creek-elementary-san-ramon
07618040119032,063513012242,Creekside Elementary,San Ramon Valley Unified,Contra Costa,07,6011 Massara Street,Danville,94506-5004,(925) 314-2000,www.srvusd.k12.ca.us,37.79285,-121.88151,0.0,5.0,K-5,GSserved,elementary,False,False,False,False,N,False,Elementary School (Public),True,public,Active,Jessica Wigginton,09/22/2025,creekside-elementary-danville
07618046117451,063513008460,Diablo Vista Middle,San Ramon Valley Unified,Contra Costa,07,4100 Camino Tassajara,Danville,94506-4700,(925) 855-7600,www.dvms.srvusd.net,37.799664,-121.89742,6.0,8.0,6-8,GSserved,middle,False,False,False,False,N,False,Intermediate/Middle School (Public),True,public,Active,Jeffrey Osborn,10/27/2023,diablo-vista-middle-danville
07618040116541,063513012300,Gale Ranch Middle,San Ramon Valley Unified,Contra Costa,07,6400 Main Branch Road,San Ramon,94582-5825,(925) 479-1500,www.srvusd.k12.ca.us,37.76919,-121.91042,6.0,8.0,6-8,GSserved,middle,False,False,False,False,N,False,Intermediate/Middle School (Public),True,public,Active,Jenny Torres,02/09/2023,gale-ranch-middle-san-ramon
07618046108161,063513009631,Golden View Elementary,San Ramon Valley Unified,Contra Costa,07,5025 Canyon Crest Drive,San Ramon,94582-4848,(925) 855-2700,www.gvies.srvusd.net,37.78704,-121.94305,0.0,5.0,K-5,GSserved,elementary,False,False,False,False,N,False,Elementary School (Public),True,public,Active,Catie Hawkins,10/27/2023,golden-view-elementary-san-ramon
07618046005094,063513005947,Green Valley Elementary,San Ramon Valley Unified,Contra Costa,07,1001 Diablo Road,Danville,94526-1923,(925) 855-5400,www.gves.srvusd.net,37.833686,-121.9805,0.0,5.0,K-5,GSserved,elementary,False,False,False,False,N,False,Elementary School (Public),True,public,Active,Donna Grim,02/09/2023,green-valley-elementary-danville
07618046096036,063513005948,Greenbrook Elementary,San Ramon Valley Unified,Contra Costa,07,1475 Harlan Drive,Danville,94526-5248,(925) 855-5300,www.ges.srvusd.net,37.792138,-121.97378,0.0,5.0,K-5,GSserved,elementary,False,False,False,False,N,False,Elementary School (Public),True,public,Active,Ailsa Rehkopf,02/09/2023,greenbrook-elementary-danville
07618040102566,063513010758,Hidden Hills Elementary,San Ramon Valley Unified,Contra Costa,07,12995 Harcourt Way,San Ramon,94582-2803,(925) 479-3800,www.hhes.srvusd.net,37.764172,-121.89321,0.0,5.0,K-5,GSserved,elementary,False,False,False,False,N,False,Elementary School (Public),True,public,Active,Melodie Huynh,02/09/2023,hidden-hills-elementary-san-ramon
07618046113336,063513005729,Iron Horse Middle,San Ramon Valley Unified,Contra Costa,07,12601 Alcosta Boulevard,San Ramon,94583-9025,(925) 824-2820,www.ihms.srvusd.net,37.770906,-121.95688,6.0,8.0,6-8,GSserved,middle,False,False,False,False,N,False,Intermediate/Middle School (Public),True,public,Active,Marissa Norris,07/15/2026,iron-horse-middle-san-ramon
07618046005102,063513005949,John Baldwin Elementary,San Ramon Valley Unified,Contra Costa,07,741 Brookside Drive,Danville,94526-4201,(925) 855-5200,www.jbes.srvusd.net,37.807689,-121.98445,0.0,5.0,K-5,GSserved,elementary,False,False,False,False,N,False,Elementary School (Public),True,public,Active,Lydia Rice,09/22/2025,john-baldwin-elementary-danville
07618040113589,063513011880,Live Oak Elementary,San Ramon Valley Unified,Contra Costa,07,5151 Sherwood Way,San Ramon,94582-5961,(925) 803-3100,www.srvusd.net,37.7535,-121.8962,0.0,5.0,K-5,GSserved,elementary,False,False,False,False,N,False,Elementary School (Public),True,public,Active,Peter Fong,10/27/2023,live-oak-elementary-san-ramon
07618046005110,063513005950,Los Cerros Middle,San Ramon Valley Unified,Contra Costa,07,968 Blemer Road,Danville,94526-1502,(925) 855-6800,www.lcms.srvusd.net,37.837695,-121.98109,6.0,8.0,6-8,GSserved,middle,False,False,False,False,N,False,Intermediate/Middle School (Public),True,public,Active,Andy Briggs,02/09/2023,los-cerros-middle-danville
07618046005128,063513005951,Montair Elementary,San Ramon Valley Unified,Contra Costa,07,300 Quinterra Lane,Danville,94526-3239,(925) 855-5100,www.mes.srvusd.net,37.818735,-122.00394,0.0,5.0,K-5,GSserved,elementary,False,False,False,False,N,False,Elementary School (Public),True,public,Active,Megan Keefer,10/27/2023,montair-elementary-danville
07618046097158,063513005953,Montevideo Elementary,San Ramon Valley Unified,Contra Costa,07,13000 Broadmoor Drive,San Ramon,94583-2555,(925) 479-6100,www.mves.srvusd.net,37.754986,-121.95117,0.0,5.0,K-5,GSserved,elementary,False,False,False,False,N,False,Elementary School (Public),True,public,Active,Kathleen Martins,02/09/2023,montevideo-elementary-san-ramon
07618046066591,063513005954,Neil A. Armstrong Elementary,San Ramon Valley Unified,Contra Costa,07,2849 Calais Drive,San Ramon,94583-3116,(925) 479-1600,www.naes.srvusd.net,37.740612,-121.9482,0.0,5.0,K-5,GSserved,elementary,False,False,False,False,N,False,Elementary School (Public),True,public,Active,Jared Gagnon,02/09/2023,neil-a-armstrong-elementary-san-ramon
07618046097166,063513005955,Pine Valley Middle,San Ramon Valley Unified,Contra Costa,07,3000 Pine Valley Road,San Ramon,94583-3324,(925) 479-7700,www.pvms.srvusd.net,37.738778,-121.94351,6.0,8.0,6-8,GSserved,middle,False,False,False,False,N,False,Intermediate/Middle School (Public),True,public,Active,Sandy Kontilis,02/09/2023,pine-valley-middle-san-ramon
07618040109173,063513010760,Quail Run Elementary,San Ramon Valley Unified,Contra Costa,07,4000 Goldenbay Avenue,San Ramon,94582-5814,(925) 560-4000,www.qres.srvusd.net,37.761467,-121.91166,0.0,5.0,K-5,GSserved,elementary,False,False,False,False,N,False,Elementary School (Public),True,public,Active,Bassant Abdelrahman,09/22/2025,quail-run-elementary-san-ramon
07618046005136,063513005956,Rancho Romero Elementary,San Ramon Valley Unified,Contra Costa,07,180 Hemme Avenue,Alamo,94507-2144,(925) 855-5700,www.rres.srvusd.net,37.839924,-122.0279,0.0,5.0,K-5,GSserved,elementary,False,False,False,False,N,False,Elementary School (Public),True,public,Active,Roopali Bali,02/09/2023,rancho-romero-elementary-alamo
07618046005144,063513005958,Stone Valley Middle,San Ramon Valley Unified,Contra Costa,07,3001 Miranda Avenue,Alamo,94507-1646,(925) 855-5800,www.svms.srvusd.net,37.857262,-122.01954,6.0,8.0,6-8,GSserved,middle,False,False,False,False,N,False,Intermediate/Middle School (Public),True,public,Active,Justin White,02/09/2023,stone-valley-middle-alamo
07618046110449,063513000289,Sycamore Valley Elementary,San Ramon Valley Unified,Contra Costa,07,2200 Holbrook Drive,Danville,94506-4413,(925) 736-0102,https://syes.srvusd.net,37.805825,-121.94494,0.0,5.0,K-5,GSserved,elementary,False,False,False,False,N,False,Elementary School (Public),True,public,Active,Patricia Kawahara,02/05/2026,sycamore-valley-elementary-danville
07618046114326,063513007082,Tassajara Hills Elementary,San Ramon Valley Unified,Contra Costa,07,4675 Camino Tassajara Road,Danville,94506-5901,(925) 855-7800,www.thes.srvusd.net,37.799405,-121.87887,0.0,5.0,K-5,GSserved,elementary,False,False,False,False,N,False,Elementary School (Public),True,public,Active,Margrette Wui,10/27/2023,tassajara-hills-elementary-danville
07618046089130,063513005959,Twin Creeks Elementary,San Ramon Valley Unified,Contra Costa,07,2785 Marsh Drive,San Ramon,94583-2049,(925) 855-2900,www.tces.srvusd.net,37.767608,-121.98591,0.0,5.0,K-5,GSserved,elementary,False,False,False,False,N,False,Elementary School (Public),True,public,Active,Rhonda Taft,09/22/2025,twin-creeks-elementary-san-ramon
07618040730218,063513008976,Venture (Alternative),San Ramon Valley Unified,Contra Costa,07,10540 Albion Road,San Ramon,94582-2901,(925) 479-1200,www.venture.srvusd.net,37.767191,-121.90383,8.0,12.0,8-12,GSserved,middle_high,False,False,False,False,N,False,Alternative School of Choice,True,public,Active,Melissa Sackett,04/02/2026,venture-alternative-san-ramon
07618046005151,063513005960,Vista Grande Elementary,San Ramon Valley Unified,Contra Costa,07,667 Diablo Road,Danville,94526-2801,(925) 314-1000,www.vges.srvusd.net,37.825458,-121.98725,0.0,5.0,K-5,GSserved,elementary,False,False,False,False,N,False,Elementary School (Public),True,public,Active,Osi Juergens,02/09/2023,vista-grande-elementary-danville
07618046071039,063513005961,Walt Disney Elementary,San Ramon Valley Unified,Contra Costa,07,3250 Pine Valley Road,San Ramon,94583-3651,(925) 479-3900,www.des.srvusd.net,37.741189,-121.93621,0.0,5.0,K-5,GSserved,elementary,False,False,False,False,N,False,Elementary School (Public),True,public,Active,Kelly Walton,02/09/2023,walt-disney-elementary-san-ramon
07618040108324,063513010759,Windemere Ranch Middle,San Ramon Valley Unified,Contra Costa,07,11611 East Branch Parkway,San Ramon,94582-5805,(925) 479-7400,www.wrms.srvusd.net,37.75202,-121.90566,6.0,8.0,6-8,GSserved,middle,False,False,False,False,N,False,Intermediate/Middle School (Public),True,public,Active,Sharon Baltazar,02/09/2023,windemere-ranch-middle-san-ramon
07618126005169,064125006827,Buena Vista Elementary,Walnut Creek Elementary,Contra Costa,07,2355 San Juan Avenue,Walnut Creek,94597-3099,(925) 944-6822,No Data,37.912758,-122.06909,0.0,5.0,K-5,GSserved,elementary,False,False,False,False,N,False,Elementary School (Public),True,public,Active,Angela Gramlick,02/09/2023,buena-vista-elementary-walnut-creek
07618126005177,064125006828,Indian Valley Elementary,Walnut Creek Elementary,Contra Costa,07,551 Marshall Drive,Walnut Creek,94598-4908,(925) 944-6828,No Data,37.90152,-122.03196,0.0,5.0,K-5,GSserved,elementary,False,False,False,False,N,False,Elementary School (Public),True,public,Active,Amanda Minnich,08/19/2025,indian-valley-elementary-walnut-creek
07618126005185,064125006829,Murwood Elementary,Walnut Creek Elementary,Contra Costa,07,2050 Vanderslice Avenue,Walnut Creek,94596-5923,(925) 943-2462,No Data,37.883652,-122.04656,0.0,5.0,K-5,GSserved,elementary,False,False,False,False,N,False,Elementary School (Public),True,public,Active,Monifa Morgan,02/09/2023,murwood-elementary-walnut-creek
07618126005193,064125009461,Parkmead Elementary,Walnut Creek Elementary,Contra Costa,07,1920 Magnolia Way,Walnut Creek,94595-1715,(925) 944-6858,No Data,37.887443,-122.0686,0.0,5.0,K-5,GSserved,elementary,False,False,False,False,N,False,Elementary School (Public),True,public,Active,Michael Burstein,02/09/2023,parkmead-elementary-walnut-creek
07618120131714,064125013866,Tice Creek,Walnut Creek Elementary,Contra Costa,07,1847 Newell Avenue,Walnut Creek,94595-1452,(925) 746-5515,www.walnutcreeksd.org,37.888512,-122.06648,0.0,8.0,K-8,GSserved,k8,False,False,False,False,N,False,Elementary School (Public),True,public,Active,Pam Davis,07/01/2026,tice-creek-walnut-creek
07618126005235,064125006831,Walnut Creek Intermediate,Walnut Creek Elementary,Contra Costa,07,2425 Walnut Boulevard,Walnut Creek,94597-3836,(925) 944-6840,No Data,37.90965,-122.05515,6.0,8.0,6-8,GSserved,middle,False,False,False,False,N,False,Intermediate/Middle School (Public),True,public,Active,Jason Law,02/09/2023,walnut-creek-intermediate-walnut-creek
07618126005243,064125006832,Walnut Heights Elementary,Walnut Creek Elementary,Contra Costa,07,4064 Walnut Boulevard,Walnut Creek,94596-5463,(925) 944-6834,No Data,37.894147,-122.0378,0.0,5.0,K-5,GSserved,elementary,False,False,False,False,N,False,Elementary School (Public),True,public,Active,Amy Romem,02/09/2023,walnut-heights-elementary-walnut-creek
07617960132100,063255013890,Aspire Richmond Ca. College Preparatory Academy,West Contra Costa Unified,Contra Costa,07,3040 Hilltop Mall Road,Richmond,94806-1920,(510) 684-8900,www.aspirepublicschools.org,37.97823,-122.32702,6.0,12.0,6-12,GSserved,middle_high,True,False,False,False,N,False,K-12 School (Public),True,public,Active,Erica Ramirez,12/17/2025,aspire-richmond-ca-college-preparatory-academy-richmond
07617960132118,063255013891,Aspire Richmond Technology Academy,West Contra Costa Unified,Contra Costa,07,3170 Hilltop Mall Road,Richmond,94806-1920,(510) 480-0660,www.aspirepublicschools.org,37.981581,-122.32372,0.0,5.0,K-5,GSserved,elementary,True,False,False,False,N,False,Elementary School (Public),True,public,Active,Samantha Lamb,01/04/2024,aspire-richmond-technology-academy-richmond
07617966004600,063255005009,Bayview Elementary,West Contra Costa Unified,Contra Costa,07,3001 16th Street,San Pablo,94806-2353,(510) 231-1401,No Data,37.974232,-122.34753,0.0,6.0,K-6,GSserved,elementary,False,False,False,False,C,False,Elementary School (Public),True,public,Active,Theresa Williams,02/09/2023,bayview-elementary-san-pablo
07617966061170,063255005017,Betty Reid Soskin Middle,West Contra Costa Unified,Contra Costa,07,1575 Mann Drive,Pinole,94564,(510) 231-1447,No Data,37.997229,-122.30332,7.0,8.0,7-8,GSserved,middle,False,False,False,False,C,False,Intermediate/Middle School (Public),True,public,Active,Amar Nalic,07/02/2026,betty-reid-soskin-middle-pinole
07617960116319,063255012839,Cameron,West Contra Costa Unified,Contra Costa,07,7140 Gladys Avenue,El Cerrito,94530-3108,(510) 233-1955,www.wccusd.k12.ca.us/cameron,37.922037,-122.30687,0.0,0.0,K,GSserved,elementary,False,False,False,False,C,False,Preschool,False,public,Active,Shirley Priestley,08/27/2024,cameron-el-cerrito
07617966114094,063255007081,Cesar E. Chavez Elementary,West Contra Costa Unified,Contra Costa,07,960 17th Street,Richmond,94801-2400,(510) 231-1418,No Data,37.94628,-122.35373,0.0,6.0,K-6,GSserved,elementary,False,False,True,False,C,False,Elementary School (Public),True,public,Active,Matthew Sloan,08/28/2023,cesar-e-chavez-elementary-richmond
07617966004659,063255005014,Collins Elementary,West Contra Costa Unified,Contra Costa,07,1224 Pinole Valley Road,Pinole,94564-1300,(510) 231-1446,No Data,38.001523,-122.28752,0.0,6.0,K-6,GSserved,elementary,False,False,False,False,C,False,Elementary School (Public),True,public,Active,Denita Robins,09/30/2025,collins-elementary-pinole
07617966004667,063255005015,Coronado Elementary,West Contra Costa Unified,Contra Costa,07,2100 Maine Avenue,Richmond,94804-2798,(510) 231-1419,No Data,37.928004,-122.34944,0.0,6.0,K-6,GSserved,elementary,False,False,True,False,C,False,Elementary School (Public),True,public,Active,Alberto Solorzano,09/30/2025,coronado-elementary-richmond
07617966004691,063255005020,Dover Elementary,West Contra Costa Unified,Contra Costa,07,1870 19th Street,San Pablo,94806-4400,(510) 231-1420,No Data,37.958734,-122.35043,0.0,6.0,K-6,GSserved,elementary,False,False,True,False,C,False,Elementary School (Public),True,public,Active,Gissell Medina,09/26/2023,dover-elementary-san-pablo
07617966057210,063255009184,Edward M. Downer Elementary,West Contra Costa Unified,Contra Costa,07,1231 18th Street,San Pablo,94806-4731,(510) 234-3851,No Data,37.951973,-122.35207,0.0,6.0,K-6,GSserved,elementary,False,False,True,False,C,False,Elementary School (Public),True,public,Active,Marlon Galdamez,09/26/2023,edward-m-downer-elementary-san-pablo
07617966004733,063255005026,Ellerhorst Elementary,West Contra Costa Unified,Contra Costa,07,3501 Pinole Valley Road,Pinole,94564-1299,(510) 231-1426,No Data,37.98163,-122.27372,0.0,6.0,K-6,GSserved,elementary,False,False,False,False,C,False,Elementary School (Public),True,public,Active,John Hillyer,08/27/2024,ellerhorst-elementary-pinole
07617966004758,063255005029,Fairmont Elementary,West Contra Costa Unified,Contra Costa,07,724 Kearney Street,El Cerrito,94530-3108,(510) 231-1448,No Data,37.90686,-122.30439,0.0,6.0,K-6,GSserved,elementary,False,False,False,False,C,False,Elementary School (Public),True,public,Active,Heather Best,02/09/2023,fairmont-elementary-el-cerrito
07617966004766,063255005030,Ford Elementary,West Contra Costa Unified,Contra Costa,07,2711 Maricopa Avenue,Richmond,94804-1091,(510) 231-1421,No Data,37.950614,-122.34194,0.0,6.0,K-6,GSserved,elementary,False,False,True,False,C,False,Elementary School (Public),True,public,Active,Julius Walker,01/16/2025,ford-elementary-richmond
07617966057244,063255005053,Fred T. Korematsu Middle,West Contra Costa Unified,Contra Costa,07,7125 Donal Avenue,El Cerrito,94530-2691,(510) 231-1449,No Data,37.920775,-122.30583,7.0,8.0,7-8,GSserved,middle,False,False,True,False,C,False,Intermediate/Middle School (Public),True,public,Active,Matthew Burnham,02/13/2019,fred-t-korematsu-middle-el-cerrito
07617966004774,063255005032,Grant Elementary,West Contra Costa Unified,Contra Costa,07,2400 Downer Avenue,Richmond,94804-1458,(510) 231-1422,No Data,37.942918,-122.34572,0.0,6.0,K-6,GSserved,elementary,False,False,True,False,C,False,Elementary School (Public),True,public,Active,Farnaz Heydari,12/30/2019,grant-elementary-richmond
07617966112015,063255004445,Hanna Ranch Elementary,West Contra Costa Unified,Contra Costa,07,2480 Refugio Valley Road,Hercules,94547-1553,(510) 231-1441,No Data,37.993533,-122.23384,0.0,5.0,K-5,GSserved,elementary,False,False,False,False,C,False,Elementary School (Public),True,public,Active,Greg Santiago,02/09/2023,hanna-ranch-elementary-hercules
07617966114086,063255007080,Harbour Way Elementary Community Day,West Contra Costa Unified,Contra Costa,07,1121 Allview Avenue,El Sobrante,94803-1054,(510) 231-1438,No Data,37.985668,-122.30749,7.0,7.0,7,GSserved,middle,False,False,False,False,C,False,District Community Day School,False,public,Active,Guthrie Fleischman,02/13/2019,harbour-way-elementary-community-day-el-sobrante
07617966004782,063255005033,Harding Elementary,West Contra Costa Unified,Contra Costa,07,7230 Fairmont Avenue,El Cerrito,94530-3797,(510) 231-1413,No Data,37.903076,-122.29459,0.0,6.0,K-6,GSserved,elementary,False,False,False,False,C,False,Elementary School (Public),True,public,Active,Indira Bell,08/28/2023,harding-elementary-el-cerrito
07617966057228,063255005034,Helms Middle,West Contra Costa Unified,Contra Costa,07,2500 Road 20,San Pablo,94806-5010,(510) 233-3988,No Data,37.963323,-122.34169,7.0,8.0,7-8,GSserved,middle,False,False,False,False,C,False,Intermediate/Middle School (Public),True,public,Active,Katherine Marroquin,08/27/2024,helms-middle-san-pablo
07617966119515,063255010757,Hercules Middle,West Contra Costa Unified,Contra Costa,07,1900 Refugio Valley Road,Hercules,94547-1554,(510) 231-1429,No Data,37.99974,-122.25197,6.0,8.0,6-8,GSserved,middle,False,False,False,False,C,False,Intermediate/Middle School (Public),True,public,Active,Ryan Shaw,02/09/2023,hercules-middle-hercules
07617966004741,063255010022,Highland Elementary,West Contra Costa Unified,Contra Costa,07,2829 Moyers Road,Richmond,94806-2728,(510) 231-1424,No Data,37.971527,-122.32688,0.0,6.0,K-6,GSserved,elementary,False,False,False,False,C,False,Elementary School (Public),True,public,Active,Cheng Saechao,08/27/2024,highland-elementary-richmond
07617966004808,063255005038,Kensington Elementary,West Contra Costa Unified,Contra Costa,07,90 Highland Boulevard,Kensington,94708-1023,(510) 231-1415,No Data,37.913466,-122.2786,0.0,6.0,K-6,GSserved,elementary,False,False,False,False,C,False,Elementary School (Public),True,public,Active,Kim Jordan,08/28/2023,kensington-elementary-kensington
07617966004824,063255005041,Lake Elementary,West Contra Costa Unified,Contra Costa,07,2700 Eleventh Street,San Pablo,94806-2298,(510) 231-1451,No Data,37.971552,-122.3529,0.0,6.0,K-6,GSserved,elementary,False,False,True,False,C,False,Elementary School (Public),True,public,Active,Jeannie Williams,08/28/2023,lake-elementary-san-pablo
07617966004832,063255005042,Lincoln Elementary,West Contra Costa Unified,Contra Costa,07,29 Sixth Street,Richmond,94801-3595,(510) 231-1404,No Data,37.931939,-122.36374,0.0,6.0,K-6,GSserved,elementary,False,False,True,False,C,False,Elementary School (Public),True,public,Active,Taylor Parham,08/25/2020,lincoln-elementary-richmond
07617966120885,063255011226,Lovonya DeJean Middle,West Contra Costa Unified,Contra Costa,07,3400 Macdonald Avenue,Richmond,94805-4501,(510) 231-1430,No Data,37.934215,-122.33687,7.0,8.0,7-8,GSserved,middle,False,False,False,False,C,False,Intermediate/Middle School (Public),True,public,Active,Athena Valdez,08/28/2023,lovonya-dejean-middle-richmond
07617966097141,063255005035,Lupine Hills Elementary,West Contra Costa Unified,Contra Costa,07,1919 Lupine Road,Hercules,94547-1299,(510) 231-1411,No Data,38.006803,-122.25365,0.0,5.0,K-5,GSserved,elementary,False,False,False,False,C,False,Elementary School (Public),True,public,Active,Poppy Sheldon,02/09/2023,lupine-hills-elementary-hercules
07617966004840,063255005043,Madera Elementary,West Contra Costa Unified,Contra Costa,07,8500 Madera Drive,El Cerrito,94530-2051,(510) 231-1412,No Data,37.928144,-122.29922,0.0,6.0,K-6,GSserved,elementary,False,False,False,False,C,False,Elementary School (Public),True,public,Active,David Ranch,02/09/2023,madera-elementary-el-cerrito
07617966004915,063255005040,"Martin Luther King, Jr. Elementary",West Contra Costa Unified,Contra Costa,07,4022 Florida Avenue,Richmond,94804-3398,(510) 231-1403,No Data,37.929054,-122.33156,0.0,6.0,K-6,GSserved,elementary,False,False,False,False,C,False,Elementary School (Public),True,public,Active,Helene Burks,08/28/2023,martin-luther-king-jr-elementary-richmond
07617966005045,063255005068,Michelle Obama Elementary,West Contra Costa Unified,Contra Costa,07,629 42nd st,Richmond,94805-1831,(510) 231-1456,No Data,37.939488,-122.32868,0.0,6.0,K-6,GSserved,elementary,False,False,False,False,C,False,Elementary School (Public),True,public,Active,Priya Sembi,08/27/2024,michelle-obama-elementary-richmond
07617966004857,063255005044,Mira Vista Elementary,West Contra Costa Unified,Contra Costa,07,6397 Hazel Avenue,Richmond,94805-2099,(510) 231-1416,No Data,37.940007,-122.31306,0.0,8.0,K-8,GSserved,k8,False,False,False,False,C,False,Elementary School (Public),True,public,Active,Greg Whaling,08/27/2024,mira-vista-elementary-richmond
07617966004865,063255005045,Montalvin Manor Elementary,West Contra Costa Unified,Contra Costa,07,300 Christine Drive,San Pablo,94806-1199,(510) 231-1405,No Data,37.995887,-122.33551,0.0,8.0,K-8,GSserved,k8,False,False,False,False,C,False,Elementary School (Public),True,public,Active,Laura Webb,08/27/2024,montalvin-manor-elementary-san-pablo
07617966004873,063255005046,Murphy Elementary,West Contra Costa Unified,Contra Costa,07,4350 Valley View Road,El Sobrante,94803-1499,(510) 231-1427,No Data,37.97567,-122.29091,0.0,6.0,K-6,GSserved,elementary,False,False,False,False,C,False,Elementary School (Public),True,public,Active,Beth Minor,08/27/2024,murphy-elementary-el-sobrante
07617966004881,063255005047,Nystrom Elementary,West Contra Costa Unified,Contra Costa,07,230 Harbour Way South,Richmond,94804-2428,(510) 231-1406,No Data,37.928155,-122.36004,0.0,6.0,K-6,GSserved,elementary,False,False,False,False,C,False,Elementary School (Public),True,public,Active,James Allardice,02/09/2023,nystrom-elementary-richmond
07617966099717,063255005048,Ohlone Elementary,West Contra Costa Unified,Contra Costa,07,201 Turquoise Drive,Hercules,94547-1699,(510) 231-1443,No Data,38.006424,-122.27504,0.0,5.0,K-5,GSserved,elementary,False,False,False,False,C,False,Elementary School (Public),True,public,Active,Delisia Davis,02/09/2023,ohlone-elementary-hercules
07617966004899,063255005049,Olinda Elementary,West Contra Costa Unified,Contra Costa,07,5855 Olinda Road,El Sobrante,94803-3589,(510) 231-1452,No Data,37.956601,-122.27095,0.0,6.0,K-6,GSserved,elementary,False,False,False,False,C,False,Elementary School (Public),True,public,Active,Amandeep Randhawa,02/09/2023,olinda-elementary-el-sobrante
07617966004907,063255005050,Peres Elementary,West Contra Costa Unified,Contra Costa,07,719 Fifth Street,Richmond,94801-2655,(510) 231-1407,No Data,37.942968,-122.3644,0.0,8.0,K-8,GSserved,k8,False,False,False,False,C,False,Elementary School (Public),True,public,Active,Colette West,08/27/2024,peres-elementary-richmond
07617960129643,063255013753,Richmond Charter Elementary-Benito Juarez,West Contra Costa Unified,Contra Costa,07,1450 Marina Way South,Richmond,94804-1534,(510) 215-7009,www.amethodschools.org,37.911377,-122.35497,0.0,5.0,K-5,GSserved,elementary,True,False,False,False,N,False,Elementary School (Public),True,public,Active,Adrienne Barnes,08/06/2025,richmond-charter-elementary-benito-juarez-richmond
07617960110973,063255011576,Richmond College Preparatory,West Contra Costa Unified,Contra Costa,07,214 South 11th Street,Richmond,94804-2474,(510) 235-2066,www.rcpschools.org/,37.929277,-122.35899,0.0,8.0,K-8,GSserved,k8,True,False,False,True,N,False,Elementary School (Public),True,public,Active,Diana Gurrola-Ramirez,02/09/2023,richmond-college-preparatory-richmond
07617966004931,063255005056,Riverside Elementary,West Contra Costa Unified,Contra Costa,07,1300 Amador Street,Richmond,94806-4098,(510) 231-1409,No Data,37.952538,-122.3275,0.0,6.0,K-6,GSserved,elementary,False,False,False,False,C,False,Elementary School (Public),True,public,Active,Keilan Hunter,08/28/2023,riverside-elementary-richmond
07617966004956,063255005059,Shannon Elementary,West Contra Costa Unified,Contra Costa,07,685 Marlesta Road,Pinole,94564-2899,(510) 231-1454,No Data,38.000488,-122.31084,0.0,6.0,K-6,GSserved,elementary,False,False,False,False,C,False,Elementary School (Public),True,public,Active,Jennifer Porter Gulick,01/16/2025,shannon-elementary-pinole
07617966004964,063255005060,Sheldon Elementary,West Contra Costa Unified,Contra Costa,07,2601 May Road,Richmond,94803-3196,(510) 231-1414,No Data,37.967273,-122.29674,0.0,6.0,K-6,GSserved,elementary,False,False,False,False,C,False,Elementary School (Public),True,public,Active,Stephanie Sanchez,02/09/2023,sheldon-elementary-richmond
07617966004972,063255005061,Stege Elementary,West Contra Costa Unified,Contra Costa,07,101 35th Street,Richmond,94804-3201,(510) 231-1425,No Data,37.932598,-122.33662,0.0,6.0,K-6,GSserved,elementary,False,False,False,False,C,False,Elementary School (Public),True,public,Active,Claudia Velez,09/21/2024,stege-elementary-richmond
07617966004980,063255005062,Stewart Elementary,West Contra Costa Unified,Contra Costa,07,2040 Hoke Drive,Pinole,94564-1899,(510) 231-1410,No Data,37.990659,-122.28972,0.0,8.0,K-8,GSserved,k8,False,False,True,False,C,False,Elementary School (Public),True,public,Active,Jimmy Lopez,09/30/2025,stewart-elementary-pinole
07617960133637,063255013986,Summit Public School: Tamalpais,West Contra Costa Unified,Contra Costa,07,3020 Hilltop Mall Road,Richmond,94806-1920,(510) 374-4185,http://tam.summitps.org,37.977933,-122.32721,7.0,12.0,7-12,GSserved,middle_high,True,False,False,False,C,False,High School (Public),False,public,Active,Eric Dillie,02/09/2023,summit-public-school-tamalpais-richmond
07617966004998,063255005063,Tara Hills Elementary,West Contra Costa Unified,Contra Costa,07,2300 Dolan Way,San Pablo,94806-1699,(510) 231-1428,www.wccusd.net/tarahills,37.993455,-122.31386,0.0,6.0,K-6,GSserved,elementary,False,False,False,False,C,False,Elementary School (Public),True,public,Active,Shari Salinas,08/28/2023,tara-hills-elementary-san-pablo
07617966005003,063255005064,Valley View Elementary,West Contra Costa Unified,Contra Costa,07,3416 Maywood Drive,Richmond,94803-2099,(510) 231-1455,No Data,37.97239,-122.28503,0.0,6.0,K-6,GSserved,elementary,False,False,False,False,C,False,Elementary School (Public),True,public,Active,Joey Sundberg,08/28/2023,valley-view-elementary-richmond
07617966005011,063255005065,Verde Elementary,West Contra Costa Unified,Contra Costa,07,2000 Giaramita Street,Richmond,94801-1699,(510) 231-1408,No Data,37.96087,-122.36332,0.0,8.0,K-8,GSserved,k8,False,False,False,False,C,False,Elementary School (Public),True,public,Active,Amar Nalic,08/28/2023,verde-elementary-richmond
07617960730325,063255010198,Vista Independent Study / Virtual Academy,West Contra Costa Unified,Contra Costa,07,2625 Barnard Road,San Pablo,94806-2703,(510) 231-1431,https://www.wccusd.net,37.968325,-122.32609,1.0,12.0,1-12,GSserved,k12,False,False,False,False,V,True,Alternative School of Choice,True,public,Active,Edith Jordan-McCormick,02/09/2023,vista-independent-study-virtual-academy-san-pablo
07617960136903,063255014227,Voices College-Bound Language Academy at West Contra Costa County,West Contra Costa Unified,Contra Costa,07,201 28th Street,Richmond,94804-2522,(510) 480-0540,www.voicesacademies.org,37.93387,-122.34214,0.0,8.0,K-8,GSserved,k8,True,False,True,False,N,False,Elementary School (Public),True,public,Active,Aldo Ramirez,03/03/2026,voices-college-bound-language-academy-at-west-contra-costa-county-richmond
07617966005037,063255005067,Washington Elementary,West Contra Costa Unified,Contra Costa,07,565 Wine Street,Richmond,94801-4054,(510) 231-1417,No Data,37.924763,-122.38059,0.0,6.0,K-6,GSserved,elementary,False,False,True,False,C,False,Elementary School (Public),True,public,Active,Karen Zapata,09/19/2024,washington-elementary-richmond
07617960135434,063255014119,West County Mandarin,West Contra Costa Unified,Contra Costa,07,1121 Allview Avenue,El Sobrante,94803-2522,(510) 231-1453,www.wccusd.net,37.985734,-122.30765,0.0,8.0,K-8,GSserved,k8,False,False,True,False,C,False,Elementary School (Public),True,public,Active,Eric Peterson,07/22/2026,west-county-mandarin-el-sobrante
21653006024137,060552000501,Bolinas-Stinson Elementary,Bolinas-Stinson Union,Marin,21,125 Olema-Bolinas Road,Bolinas,94924-9747,(415) 868-1603,www.bolinas-stinson.org,37.909873,-122.68812,0.0,8.0,K-8,GSserved,k8,False,False,False,False,N,False,Elementary School in 1 School District (Public),True,public,Active,Ilie Watterson,08/09/2023,bolinas-stinson-elementary-bolinas
21653346068308,061938002329,Adaline E. Kent Middle,Kentfield Elementary,Marin,21,800 College Avenue,Kentfield,94904-2549,(415) 458-5970,https://kent.kentfieldschools.org/,37.952639,-122.54926,5.0,8.0,5-8,GSserved,middle,False,False,False,False,N,False,Intermediate/Middle School (Public),True,public,Active,Grant Althouse,02/09/2023,adaline-e-kent-middle-kentfield
21653346024319,061938002327,Anthony G. Bacich Elementary,Kentfield Elementary,Marin,21,699 Sir Francis Drake Boulevard,Kentfield,94904-1639,(415) 925-2220,https://bacich.kentfieldschools.org/,37.952814,-122.53824,0.0,4.0,K-4,GSserved,elementary,False,False,False,False,N,False,Elementary School (Public),True,public,Active,Maria Martin,02/09/2023,anthony-g-bacich-elementary-kentfield
21653426024327,062043002457,Laguna Elementary,Laguna Joint Elementary,Marin,21,2657 Chileno Valley Road,Petaluma,94952-9428,(707) 762-6051,www.lagunaschool.org,38.199459,-122.71555,0.0,4.0,K-4,GSserved,elementary,False,False,False,False,N,False,Elementary School in 1 School District (Public),True,public,Active,Cynthia Walsh,07/26/2023,laguna-elementary-petaluma
21653426024392,062043002574,Lincoln Union,Laguna Joint Elementary,Marin,21,1300 Hicks Valley Road,Petaluma,94952-9407,(707) 763-0045,No Data,38.148268,-122.74419,3.0,6.0,3-6,GSserved,elementary,False,False,False,False,N,False,Elementary School in 1 School District (Public),True,public,Active,Cynthia Walsh,02/09/2023,lincoln-union-petaluma
21653596024335,062052002473,Lagunitas Elementary,Lagunitas Elementary,Marin,21,One Lagunitas School Road,San Geronimo,94963-0308,(415) 488-4118,www.lagunitas.org,38.017501,-122.67544,0.0,8.0,K-8,GSserved,k8,False,False,False,False,N,False,Elementary School (Public),True,public,Active,Jenelle Ferhart,07/01/2024,lagunitas-elementary-san-geronimo
21653670129148,062091013739,Cove,Larkspur-Corte Madera,Marin,21,330 Golden Hind Passage,Corte Madera,94925-1914,(415) 945-9046,www.lcmschools.org,37.921165,-122.49934,0.0,5.0,K-5,GSserved,elementary,False,False,False,False,N,False,Elementary School (Public),True,public,Active,Michelle Walker,02/09/2023,cove-corte-madera
21653676024350,062091002515,Hall Middle,Larkspur-Corte Madera,Marin,21,200 Doherty Drive,Larkspur,94939-1532,(415) 927-6978,www.lcmschools.org,37.938874,-122.52484,6.0,8.0,6-8,GSserved,middle,False,False,False,False,N,False,Intermediate/Middle School (Public),True,public,Active,Toni Brown,02/09/2023,hall-middle-larkspur
21653676024376,062091002516,Neil Cummins Elementary,Larkspur-Corte Madera,Marin,21,58 Mohawk Avenue,Corte Madera,94925-1033,(415) 927-6965,www.lcmschools.org,37.928831,-122.52166,0.0,5.0,K-5,GSserved,elementary,False,False,False,False,N,False,Elementary School (Public),True,public,Active,Kyle Shaw,02/09/2023,neil-cummins-elementary-corte-madera
21102150113183,069101811913,Marin County Juvenile Court,Marin County Office of Education,Marin,21,16 Jeannette Prandi Way,San Rafael,94903-1843,(415) 491-0581,www.marinschools.org,38.026767,-122.56879,8.0,12.0,8-12,GSserved,middle_high,False,False,False,True,C,False,Juvenile Court School,False,public,Active,Katy Foster,05/23/2025,marin-county-juvenile-court-san-rafael
21102156069504,069101807135,Marin County Special Education,Marin County Office of Education,Marin,21,1111 Las Gallinas Avenue,San Rafael,94903-1843,(415) 491-6612,www.marinschools.org,38.01371,-122.55017,0.0,12.0,K-12,GSserved,k12,False,False,False,False,N,False,Special Education School (Public),False,public,Active,Janelle Campbell,02/09/2023,marin-county-special-education-san-rafael
21102152130037,069101809230,Marin's Community,Marin County Office of Education,Marin,21,1111 Las Gallinas Avenue,San Rafael,94903-1843,(415) 491-0581,www.marinschools.org,38.013759,-122.5502,8.0,12.0,8-12,GSserved,middle_high,False,False,False,False,C,False,County Community,False,public,Active,Katy Foster,02/09/2023,marin-s-community-san-rafael
21102150135350,069101814064,Ross Valley Charter,Marin County Office of Education,Marin,21,102 Marinda Drive,Fairfax,94930-1105,(415) 534-6970,www.rossvalleycharter.org,37.989788,-122.59033,0.0,5.0,K-5,GSserved,elementary,True,False,False,False,N,False,Elementary School (Public),True,public,Active,Becky Hausammann,08/05/2026,ross-valley-charter-fairfax
21653916024418,062487009926,Edna Maguire Elementary,Mill Valley Elementary,Marin,21,80 Lomita Drive,Mill Valley,94941-1464,(415) 389-7733,No Data,37.907384,-122.52375,0.0,5.0,K-5,GSserved,elementary,False,False,False,False,N,False,Elementary School (Public),True,public,Active,Daniel McCord,02/09/2023,edna-maguire-elementary-mill-valley
21653916085187,062487003712,Mill Valley Middle,Mill Valley Elementary,Marin,21,425 Sycamore Avenue,Mill Valley,94941-2231,(415) 389-7711,No Data,37.896608,-122.5295,6.0,8.0,6-8,GSserved,middle,False,False,False,False,N,False,Intermediate/Middle School (Public),True,public,Active,Danny Chui,02/09/2023,mill-valley-middle-mill-valley
21653916024442,062487003713,Old Mill Elementary,Mill Valley Elementary,Marin,21,352 Throckmorton Avenue,Mill Valley,94941-2640,(415) 389-7727,No Data,37.905957,-122.55345,0.0,5.0,K-5,GSserved,elementary,False,False,False,False,N,False,Elementary School (Public),True,public,Active,Jason Matlon,02/09/2023,old-mill-elementary-mill-valley
21653916024459,062487003714,Park Elementary,Mill Valley Elementary,Marin,21,360 East Blithedale Avenue,Mill Valley,94941-2140,(415) 389-7735,No Data,37.917799,-122.55341,0.0,5.0,K-5,GSserved,elementary,False,False,False,False,N,False,Elementary School (Public),True,public,Active,Aubrey O'Connor,02/09/2023,park-elementary-mill-valley
21653916024467,062487008518,Strawberry Point Elementary,Mill Valley Elementary,Marin,21,117 East Strawberry Drive,Mill Valley,94941-2576,(415) 389-7660,www.mvschools.org/sp,37.89845,-122.50463,0.0,5.0,K-5,GSserved,elementary,False,False,False,False,N,False,Elementary School (Public),True,public,Active,Kimberley Russell,02/09/2023,strawberry-point-elementary-mill-valley
21653916024475,062487003716,Tamalpais Valley Elementary,Mill Valley Elementary,Marin,21,350 Bell Lane,Mill Valley,94941-4038,(415) 389-7731,No Data,37.874272,-122.528,0.0,5.0,K-5,GSserved,elementary,False,False,False,False,N,False,Elementary School (Public),True,public,Active,Lisa Lamar,02/09/2023,tamalpais-valley-elementary-mill-valley
21653186024160,061122001244,Lucas Valley Elementary,Miller Creek Elementary,Marin,21,1175 Idylberry Drive,San Rafael,94903-1131,(415) 492-3730,No Data,38.029584,-122.57336,0.0,5.0,K-5,GSserved,elementary,False,False,False,False,N,False,Elementary School (Public),True,public,Active,Erin Baker,08/01/2025,lucas-valley-elementary-san-rafael
21653186024194,061122010255,Mary E. Silveira Elementary,Miller Creek Elementary,Marin,21,375 Blackstone Drive,San Rafael,94903-1401,(415) 492-3741,No Data,38.037774,-122.53986,0.0,5.0,K-5,GSserved,elementary,False,False,False,False,N,False,Elementary School (Public),True,public,Active,Derek Lecy,02/09/2023,mary-e-silveira-elementary-san-rafael
21653186024202,061122001247,Miller Creek Middle,Miller Creek Elementary,Marin,21,2255 Las Gallinas Avenue,San Rafael,94903-1699,(415) 492-3760,No Data,38.029548,-122.54562,6.0,8.0,6-8,GSserved,middle,False,False,False,False,N,False,Intermediate/Middle School (Public),True,public,Active,Erin Dinday,11/03/2023,miller-creek-middle-san-rafael
21653186024244,061122008822,Vallecito Elementary,Miller Creek Elementary,Marin,21,50 Nova Albion Way,San Rafael,94903-3556,(415) 492-3750,No Data,38.005969,-122.5506,0.0,5.0,K-5,GSserved,elementary,False,False,False,False,N,False,Elementary School (Public),True,public,Active,Jenny Derby,08/01/2025,vallecito-elementary-san-rafael
21654096024483,062730004135,Nicasio,Nicasio,Marin,21,5555 Nicasio Valley Road,Nicasio,94946,(415) 662-2184,www.nicasioschool.org,38.072982,-122.70584,0.0,8.0,K-8,GSserved,k8,False,False,False,False,N,False,Elementary School in 1 School District (Public),True,public,Active,Barbara Snekkevik,02/09/2023,nicasio-nicasio
21654176024491,062772004185,Hamilton TK-8,Novato Unified,Marin,21,5530 Nave Drive,Novato,94949-6435,(415) 883-4691,www.nusd.org,38.052726,-122.53051,0.0,8.0,K-8,GSserved,k8,False,False,False,False,N,False,Elementary School (Public),True,public,Active,Bryan Clement,08/05/2024,hamilton-tk-8-novato
21654176024509,062772004187,Loma Verde Elementary,Novato Unified,Marin,21,399 Alameda de La Loma,Novato,94949-5935,(415) 883-4681,www.nusd.org,38.065514,-122.54619,0.0,5.0,K-5,GSserved,elementary,False,False,False,False,N,False,Elementary School (Public),True,public,Active,Tehniat Cheema,02/09/2023,loma-verde-elementary-novato
21654176024517,062772004188,Lu Sutton Elementary,Novato Unified,Marin,21,1800 Center Road,Novato,94947-2975,(415) 897-3196,www.nusd.org,38.105237,-122.5862,0.0,5.0,K-5,GSserved,elementary,False,False,False,False,N,False,Elementary School (Public),True,public,Active,Karen Freemantle,08/06/2024,lu-sutton-elementary-novato
21654176024525,062772004189,Lynwood Elementary,Novato Unified,Marin,21,1320 Lynwood Drive,Novato,94947-4629,(415) 897-4161,www.nusd.org,38.086157,-122.56191,0.0,5.0,K-5,GSserved,elementary,False,False,True,False,N,False,Elementary School (Public),True,public,Active,Lauren Menchavez,06/28/2023,lynwood-elementary-novato
21654172130045,062772004199,Nova Education Center,Novato Unified,Marin,21,720 Diablo Boulevard,Novato,94947-4004,(415) 897-7653,www.nusd.org,38.097792,-122.57617,6.0,12.0,6-12,GSserved,middle_high,False,False,False,False,N,False,Alternative School of Choice,True,public,Active,Kessa Early,08/18/2025,nova-education-center-novato
21654176113229,062772006035,Novato Charter,Novato Unified,Marin,21,940 C Street,Novato,94949-5060,(415) 883-4254,https://novatocharterschool.org,38.05572,-122.52616,0.0,8.0,K-8,GSserved,k8,True,False,False,False,N,False,Elementary School (Public),True,public,Active,Chris Capobianco,08/15/2025,novato-charter-novato
21654176024558,062772004192,Olive Elementary,Novato Unified,Marin,21,620 Olive Avenue,Novato,94945-2578,(415) 897-2131,www.nusd.org,38.108,-122.55553,0.0,5.0,K-5,GSserved,elementary,False,False,False,False,N,False,Elementary School (Public),True,public,Active,Lori Hiura,06/25/2025,olive-elementary-novato
21654176024574,062772004193,Pleasant Valley Elementary,Novato Unified,Marin,21,755 Sutro Avenue,Novato,94947-1937,(415) 897-5104,www.nusd.org,38.108007,-122.61348,0.0,5.0,K-5,GSserved,elementary,False,False,False,False,N,False,Elementary School (Public),True,public,Active,Tony Quan,02/09/2023,pleasant-valley-elementary-novato
21654176024582,062772004194,Rancho Elementary,Novato Unified,Marin,21,1430 Johnson Street,Novato,94947-4459,(415) 897-3101,www.nusd.org,38.09375,-122.57104,0.0,5.0,K-5,GSserved,elementary,False,False,False,False,N,False,Elementary School (Public),True,public,Active,Anna Young,06/23/2026,rancho-elementary-novato
21654170124081,062772012874,San Jose Middle,Novato Unified,Marin,21,1000 Sunset Parkway,Novato,94949-4999,(415) 883-7831,No Data,38.076571,-122.57083,6.0,8.0,6-8,GSserved,middle,False,False,True,False,N,False,Intermediate/Middle School (Public),True,public,Active,Whitney McEachern,08/08/2024,san-jose-middle-novato
21654176024590,062772004197,San Ramon Elementary,Novato Unified,Marin,21,45 San Ramon Way,Novato,94945-1616,(415) 897-1196,www.sanramonelementary.org,38.119417,-122.60403,0.0,5.0,K-5,GSserved,elementary,False,False,False,False,N,False,Elementary School (Public),True,public,Active,Juliette Jones,06/23/2026,san-ramon-elementary-novato
21654176058614,062772004198,Sinaloa Middle,Novato Unified,Marin,21,2045 Vineyard Road,Novato,94947-3810,(415) 897-2111,www.nusd.org,38.105818,-122.59702,6.0,8.0,6-8,GSserved,middle,False,False,False,False,N,False,Intermediate/Middle School (Public),True,public,Active,Eleanor Marsh,08/05/2024,sinaloa-middle-novato
21654256024616,063216004975,Bel Aire Elementary,Reed Union Elementary,Marin,21,277 Karen Way,Tiburon,94920-2044,(415) 388-7100,No Data,37.902636,-122.49977,3.0,5.0,3-5,GSserved,elementary,False,False,False,False,N,False,Elementary School (Public),True,public,Active,John DiCosmo,02/09/2023,bel-aire-elementary-tiburon
21654256024632,063216004977,Del Mar Middle,Reed Union Elementary,Marin,21,105 Avenida Miraflores,Tiburon,94920-1414,(415) 435-1468,No Data,37.893138,-122.48086,6.0,8.0,6-8,GSserved,middle,False,False,False,False,N,False,Intermediate/Middle School (Public),True,public,Active,Chad Stuart,08/21/2023,del-mar-middle-tiburon
21654256024657,063216004976,Reed Elementary,Reed Union Elementary,Marin,21,1199 Tiburon Boulevard,Tiburon,94920-1550,(415) 435-7841,No Data,37.880857,-122.46538,0.0,2.0,K-2,GSserved,elementary,False,False,False,False,N,False,Elementary School (Public),True,public,Active,Mary Niesyn,02/09/2023,reed-elementary-tiburon
21654336024673,063366005192,Ross Elementary,Ross Elementary,Marin,21,9 Lagunitas Road,Ross,94957-9661,(415) 457-2705,www.rossbears.org,37.962399,-122.55623,0.0,8.0,K-8,GSserved,k8,False,False,False,False,N,False,Elementary School in 1 School District (Public),True,public,Active,Jennifer Graham,02/09/2023,ross-elementary-ross
21750026024681,060000608775,Brookside Elementary,Ross Valley Elementary,Marin,21,116 Butterfield Road,San Anselmo,94960-1562,(415) 453-2948,http://rossvalleyschools.org,37.99067,-122.57551,0.0,5.0,K-5,GSserved,elementary,False,False,False,False,N,False,Elementary School (Public),True,public,Active,Amanda Wagner,07/23/2024,brookside-elementary-san-anselmo
21750020124578,060000612911,Hidden Valley Elementary,Ross Valley Elementary,Marin,21,46 Green Valley Court,San Anselmo,94960-1112,(415) 454-7683,http://rossvalleyschools.org,38.005577,-122.57368,0.0,5.0,K-5,GSserved,elementary,False,False,False,False,N,False,Elementary School (Public),True,public,Active,Kristi Fish,02/09/2023,hidden-valley-elementary-san-anselmo
21750026024277,060000608773,Manor Elementary,Ross Valley Elementary,Marin,21,150 Oak Manor Drive,Fairfax,94930-1013,(415) 453-1544,http://rossvalleyschools.org,37.996481,-122.5943,0.0,5.0,K-5,GSserved,elementary,False,False,False,False,N,False,Elementary School (Public),True,public,Active,Peg Minicozzi,02/09/2023,manor-elementary-fairfax
21750026024731,060000608776,Wade Thomas Elementary,Ross Valley Elementary,Marin,21,150 Ross Avenue,San Anselmo,94960-2941,(415) 454-4603,http://rossvalleyschools.org,37.971099,-122.56625,0.0,5.0,K-5,GSserved,elementary,False,False,False,False,N,False,Elementary School (Public),True,public,Active,Julie Harris,02/09/2023,wade-thomas-elementary-san-anselmo
21750026024285,060000608774,White Hill Middle,Ross Valley Elementary,Marin,21,101 Glen Drive,Fairfax,94930-1338,(415) 454-8390,http://rossvalleyschools.org,38.002858,-122.60625,6.0,8.0,6-8,GSserved,middle,False,False,False,False,N,False,Intermediate/Middle School (Public),True,public,Active,Mary-Clare Mullin,07/23/2024,white-hill-middle-fairfax
21654586024756,063509005932,Bahia Vista Elementary,San Rafael City Elementary,Marin,21,125 Bahia Way,San Rafael,94901-4502,(415) 485-2415,http://bahiavista.srcs.org/,37.966654,-122.49807,0.0,5.0,K-5,GSserved,elementary,False,False,False,False,N,False,Elementary School (Public),True,public,Active,Julio Villalobos,08/19/2025,bahia-vista-elementary-san-rafael
21654586024764,063509005933,Coleman Elementary,San Rafael City Elementary,Marin,21,800 Belle Avenue,San Rafael,94901-2227,(415) 485-2420,http://coleman.srcs.org/,37.978311,-122.51993,0.0,5.0,K-5,GSserved,elementary,False,False,False,False,N,False,Elementary School (Public),True,public,Active,Alex Peck,07/13/2023,coleman-elementary-san-rafael
21654586024780,063509005935,Glenwood Elementary,San Rafael City Elementary,Marin,21,25 Castlewood Drive,San Rafael,94901-2524,(415) 485-2430,http://glenwood.srcs.org/,37.985628,-122.47683,0.0,5.0,K-5,GSserved,elementary,False,False,False,False,N,False,Elementary School (Public),True,public,Active,Jacob Hodgson,07/13/2023,glenwood-elementary-san-rafael
21654586058622,063509005936,James B. Davidson Middle,San Rafael City Elementary,Marin,21,280 Woodland Avenue,San Rafael,94901-5046,(415) 485-2400,http://davidson.srcs.org/,37.965578,-122.5269,6.0,8.0,6-8,GSserved,middle,False,False,False,False,N,False,Intermediate/Middle School (Public),True,public,Active,Michael Stachon,02/09/2023,james-b-davidson-middle-san-rafael
21654586024814,063509006037,Laurel Dell Elementary,San Rafael City Elementary,Marin,21,225 Woodland Avenue,San Rafael,94901-6017,(415) 485-2317,http://laureldell.srcs.org/,37.964181,-122.52586,0.0,5.0,K-5,GSserved,elementary,False,False,False,False,N,False,Elementary School (Public),True,public,Active,Katie O'Donnell,08/19/2025,laurel-dell-elementary-san-rafael
21654586024830,063509009630,San Pedro Elementary,San Rafael City Elementary,Marin,21,498 Point San Pedro Road,San Rafael,94901-2457,(415) 485-2450,http://sanpedro.srcs.org/,37.975111,-122.49003,0.0,5.0,K-5,GSserved,elementary,False,False,False,False,N,False,Elementary School (Public),True,public,Active,Carolyn Reibel,08/19/2025,san-pedro-elementary-san-rafael
21654580121517,063509012694,Short Elementary,San Rafael City Elementary,Marin,21,35 Marin Street,San Rafael,94901-4960,(415) 485-3793,http://sh-srcs-ca.schoolloop.com/,37.967625,-122.53513,0.0,0.0,K,GSserved,elementary,False,False,True,False,N,False,Elementary School (Public),True,public,Active,Alison Baum,05/23/2025,short-elementary-san-rafael
21654586024863,063509005940,Sun Valley Elementary,San Rafael City Elementary,Marin,21,75 Happy Lane,San Rafael,94901-1020,(415) 485-2440,http://sunvalley.srcs.org/,37.985382,-122.55021,0.0,5.0,K-5,GSserved,elementary,False,False,False,False,N,False,Elementary School (Public),True,public,Active,Kristin Hancock,07/15/2024,sun-valley-elementary-san-rafael
21654586024772,063509005934,Venetia Valley K-8,San Rafael City Elementary,Marin,21,177 North San Pedro Road,San Rafael,94903-4200,(415) 492-3150,http://venetiavalley.srcs.org/,38.000379,-122.52381,0.0,8.0,K-8,GSserved,k8,False,False,True,False,N,False,Elementary School (Public),True,public,Active,Armando Oseguera,07/15/2024,venetia-valley-k-8-san-rafael
21654746024889,063600006162,Dr. Martin Luther King Jr. Academy,Sausalito Marin City,Marin,21,200 Phillips Drive,Sausalito,94965-1194,(415) 332-1024,www.smcsd.org,37.873619,-122.51252,0.0,8.0,K-8,GSserved,k8,False,False,False,False,N,False,Elementary School (Public),True,public,Active,Amy Hale,08/31/2026,dr-martin-luther-king-jr-academy-sausalito
21733616051627,063667006215,Bodega Bay Elementary,Shoreline Unified,Marin,21,1200 Canon Street,Bodega Bay,94923,(707) 875-2724,No Data,38.33448,-123.04484,0.0,5.0,K-5,GSserved,elementary,False,False,False,False,N,False,Elementary School (Public),True,public,Active,Jay Dowd,08/18/2026,bodega-bay-elementary-bodega-bay
21733616024947,063667007362,Inverness Elementary,Shoreline Unified,Marin,21,1 Forres Way,Inverness,94937,(415) 669-1018,No Data,38.098472,-122.85584,0.0,1.0,K-1,GSserved,elementary,False,False,False,False,N,False,Elementary School (Public),True,public,Active,Christy Stocker,09/03/2025,inverness-elementary-inverness
21733616024921,063667006216,Tomales Elementary,Shoreline Unified,Marin,21,40 John Street,Tomales,94971,(707) 878-2214,No Data,38.245596,-122.90155,0.0,8.0,K-8,GSserved,k8,False,False,False,False,N,False,Elementary School (Public),True,public,Active,Jay Dowd,07/24/2025,tomales-elementary-tomales
21733616024954,063667006218,West Marin Elementary,Shoreline Unified,Marin,21,11550 Highway 1,Point Reyes Station,94956-0300,(415) 663-1014,No Data,38.070257,-122.80476,2.0,8.0,2-8,GSserved,k8,False,False,False,False,N,False,Elementary School (Public),True,public,Active,Christy Stocker,09/05/2024,west-marin-elementary-point-reyes-station
28662416026744,060702000646,Calistoga Elementary,Calistoga Joint Unified,Napa,28,1327 Berry Street,Calistoga,94515-1605,(707) 942-4398,No Data,38.579123,-122.58239,0.0,6.0,K-6,GSserved,elementary,False,False,False,False,N,False,Elementary School (Public),True,public,Active,Liliana Zepeda,08/18/2026,calistoga-elementary-calistoga
28662412831758,060702000647,Calistoga Junior/Senior High,Calistoga Joint Unified,Napa,28,1608 Lake Street,Calistoga,94515-1359,(707) 942-6278,https://cjshs.calistogaschools.org/,38.584001,-122.58126,7.0,12.0,7-12,GSserved,middle_high,False,False,False,False,N,False,High School (Public),False,public,Active,Monica Baldenegro,08/21/2023,calistoga-junior-senior-high-calistoga
28662586026751,061776002196,Howell Mountain Elementary,Howell Mountain Elementary,Napa,28,525 White Cottage Road North,Angwin,94508-9768,(707) 965-2423,www.hmesd.org,38.557559,-122.46034,0.0,8.0,K-8,GSserved,k8,False,False,False,False,N,False,Elementary School in 1 School District (Public),True,public,Active,Joshua Munoz,08/19/2024,howell-mountain-elementary-angwin
28102802830099,069102207574,Camille Creek Community,Napa County Office of Education,Napa,28,2097 Imola Avenue,Napa,94559-3625,(707) 253-6817,www.napacoe.org,38.279523,-122.25787,8.0,12.0,8-12,GSserved,middle_high,False,False,False,False,N,False,County Community,False,public,Active,Nancy Dempsey,07/23/2024,camille-creek-community-napa
28102800148361,069102214734,Mayacamas Countywide Middle,Napa County Office of Education,Napa,28,983 Napa Street,Napa,94559-1921,(707) 320-6394,No Data,38.302757,-122.28781,6.0,8.0,6-8,GSserved,middle,True,False,False,False,C,False,Intermediate/Middle School (Public),True,public,Active,Cathy Adams,08/19/2026,mayacamas-countywide-middle-napa
28662666026769,062664004011,Alta Heights Elementary,Napa Valley Unified,Napa,28,15 Montecito Boulevard,Napa,94559-2122,(707) 253-3671,https://altaheights.nvusd.org/,38.302093,-122.27257,0.0,5.0,K-5,GSserved,elementary,False,False,False,False,N,False,Elementary School (Public),True,public,Active,Ted Ward,07/17/2023,alta-heights-elementary-napa
28662666115240,062664007575,American Canyon Middle,Napa Valley Unified,Napa,28,300 Benton Way,American Canyon,94589-4254,(707) 259-8592,https://acms.nvusd.org/,38.169894,-122.26706,6.0,8.0,6-8,GSserved,middle,False,False,False,False,N,False,Intermediate/Middle School (Public),True,public,Active,Brian Howard,07/15/2025,american-canyon-middle-american-canyon
28662666026777,062664004012,Bel Aire Park Elementary,Napa Valley Unified,Napa,28,3580 Beckworth Drive,Napa,94558-2846,(707) 253-3775,https://belairepark.nvusd.org/,38.326,-122.30682,0.0,5.0,K-5,GSserved,elementary,False,True,False,False,N,False,Elementary School (Public),True,public,Active,Cicely Rodda,07/13/2026,bel-aire-park-elementary-napa
28662666026785,062664004013,Browns Valley Elementary,Napa Valley Unified,Napa,28,1001 Buhman Avenue,Napa,94558-5202,(707) 253-3761,https://brownsvalley.nvusd.org/,38.304652,-122.33934,0.0,8.0,K-8,GSserved,k8,False,False,False,False,N,False,Elementary School (Public),True,public,Active,Troy Holding,07/08/2026,browns-valley-elementary-napa
28662660109140,062664010976,Canyon Oaks Elementary,Napa Valley Unified,Napa,28,475 Silver Oak Trail,American Canyon,94503-3190,(707) 265-2363,https://canyonoaks.nvusd.org/,38.16762,-122.24359,0.0,5.0,K-5,GSserved,elementary,False,False,False,False,N,False,Elementary School (Public),True,public,Active,Troy Gittings,07/08/2026,canyon-oaks-elementary-american-canyon
28662666026827,062664004017,Donaldson Way Elementary,Napa Valley Unified,Napa,28,430 Donaldson Way,American Canyon,94589-1130,(707) 644-4486,https://donaldsonway.nvusd.org/,38.17117,-122.2621,0.0,5.0,K-5,GSserved,elementary,False,False,False,False,N,False,Elementary School (Public),True,public,Active,James Dennis,07/02/2024,donaldson-way-elementary-american-canyon
28662666026850,062664004020,McPherson Elementary,Napa Valley Unified,Napa,28,2670 Yajome Street,Napa,94558-5039,(707) 253-3488,https://mcpherson.nvusd.org/,38.315558,-122.29289,0.0,5.0,K-5,GSserved,elementary,False,True,False,False,N,False,Elementary School (Public),True,public,Active,Melissa Phillips,08/24/2026,mcpherson-elementary-napa
28662666026876,062664004023,Napa Junction Elementary,Napa Valley Unified,Napa,28,500 Eucalyptus Drive,American Canyon,94503,(707) 253-3461,https://napajunction.nvusd.org/,38.18127,-122.27111,0.0,5.0,K-5,GSserved,elementary,False,True,False,False,N,False,Elementary School (Public),True,public,Active,Megan De La Mater,08/18/2025,napa-junction-elementary-american-canyon
28662660101964,062664011271,Napa Valley Independent Studies,Napa Valley Unified,Napa,28,1600 Myrtle Avenue,Napa,94558-3147,(707) 259-8577,https://nvis.nvusd.org/,38.314667,-122.30222,6.0,12.0,6-12,GSserved,middle_high,False,False,False,False,N,False,Alternative School of Choice,True,public,Active,Gregory Stevenson,07/08/2026,napa-valley-independent-studies-napa
28662666026983,062664004039,Napa Valley Language Academy,Napa Valley Unified,Napa,28,2700 Kilburn Avenue,Napa,94558-5623,(707) 253-3678,https://nvla.nvusd.org/,38.296236,-122.30593,0.0,5.0,K-5,GSserved,elementary,False,False,True,False,N,False,Elementary School (Public),True,public,Active,Arizbeth Corro,07/17/2023,napa-valley-language-academy-napa
28662666026892,062664004024,Northwood Elementary,Napa Valley Unified,Napa,28,2214 Berks Street,Napa,94558-2714,(707) 253-3471,https://northwood.nvusd.org/,38.325398,-122.32014,0.0,5.0,K-5,GSserved,elementary,False,False,False,False,N,False,Elementary School (Public),True,public,Active,Suzanne Flint,08/04/2026,northwood-elementary-napa
28662666026900,062664004026,Phillips Elementary,Napa Valley Unified,Napa,28,1210 Shetler Avenue,Napa,94559-4205,(707) 253-3481,https://phillips.nvusd.org/,38.282702,-122.26296,0.0,5.0,K-5,GSserved,elementary,False,True,False,False,N,False,Elementary School (Public),True,public,Active,Jennifer Fee,07/08/2026,phillips-elementary-napa
28662666026918,062664004027,Pueblo Vista Elementary,Napa Valley Unified,Napa,28,1600 Barbara Road,Napa,94558-4500,(707) 253-3491,https://pueblovista.nvusd.org/,38.316209,-122.3162,0.0,5.0,K-5,GSserved,elementary,False,True,True,False,N,False,Elementary School (Public),True,public,Active,Helen Rocca,07/17/2023,pueblo-vista-elementary-napa
28662666058788,062664004028,Redwood Middle,Napa Valley Unified,Napa,28,3600 Oxford Street,Napa,94558-2735,(707) 253-3415,https://redwood.nvusd.org/,38.322739,-122.3167,6.0,8.0,6-8,GSserved,middle,False,False,False,False,N,False,Intermediate/Middle School (Public),True,public,Active,Peter Hartnack,07/17/2023,redwood-middle-napa
28662666026934,062664004031,Shearer Elementary,Napa Valley Unified,Napa,28,1590 Elm Street,Napa,94559-3924,(707) 253-3508,https://shearer.nvusd.org/,38.289792,-122.29044,0.0,8.0,K-8,GSserved,k8,False,True,False,False,N,False,Elementary School (Public),True,public,Active,Noreen Montgomery,08/24/2026,shearer-elementary-napa
28662666058796,062664004032,Silverado Middle,Napa Valley Unified,Napa,28,1133 Coombsville Road,Napa,94558-3906,(707) 253-3688,https://silverado.nvusd.org/,38.295988,-122.25947,6.0,8.0,6-8,GSserved,middle,False,False,False,False,N,False,Intermediate/Middle School (Public),True,public,Active,Anne Vallerga,07/17/2023,silverado-middle-napa
28662666026942,062664004033,Snow Elementary,Napa Valley Unified,Napa,28,1130 Foster Road,Napa,94558-6522,(707) 253-3666,https://snow.nvusd.org/,38.278134,-122.30588,0.0,5.0,K-5,GSserved,elementary,False,False,False,False,N,False,Elementary School (Public),True,public,Active,Jessica Mautner,07/17/2023,snow-elementary-napa
28662660108605,062664010975,Stone Bridge,Napa Valley Unified,Napa,28,1019 2nd Avenue,Napa,94558-3938,(707) 252-5522,www.stonebridgeschool.org,38.295488,-122.24639,0.0,8.0,K-8,GSserved,k8,True,False,False,True,N,False,Elementary School (Public),True,public,Active,Lisa Meyers,07/15/2025,stone-bridge-napa
28662666113302,062664004695,Unidos Middle,Napa Valley Unified,Napa,28,1850 Salvador Ave,Napa,94558-1633,(707) 253-6813,https://unidos.nvusd.org/,38.340692,-122.3231,6.0,8.0,6-8,GSserved,middle,False,False,True,False,N,False,Intermediate/Middle School (Public),True,public,Active,Karily Dean Cruz,08/04/2026,unidos-middle-napa
28662666026967,062664004036,Vichy Elementary,Napa Valley Unified,Napa,28,3261 Vichy Avenue,Napa,94558-2113,(707) 253-3544,https://vichy.nvusd.org/,38.335102,-122.25642,0.0,6.0,K-6,GSserved,elementary,False,False,False,False,N,False,Elementary School (Public),True,public,Active,Tyler Roberts,07/08/2026,vichy-elementary-napa
28662666026975,062664004038,West Park Elementary,Napa Valley Unified,Napa,28,2315 West Park Avenue,Napa,94558-4431,(707) 253-3516,https://westpark.nvusd.org/,38.309814,-122.31649,0.0,5.0,K-5,GSserved,elementary,False,False,False,False,N,False,Elementary School (Public),True,public,Active,Kate Linneman,07/17/2023,west-park-elementary-napa
28662660137992,062664014216,Willow Elementary,Napa Valley Unified,Napa,28,1480 El Centro Avenue,Napa,94558-1945,(707) 253-3771,https://willow.nvusd.org/,38.337674,-122.31382,0.0,5.0,K-5,GSserved,elementary,False,True,False,False,N,False,Elementary School (Public),True,public,Active,Ginger Dunne,07/17/2023,willow-elementary-napa
28662826027015,063138004866,Pope Valley Elementary,Pope Valley Union Elementary,Napa,28,6200 Pope Valley Road,Pope Valley,94567-0167,(707) 965-2402,www.pvk8.org,38.622565,-122.4398,0.0,8.0,K-8,GSserved,k8,False,False,False,False,N,False,Elementary School in 1 School District (Public),True,public,Active,Kim Kern,09/03/2025,pope-valley-elementary-pope-valley
28662906027031,063783006388,Robert Louis Stevenson Intermediate,Saint Helena Unified,Napa,28,1316 Hillview Place,St. Helena,94574-1720,(707) 967-2725,www.sthelenaunified.org,38.506186,-122.47601,6.0,8.0,6-8,GSserved,middle,False,False,False,False,N,False,Intermediate/Middle School (Public),True,public,Active,Andrew Ryan,07/10/2023,robert-louis-stevenson-intermediate-st-helena
28662906027049,063783006386,Saint Helena Elementary,Saint Helena Unified,Napa,28,1325 Adams Street,St. Helena,94574-1937,(707) 967-2712,www.sthelenaunified.org,38.503359,-122.47218,3.0,5.0,3-5,GSserved,elementary,False,False,False,False,N,False,Elementary School (Public),True,public,Active,Carmen Emery,02/09/2023,saint-helena-elementary-st-helena
28662906117964,063783008533,Saint Helena Primary,Saint Helena Unified,Napa,28,1701 Grayson Avenue,St. Helena,94574-2106,(707) 967-2772,www.sthelenaunified.org,38.494145,-122.46745,0.0,2.0,K-2,GSserved,elementary,False,False,False,False,N,False,Elementary School (Public),True,public,Active,Rebekah Rocha,02/09/2023,saint-helena-primary-st-helena
38769270132183,No Data13939,The New School of San Francisco,SBE - The New School of San Francisco,San Francisco,38,940 Filbert St,San Francisco,94133-2727,(415) 401-8489,www.newschoolsf.org,37.801011,-122.41509,0.0,8.0,K-8,GSserved,k8,True,False,False,False,N,False,Elementary School in 1 School District (Public),True,public,Active,Emily Bobel Kilduff,10/09/2024,the-new-school-of-san-francisco-san-francisco
38103893830445,069111110647,S.F. County Civic Center Secondary,San Francisco County Office of Education,San Francisco,38,727 Golden Gate Avenue,San Francisco,94102-3101,(415) 241-3000,www.sfusd.edu/,37.780691,-122.42308,6.0,12.0,6-12,GSserved,middle_high,False,False,False,False,N,False,County Community,False,public,Active,Angelina Gonzalez,02/09/2023,s-f-county-civic-center-secondary-san-francisco
38103896069561,069111109473,S.F. County Special Education,San Francisco County Office of Education,San Francisco,38,3045 Santiago Street,San Francisco,94116-1526,(415) 759-2222,www.sfusd.edu/,37.743844,-122.49989,0.0,12.0,K-12,GSserved,k12,False,False,False,False,N,False,Special Education School (Public),False,public,Active,Jennifer Jimenez Payne,08/26/2026,s-f-county-special-education-san-francisco
38684786040695,063441005582,Alamo Elementary,San Francisco Unified,San Francisco,38,250 23rd Avenue,San Francisco,94121-2009,(415) 750-8456,No Data,37.783124,-122.48219,0.0,5.0,K-5,GSserved,elementary,False,False,False,False,N,False,Elementary School (Public),True,public,Active,Rosa Fong,02/09/2023,alamo-elementary-san-francisco
38684786040703,063441005583,Alvarado Elementary,San Francisco Unified,San Francisco,38,625 Douglas Street,San Francisco,94114-3140,(415) 695-5695,No Data,37.753675,-122.43873,0.0,5.0,K-5,GSserved,elementary,False,False,True,False,N,False,Elementary School (Public),True,public,Active,Michelle Sundby,09/17/2024,alvarado-elementary-san-francisco
38684786062020,063441005585,Aptos Middle,San Francisco Unified,San Francisco,38,105 Aptos Avenue,San Francisco,94127-2520,(415) 469-4520,No Data,37.730234,-122.46623,6.0,8.0,6-8,GSserved,middle,False,False,True,False,N,False,Intermediate/Middle School (Public),True,public,Active,Dimitric Roseboro,09/17/2024,aptos-middle-san-francisco
38684786040737,063441005586,Argonne Elementary,San Francisco Unified,San Francisco,38,680 18th Avenue,San Francisco,94121-3818,(415) 750-8460,No Data,37.77515,-122.47679,0.0,5.0,K-5,GSserved,elementary,False,False,False,False,N,False,Elementary School (Public),True,public,Active,Amy Abdallah-Rojas,07/24/2025,argonne-elementary-san-francisco
38684780132241,063441002774,Brown Jr. (Willie L) Middle,San Francisco Unified,San Francisco,38,2055 Silver Avenue,San Francisco,94122-2032,(415) 642-8901,No Data,37.735911,-122.39969,6.0,8.0,6-8,GSserved,middle,False,False,True,False,N,False,Intermediate/Middle School (Public),True,public,Active,Malea Mouton-Fuentes,12/02/2021,brown-jr-willie-l-middle-san-francisco
38684786040778,063441005592,Bryant Elementary,San Francisco Unified,San Francisco,38,2641 25th Street,San Francisco,94110-3514,(415) 695-5780,No Data,37.751628,-122.4049,0.0,5.0,K-5,GSserved,elementary,False,False,True,False,N,False,Elementary School (Public),True,public,Active,Dana DeFranco,07/24/2025,bryant-elementary-san-francisco
38684786062046,063441005626,Buena Vista/ Horace Mann K-8,San Francisco Unified,San Francisco,38,3351 23rd Street,San Francisco,94110-3031,(415) 695-5881,No Data,37.753715,-122.41974,0.0,8.0,K-8,GSserved,k8,False,False,True,False,N,False,Elementary School (Public),True,public,Active,Claudia Delarios-Moran,02/13/2019,buena-vista-horace-mann-k-8-san-francisco
38684786040752,063441005590,Carmichael (Bessie)/FEC,San Francisco Unified,San Francisco,38,375 Seventh Street,San Francisco,94103-4020,(415) 355-6916,No Data,37.775856,-122.40674,0.0,8.0,K-8,GSserved,k8,False,False,True,False,N,False,Elementary School (Public),True,public,Active,Jennifer Freeman,08/17/2026,carmichael-bessie-fec-san-francisco
38684786093496,063441005616,Carver (George Washington) Elementary,San Francisco Unified,San Francisco,38,1360 Oakdale Avenue,San Francisco,94124-2724,(415) 330-1540,No Data,37.732403,-122.38638,0.0,5.0,K-5,GSserved,elementary,False,False,False,False,N,False,Elementary School (Public),True,public,Active,Makaela Manning,02/09/2023,carver-george-washington-elementary-san-francisco
38684786041149,063441005623,Chavez (Cesar) Elementary,San Francisco Unified,San Francisco,38,825 Shotwell Street,San Francisco,94110-3212,(415) 695-5765,No Data,37.75488,-122.41541,0.0,5.0,K-5,GSserved,elementary,False,False,True,False,N,False,Elementary School (Public),True,public,Active,Angelica Trejo-Ortiz,08/17/2026,chavez-cesar-elementary-san-francisco
38684786113252,063441005369,Chin (John Yehall) Elementary,San Francisco Unified,San Francisco,38,350 Broadway Street,San Francisco,94133-4503,(415) 291-7946,No Data,37.79831,-122.40317,0.0,5.0,K-5,GSserved,elementary,False,False,True,False,N,False,Elementary School (Public),True,public,Active,Allen Lee,02/13/2019,chin-john-yehall-elementary-san-francisco
38684780120386,063441012487,Chinese Immersion School at DeAvila,San Francisco Unified,San Francisco,38,1250 Waller Street,San Francisco,94117-2919,(415) 241-6325,www.sfusd.edu,37.769464,-122.44429,0.0,5.0,K-5,GSserved,elementary,False,False,True,False,N,False,Elementary School (Public),True,public,Active,Mia Yee,11/16/2023,chinese-immersion-school-at-deavila-san-francisco
38684786040828,063441005666,Clarendon Alternative Elementary,San Francisco Unified,San Francisco,38,500 Clarendon Avenue,San Francisco,94131-1113,(415) 759-2796,No Data,37.752989,-122.45611,0.0,5.0,K-5,GSserved,elementary,False,False,True,False,N,False,Elementary School (Public),True,public,Active,Christine Hardiman,08/17/2026,clarendon-alternative-elementary-san-francisco
38684786040836,063441005597,Cleveland Elementary,San Francisco Unified,San Francisco,38,455 Athens Street,San Francisco,94112-2801,(415) 469-4709,No Data,37.720733,-122.42904,0.0,5.0,K-5,GSserved,elementary,False,False,True,False,N,False,Elementary School (Public),True,public,Active,Lenar Ruiz,07/24/2025,cleveland-elementary-san-francisco
38684786040968,063441005681,Cobb (William L.) Elementary,San Francisco Unified,San Francisco,38,2725 California Street,San Francisco,94115-2513,(415) 749-3505,No Data,37.788174,-122.43918,0.0,5.0,K-5,GSserved,elementary,False,False,False,False,N,False,Elementary School (Public),True,public,Active,Henry Wong,07/24/2025,cobb-william-l-elementary-san-francisco
38684786112601,063441003982,Creative Arts Charter,San Francisco Unified,San Francisco,38,1601 Turk Street,San Francisco,94115-4527,(415) 749-3509,www.creativeartscharter.org,37.78003,-122.43543,0.0,8.0,K-8,GSserved,k8,True,False,False,False,N,False,Elementary School (Public),True,public,Active,Fernando Aguilar,02/09/2023,creative-arts-charter-san-francisco
38684786059869,063441005628,Denman (James) Middle,San Francisco Unified,San Francisco,38,241 Oneida Avenue,San Francisco,94112-3228,(415) 469-4535,No Data,37.721993,-122.44331,6.0,8.0,6-8,GSserved,middle,False,False,True,False,N,False,Intermediate/Middle School (Public),True,public,Active,Jenny Ujiie,09/17/2024,denman-james-middle-san-francisco
38684786104673,063441008191,Drew (Charles) College Preparatory Academy,San Francisco Unified,San Francisco,38,50 Pomona Avenue,San Francisco,94124-2344,(415) 330-1526,No Data,37.731779,-122.39355,0.0,5.0,K-5,GSserved,elementary,False,False,False,False,N,False,Elementary School (Public),True,public,Active,Nachelle Thomas,08/17/2026,drew-charles-college-preparatory-academy-san-francisco
38684786040950,063441005605,El Dorado Elementary,San Francisco Unified,San Francisco,38,70 Delta Street,San Francisco,94134-2145,(415) 330-1537,No Data,37.719265,-122.40673,0.0,5.0,K-5,GSserved,elementary,False,False,False,False,N,False,Elementary School (Public),True,public,Active,Danielle Cordova-Camou,09/17/2024,el-dorado-elementary-san-francisco
38684786062038,063441007842,Everett Middle,San Francisco Unified,San Francisco,38,450 Church Street,San Francisco,94114-1721,(415) 241-6344,No Data,37.763667,-122.42858,6.0,8.0,6-8,GSserved,middle,False,False,True,False,N,False,Intermediate/Middle School (Public),True,public,Active,Crisoforo Garza,07/24/2025,everett-middle-san-francisco
38684780111427,063441011772,Feinstein (Dianne) Elementary,San Francisco Unified,San Francisco,38,2550 25th Avenue,San Francisco,94116-2901,(415) 615-8460,No Data,37.739964,-122.48185,0.0,5.0,K-5,GSserved,elementary,False,False,False,False,N,False,Elementary School (Public),True,public,Active,Christina Jung,09/17/2024,feinstein-dianne-elementary-san-francisco
38684786041347,063441005640,Flynn (Leonard R.) Elementary,San Francisco Unified,San Francisco,38,3125 Cesar Chavez Street,San Francisco,94110-4722,(415) 695-5770,No Data,37.74819,-122.41203,0.0,5.0,K-5,GSserved,elementary,False,False,True,False,N,False,Elementary School (Public),True,public,Active,Miguel Angel Espinoza,08/17/2026,flynn-leonard-r-elementary-san-francisco
38684786059844,063441005610,Francisco Middle,San Francisco Unified,San Francisco,38,2190 Powell Street,San Francisco,94133-1949,(415) 291-7900,No Data,37.804816,-122.41168,6.0,8.0,6-8,GSserved,middle,False,False,True,False,N,False,Intermediate/Middle School (Public),True,public,Active,Billy Tang,08/17/2026,francisco-middle-san-francisco
38684786041040,063441005613,Garfield Elementary,San Francisco Unified,San Francisco,38,420 Filbert Street,San Francisco,94133-3002,(415) 291-7924,No Data,37.8018,-122.40673,0.0,5.0,K-5,GSserved,elementary,False,False,True,False,N,False,Elementary School (Public),True,public,Active,Karen Maruoka,08/24/2022,garfield-elementary-san-francisco
38684780123265,063441012800,Gateway Middle,San Francisco Unified,San Francisco,38,1512 Golden Gate Avenue,San Francisco,94115-4515,(415) 922-1001,www.gatewaymiddle.org,37.779439,-122.436,6.0,8.0,6-8,GSserved,middle,True,False,False,False,N,False,Intermediate/Middle School (Public),True,public,Active,Jai David,02/09/2023,gateway-middle-san-francisco
38684786059828,063441005580,Giannini (A.P.) Middle,San Francisco Unified,San Francisco,38,3151 Ortega Street,San Francisco,94122-4051,(415) 759-2770,No Data,37.751425,-122.49702,6.0,8.0,6-8,GSserved,middle,False,False,True,False,N,False,Intermediate/Middle School (Public),True,public,Active,Tai-Sun Schoeman,08/08/2024,giannini-a-p-middle-san-francisco
38684786041073,063441005618,Glen Park Elementary,San Francisco Unified,San Francisco,38,151 Lippard Avenue,San Francisco,94131-3249,(415) 469-4713,No Data,37.733107,-122.43608,0.0,5.0,K-5,GSserved,elementary,False,False,True,False,N,False,Elementary School (Public),True,public,Active,John D'Antonio,07/24/2025,glen-park-elementary-san-francisco
38684786041115,063441005620,Grattan Elementary,San Francisco Unified,San Francisco,38,165 Grattan Street,San Francisco,94117-4208,(415) 759-2815,No Data,37.763858,-122.45052,0.0,5.0,K-5,GSserved,elementary,False,False,False,False,N,False,Elementary School (Public),True,public,Active,Catherine Walter,02/09/2023,grattan-elementary-san-francisco
38684786041123,063441005621,Guadalupe Elementary,San Francisco Unified,San Francisco,38,859 Prague Street,San Francisco,94112-4516,(415) 469-4718,No Data,37.710438,-122.43441,0.0,5.0,K-5,GSserved,elementary,False,False,True,False,N,False,Elementary School (Public),True,public,Active,Raj Narayan Sharma,09/17/2024,guadalupe-elementary-san-francisco
38684786040760,063441005591,Harte (Bret) Elementary,San Francisco Unified,San Francisco,38,1035 Gilman Avenue,San Francisco,94124-3710,(415) 330-1520,No Data,37.71861,-122.38889,0.0,5.0,K-5,GSserved,elementary,False,False,True,False,N,False,Elementary School (Public),True,public,Active,Jeremy Hilinski,02/13/2019,harte-bret-elementary-san-francisco
38684786041156,063441005625,Hillcrest Elementary,San Francisco Unified,San Francisco,38,810 Silver Avenue,San Francisco,94134-1012,(415) 469-4722,No Data,37.729026,-122.41924,0.0,5.0,K-5,GSserved,elementary,False,False,True,False,N,False,Elementary School (Public),True,public,Active,Patricia Theel,09/17/2024,hillcrest-elementary-san-francisco
38684786059851,063441005624,Hoover (Herbert) Middle,San Francisco Unified,San Francisco,38,2290 14th Avenue,San Francisco,94116-1841,(415) 759-2783,No Data,37.74535,-122.47031,6.0,8.0,6-8,GSserved,middle,False,False,True,False,N,False,Intermediate/Middle School (Public),True,public,Active,Adrienne Smith,09/17/2024,hoover-herbert-middle-san-francisco
38684786040984,063441005607,Huerta (Dolores) Elementary,San Francisco Unified,San Francisco,38,65 Chenery Street,San Francisco,94131-2706,(415) 695-5669,No Data,37.740659,-122.42559,0.0,5.0,K-5,GSserved,elementary,False,False,True,False,N,False,Elementary School (Public),True,public,Active,Edward Garnica,09/17/2024,huerta-dolores-elementary-san-francisco
38684786041230,063441005631,Jefferson Elementary,San Francisco Unified,San Francisco,38,1725 Irving Street,San Francisco,94122-1893,(415) 759-2821,No Data,37.763555,-122.47635,0.0,5.0,K-5,GSserved,elementary,False,False,False,False,N,False,Elementary School (Public),True,public,Active,Craig Berger,02/09/2023,jefferson-elementary-san-francisco
38684780101337,063441011256,KIPP Bayview Academy,San Francisco Unified,San Francisco,38,1060 Key Avenue,San Francisco,94124-3563,(415) 467-2522,http://sfbay.kippnorcal.org/,37.71952,-122.39637,5.0,8.0,5-8,GSserved,middle,True,False,False,True,N,False,Intermediate/Middle School (Public),True,public,Active,Karsen Matos,02/09/2023,kipp-bayview-academy-san-francisco
38684780137307,063441014322,KIPP Bayview Elementary,San Francisco Unified,San Francisco,38,948 Hollister Avenue,San Francisco,94124-3710,(415) 404-2602,http://bayviewelementary.kippnorcal.org/,37.718359,-122.38949,0.0,4.0,K-4,GSserved,elementary,True,False,False,True,N,False,Elementary School (Public),True,public,Active,Jess Wood,07/01/2026,kipp-bayview-elementary-san-francisco
38684780101352,063441011255,KIPP San Francisco Bay Academy,San Francisco Unified,San Francisco,38,"1430 Scott Street, Third Floor",San Francisco,94115-3510,(415) 440-4306,https://sfbay.kippnorcal.org/,37.783165,-122.43759,5.0,8.0,5-8,GSserved,middle,True,False,False,True,N,False,Intermediate/Middle School (Public),True,public,Active,Frank Wu,09/10/2025,kipp-san-francisco-bay-academy-san-francisco
38684786041008,063441005609,Key (Francis Scott) Elementary,San Francisco Unified,San Francisco,38,1530 43rd Avenue,San Francisco,94122-2925,(415) 759-2811,No Data,37.758154,-122.50249,0.0,5.0,K-5,GSserved,elementary,False,False,False,False,N,False,Elementary School (Public),True,public,Active,Cynthia Lam,09/17/2024,key-francis-scott-elementary-san-francisco
38684786041602,063441005671,King (Thomas Starr) Elementary,San Francisco Unified,San Francisco,38,1215 Carolina Street,San Francisco,94107-3322,(415) 695-5797,No Data,37.752765,-122.39935,0.0,5.0,K-5,GSserved,elementary,False,False,True,False,N,False,Elementary School (Public),True,public,Active,Samatra Downing,08/01/2025,king-thomas-starr-elementary-san-francisco
38684786059885,063441005655,King Jr. (Martin Luther) Academic Middle,San Francisco Unified,San Francisco,38,350 Girard Street,San Francisco,94134-1469,(415) 330-1500,No Data,37.727948,-122.40491,6.0,8.0,6-8,GSserved,middle,False,False,True,False,N,False,Intermediate/Middle School (Public),True,public,Active,Tamar Sberlo,08/17/2026,king-jr-martin-luther-academic-middle-san-francisco
38684786041305,063441005637,Lafayette Elementary,San Francisco Unified,San Francisco,38,4545 Anza Street,San Francisco,94121-2621,(415) 750-8483,No Data,37.777608,-122.49688,0.0,5.0,K-5,GSserved,elementary,False,False,False,False,N,False,Elementary School (Public),True,public,Active,JD Ellingson,08/17/2026,lafayette-elementary-san-francisco
38684786041321,063441005638,Lakeshore Alternative Elementary,San Francisco Unified,San Francisco,38,220 Middlefield Drive,San Francisco,94132-1418,(415) 759-2825,No Data,37.730603,-122.48615,0.0,5.0,K-5,GSserved,elementary,False,False,False,False,N,False,Elementary School (Public),True,public,Active,Matthew Hartford,09/17/2024,lakeshore-alternative-elementary-san-francisco
38684786040877,063441005599,Lau (Gordon J.) Elementary,San Francisco Unified,San Francisco,38,950 Clay Street,San Francisco,94108-1521,(415) 291-7921,No Data,37.793981,-122.40868,0.0,5.0,K-5,GSserved,elementary,False,False,True,False,N,False,Elementary School (Public),True,public,Active,Lisa Kwong,08/17/2026,lau-gordon-j-elementary-san-francisco
38684786041339,063441005639,Lawton Alternative,San Francisco Unified,San Francisco,38,1570 31st Avenue,San Francisco,94122-3104,(415) 759-2832,No Data,37.757952,-122.48958,0.0,8.0,K-8,GSserved,k8,False,False,False,False,N,False,Elementary School (Public),True,public,Active,Armen Sedrakian,02/09/2023,lawton-alternative-san-francisco
38684786089569,063441005596,Lee (Edwin and Anita) Newcomer,San Francisco Unified,San Francisco,38,657 Merchant Street,San Francisco,94111-2505,(415) 291-7918,No Data,37.794905,-122.40414,2.0,4.0,2-4,GSserved,elementary,False,False,False,False,N,False,Elementary School (Public),True,public,Active,Lisa Kwong,09/17/2024,lee-edwin-and-anita-newcomer-san-francisco
38684786062053,063441005629,Lick (James) Middle,San Francisco Unified,San Francisco,38,1220 Noe Street,San Francisco,94114-3714,(415) 695-5675,No Data,37.749543,-122.43175,6.0,8.0,6-8,GSserved,middle,False,False,True,False,N,False,Intermediate/Middle School (Public),True,public,Active,Norma Hernandez,07/24/2025,lick-james-middle-san-francisco
38684786102479,063441007841,Lilienthal (Claire) Elementary,San Francisco Unified,San Francisco,38,3630 Divisadero Street,San Francisco,94123-1411,(415) 749-3516,No Data,37.803192,-122.4435,0.0,8.0,K-8,GSserved,k8,False,False,True,False,N,False,Elementary School (Public),True,public,Active,Molly Pope,09/17/2024,lilienthal-claire-elementary-san-francisco
38684786041362,063441005641,Longfellow Elementary,San Francisco Unified,San Francisco,38,755 Morse Street,San Francisco,94112-4223,(415) 469-4730,No Data,37.71046,-122.44769,0.0,5.0,K-5,GSserved,elementary,False,False,True,False,N,False,Elementary School (Public),True,public,Active,Heidi Dobrott,07/24/2025,longfellow-elementary-san-francisco
38684780117572,063441013281,Mahler (Theresa S.) Children Center,San Francisco Unified,San Francisco,38,990 Church Street,San Francisco,94114-3044,(415) 695-5871,No Data,37.755547,-122.428,0.0,0.0,K,GSserved,elementary,False,False,False,False,N,False,Preschool,False,public,Active,Nicole Scott,07/24/2025,mahler-theresa-s-children-center-san-francisco
38684786041586,063441005669,Malcolm X Academy,San Francisco Unified,San Francisco,38,350 Harbor Road,San Francisco,94124-2474,(415) 695-5950,No Data,37.733734,-122.38061,0.0,5.0,K-5,GSserved,elementary,False,False,False,False,N,False,Elementary School (Public),True,public,Active,Matthew Fitzsimmons,02/09/2023,malcolm-x-academy-san-francisco
38684786062061,063441005645,Marina Middle,San Francisco Unified,San Francisco,38,3500 Fillmore Street,San Francisco,94123-2103,(415) 749-3495,No Data,37.801671,-122.43636,6.0,8.0,6-8,GSserved,middle,False,False,True,False,N,False,Intermediate/Middle School (Public),True,public,Active,Luisa Horde,08/17/2026,marina-middle-san-francisco
38684786041412,063441005646,Marshall Elementary,San Francisco Unified,San Francisco,38,1575 15th Street,San Francisco,94103-3639,(415) 241-6280,No Data,37.766679,-122.41909,0.0,5.0,K-5,GSserved,elementary,False,False,True,False,N,False,Elementary School (Public),True,public,Active,Noah Ingber,09/17/2024,marshall-elementary-san-francisco
38684786041016,063441005611,McCoppin (Frank) Elementary,San Francisco Unified,San Francisco,38,651 Sixth Avenue,San Francisco,94118-3804,(415) 750-8475,No Data,37.776283,-122.46401,0.0,5.0,K-5,GSserved,elementary,False,False,False,False,N,False,Elementary School (Public),True,public,Active,Bennett Lee,02/09/2023,mccoppin-frank-elementary-san-francisco
38684786041420,063441005647,McKinley Elementary,San Francisco Unified,San Francisco,38,1025 14th Street,San Francisco,94114-1221,(415) 241-6300,No Data,37.767229,-122.43659,0.0,5.0,K-5,GSserved,elementary,False,False,False,False,N,False,Elementary School (Public),True,public,Active,John Collins,02/09/2023,mckinley-elementary-san-francisco
38684786040919,063441005601,Milk (Harvey) Civil Rights Elementary,San Francisco Unified,San Francisco,38,4235 19th Street,San Francisco,94114-2415,(415) 241-6276,No Data,37.759148,-122.43634,0.0,5.0,K-5,GSserved,elementary,False,False,False,False,N,False,Elementary School (Public),True,public,Active,Mark Sanchez,07/24/2025,milk-harvey-civil-rights-elementary-san-francisco
38684786041438,063441005648,Miraloma Elementary,San Francisco Unified,San Francisco,38,175 Omar Way,San Francisco,94127-1701,(415) 469-4734,No Data,37.739309,-122.45021,0.0,5.0,K-5,GSserved,elementary,False,False,False,False,N,False,Elementary School (Public),True,public,Active,Rochelle Gumpert,09/17/2024,miraloma-elementary-san-francisco
38684780165480,063441014811,Mission Bay Elementary,San Francisco Unified,San Francisco,38,1415 Owens Street,San Francisco,94158-2587,(415) 241-6000,www.sfusd.edu,37.769858,-122.39522,-2.0,5.0,No Data,GSoffered,elementary,False,False,False,False,C,False,Elementary School (Public),True,public,Active,Monette Benitez,08/10/2026,mission-bay-elementary-san-francisco
38684786089585,063441005649,Mission Education Center,San Francisco Unified,San Francisco,38,1670 Noe Street,San Francisco,94131-2357,(415) 695-5313,No Data,37.742282,-122.43106,1.0,5.0,1-5,GSserved,elementary,False,False,False,False,N,False,Elementary School (Public),True,public,Active,Carine Wynant,08/17/2026,mission-education-center-san-francisco
38684780123505,063441012768,Mission Preparatory,San Francisco Unified,San Francisco,38,1050 York Street,San Francisco,94110-3420,(415) 508-9626,www.missionpreparatory.org,37.755441,-122.40857,0.0,8.0,K-8,GSserved,k8,True,False,False,False,N,False,Elementary School (Public),True,public,Active,Cynthia Jerez-Martinez,08/08/2024,mission-preparatory-san-francisco
38684786041446,063441005651,Monroe Elementary,San Francisco Unified,San Francisco,38,260 Madrid Street,San Francisco,94112-2055,(415) 469-4736,No Data,37.725224,-122.43012,0.0,5.0,K-5,GSserved,elementary,False,False,True,False,N,False,Elementary School (Public),True,public,Active,Telmo Vasquez,09/17/2024,monroe-elementary-san-francisco
38684786099154,063441005615,Moscone (George R.) Elementary,San Francisco Unified,San Francisco,38,2576 Harrison Street,San Francisco,94110-2720,(415) 695-5736,No Data,37.756242,-122.4123,0.0,5.0,K-5,GSserved,elementary,False,False,True,False,N,False,Elementary School (Public),True,public,Active,Sarah Twiest,09/17/2024,moscone-george-r-elementary-san-francisco
38684786041255,063441005633,Muir (John) Elementary,San Francisco Unified,San Francisco,38,380 Webster Street,San Francisco,94117-3512,(415) 241-6335,No Data,37.773688,-122.42909,0.0,5.0,K-5,GSserved,elementary,False,False,True,False,N,False,Elementary School (Public),True,public,Active,Donald Frazier,09/17/2024,muir-john-elementary-san-francisco
38684786097919,063441005652,New Traditions Elementary,San Francisco Unified,San Francisco,38,2049 Grove Street,San Francisco,94117-1123,(415) 750-8490,No Data,37.77431,-122.45032,0.0,5.0,K-5,GSserved,elementary,False,False,False,False,N,False,Elementary School (Public),True,public,Active,Myra Quadros,02/09/2023,new-traditions-elementary-san-francisco
38684786041271,063441005635,Ortega (Jose) Elementary,San Francisco Unified,San Francisco,38,400 Sargent Street,San Francisco,94132-3152,(415) 469-4726,No Data,37.716168,-122.46625,0.0,5.0,K-5,GSserved,elementary,False,False,True,False,N,False,Elementary School (Public),True,public,Active,Paula Antram,09/17/2024,ortega-jose-elementary-san-francisco
38684786041206,063441005630,Parker (Jean) Elementary,San Francisco Unified,San Francisco,38,840 Broadway Street,San Francisco,94133-4219,(415) 291-7990,No Data,37.797323,-122.4111,0.0,5.0,K-5,GSserved,elementary,False,False,False,False,N,False,Elementary School (Public),True,public,Active,Sara Saldana,08/08/2024,parker-jean-elementary-san-francisco
38684786041503,063441005658,Parks (Rosa) Elementary,San Francisco Unified,San Francisco,38,1501 O'Farrell Street,San Francisco,94115-3762,(415) 749-3519,No Data,37.783681,-122.42945,0.0,5.0,K-5,GSserved,elementary,False,False,False,False,N,False,Elementary School (Public),True,public,Active,Laura Schmidt-Nojima,09/17/2024,parks-rosa-elementary-san-francisco
38684786041065,063441005614,Peabody (George) Elementary,San Francisco Unified,San Francisco,38,251 Sixth Avenue,San Francisco,94118-2311,(415) 750-8480,No Data,37.783947,-122.46456,0.0,5.0,K-5,GSserved,elementary,False,False,False,False,N,False,Elementary School (Public),True,public,Active,Willem Vroegh,08/17/2026,peabody-george-elementary-san-francisco
38684786062079,063441005657,Presidio Middle,San Francisco Unified,San Francisco,38,450 30th Avenue,San Francisco,94121-1766,(415) 750-8435,No Data,37.780831,-122.4901,6.0,8.0,6-8,GSserved,middle,False,False,True,False,N,False,Intermediate/Middle School (Public),True,public,Active,Kevin Chui,09/17/2024,presidio-middle-san-francisco
38684786041511,063441005659,Redding Elementary,San Francisco Unified,San Francisco,38,1421 Pine Street,San Francisco,94109-4719,(415) 749-3525,No Data,37.789726,-122.41921,0.0,5.0,K-5,GSserved,elementary,False,False,False,False,N,False,Elementary School (Public),True,public,Active,Anna Wayne,08/17/2026,redding-elementary-san-francisco
38684786041487,063441005654,Revere (Paul) Elementary,San Francisco Unified,San Francisco,38,555 Tompkins Avenue,San Francisco,94110-6144,(415) 695-5656,No Data,37.737142,-122.41317,0.0,8.0,K-8,GSserved,k8,False,False,True,False,N,False,Elementary School (Public),True,public,Active,Angel Vargas Rico,05/27/2026,revere-paul-elementary-san-francisco
38684786089775,063441005661,Rooftop Elementary,San Francisco Unified,San Francisco,38,443 Burnett Avenue,San Francisco,94131-1330,(415) 695-5692,No Data,37.754418,-122.44388,0.0,8.0,K-8,GSserved,k8,False,False,False,False,N,False,Elementary School (Public),True,public,Active,Darren Kawaii,02/09/2023,rooftop-elementary-san-francisco
38684786059901,063441005662,Roosevelt Middle,San Francisco Unified,San Francisco,38,460 Arguello Boulevard,San Francisco,94118-2505,(415) 750-8446,No Data,37.782249,-122.45895,6.0,8.0,6-8,GSserved,middle,False,False,True,False,N,False,Intermediate/Middle School (Public),True,public,Active,Emily Leicham,12/07/2021,roosevelt-middle-san-francisco
38684786093488,063441005663,San Francisco Community Alternative,San Francisco Unified,San Francisco,38,125 Excelsior Avenue,San Francisco,94112-2041,(415) 469-4739,No Data,37.725815,-122.43262,0.0,8.0,K-8,GSserved,k8,False,False,False,False,N,False,Elementary School (Public),True,public,Active,Lisa Gonzalez,08/19/2025,san-francisco-community-alternative-san-francisco
38684780123117,063441012788,San Francisco Public Montessori,San Francisco Unified,San Francisco,38,2340 Jackson Street,San Francisco,94115-1323,(415) 749-3544,www.sfpublicmontessori.com,37.792616,-122.43354,0.0,5.0,K-5,GSserved,elementary,False,False,False,False,N,False,Elementary School (Public),True,public,Active,Amy Gottesfeld,08/17/2026,san-francisco-public-montessori-san-francisco
38684786041545,063441005664,Sanchez Elementary,San Francisco Unified,San Francisco,38,325 Sanchez Street,San Francisco,94114-1615,(415) 241-6380,No Data,37.763967,-122.43076,0.0,5.0,K-5,GSserved,elementary,False,False,True,False,N,False,Elementary School (Public),True,public,Active,Ann Marin,02/13/2019,sanchez-elementary-san-francisco
38684786041289,063441005636,Serra (Junipero) Elementary,San Francisco Unified,San Francisco,38,625 Holly Park Circle,San Francisco,94110-5815,(415) 695-5685,No Data,37.736733,-122.42113,0.0,5.0,K-5,GSserved,elementary,False,False,True,False,N,False,Elementary School (Public),True,public,Active,Katerina Palomares,12/07/2021,serra-junipero-elementary-san-francisco
38684786041560,063441005667,Sheridan Elementary,San Francisco Unified,San Francisco,38,431 Capitol Avenue,San Francisco,94112-2934,(415) 469-4743,No Data,37.714331,-122.45913,0.0,5.0,K-5,GSserved,elementary,False,False,False,False,N,False,Elementary School (Public),True,public,Active,Dina Edwards,02/09/2023,sheridan-elementary-san-francisco
38684786041578,063441005668,Sherman Elementary,San Francisco Unified,San Francisco,38,1651 Union Street,San Francisco,94123-4506,(415) 749-3530,No Data,37.798273,-122.4262,0.0,5.0,K-5,GSserved,elementary,False,False,False,False,N,False,Elementary School (Public),True,public,Active,Helen Parker,02/09/2023,sherman-elementary-san-francisco
38684786040851,063441005598,Sloat (Commodore) Elementary,San Francisco Unified,San Francisco,38,50 Darien Way,San Francisco,94127-1902,(415) 759-2807,No Data,37.731881,-122.47096,0.0,5.0,K-5,GSserved,elementary,False,False,False,False,N,False,Elementary School (Public),True,public,Active,Chitra Bhardwaj,08/17/2026,sloat-commodore-elementary-san-francisco
38684786041594,063441005670,Spring Valley Elementary,San Francisco Unified,San Francisco,38,1451 Jackson Street,San Francisco,94109-3115,(415) 749-3535,No Data,37.794403,-122.41899,0.0,5.0,K-5,GSserved,elementary,False,False,True,False,N,False,Elementary School (Public),True,public,Active,Jessica Arnott,08/24/2022,spring-valley-elementary-san-francisco
38684786041529,063441005660,Stevenson (Robert Louis) Elementary,San Francisco Unified,San Francisco,38,2051 34th Avenue,San Francisco,94116-1109,(415) 759-2837,No Data,37.748857,-122.4923,0.0,5.0,K-5,GSserved,elementary,False,False,False,False,N,False,Elementary School (Public),True,public,Active,Diane Lau-Yee,02/09/2023,stevenson-robert-louis-elementary-san-francisco
38684786041610,063441005672,Sunnyside Elementary,San Francisco Unified,San Francisco,38,250 Foerster Street,San Francisco,94112-1341,(415) 469-4746,https://www.sunnysidesf.org/,37.730307,-122.44879,0.0,5.0,K-5,GSserved,elementary,False,False,False,False,N,False,Elementary School (Public),True,public,Active,Sandie Spoering,09/17/2024,sunnyside-elementary-san-francisco
38684786113997,063441006556,Sunset Elementary,San Francisco Unified,San Francisco,38,1920 41st Avenue,San Francisco,94116-1101,(415) 759-2760,No Data,37.750743,-122.49979,0.0,5.0,K-5,GSserved,elementary,False,False,False,False,N,False,Elementary School (Public),True,public,Active,Michael Cress,07/24/2025,sunset-elementary-san-francisco
38684786041644,063441005674,Sutro Elementary,San Francisco Unified,San Francisco,38,235 12th Avenue,San Francisco,94118-2103,(415) 750-8525,No Data,37.783932,-122.47102,0.0,5.0,K-5,GSserved,elementary,False,False,True,False,N,False,Elementary School (Public),True,public,Active,Beth Bonfiglio,05/23/2025,sutro-elementary-san-francisco
38684786040943,063441005604,Taylor (Edward R.) Elementary,San Francisco Unified,San Francisco,38,423 Burrows Street,San Francisco,94134-1449,(415) 330-1530,No Data,37.728,-122.40733,0.0,5.0,K-5,GSserved,elementary,False,False,True,False,N,False,Elementary School (Public),True,public,Active,David Norris,04/30/2021,taylor-edward-r-elementary-san-francisco
38684786115901,063441007732,Tenderloin Community,San Francisco Unified,San Francisco,38,627 Turk Street,San Francisco,94102-3212,(415) 749-3567,No Data,37.782061,-122.41979,0.0,5.0,K-5,GSserved,elementary,False,False,False,False,N,False,Elementary School (Public),True,public,Active,Mai-Tien Nguyen,07/24/2025,tenderloin-community-san-francisco
38684786040935,063441010388,Thomas Edison Charter Academy,San Francisco Unified,San Francisco,38,3531 22nd Street,San Francisco,94114-3405,(415) 970-3330,www.teca-sf.org,37.754937,-122.4262,0.0,8.0,K-8,GSserved,k8,True,False,True,False,N,False,Elementary School (Public),True,public,Active,Anakarita Allen,06/21/2023,thomas-edison-charter-academy-san-francisco
38684786041685,063441005676,Ulloa Elementary,San Francisco Unified,San Francisco,38,2650 42nd Avenue,San Francisco,94116-2714,(415) 759-2841,No Data,37.737302,-122.49995,0.0,5.0,K-5,GSserved,elementary,False,False,True,False,N,False,Elementary School (Public),True,public,Active,"Meiquin ""Melissa"" Jew",08/17/2026,ulloa-elementary-san-francisco
38684786041701,063441005677,Visitacion Valley Elementary,San Francisco Unified,San Francisco,38,55 Schwerin Street,San Francisco,94134-2742,(415) 469-4796,No Data,37.71268,-122.41036,0.0,5.0,K-5,GSserved,elementary,False,False,False,False,N,False,Elementary School (Public),True,public,Active,Sara Seaton,08/17/2026,visitacion-valley-elementary-san-francisco
38684786059919,063441005678,Visitacion Valley Middle,San Francisco Unified,San Francisco,38,1971 Visitacion Avenue,San Francisco,94134-2700,(415) 469-4590,No Data,37.715632,-122.41241,6.0,8.0,6-8,GSserved,middle,False,False,True,False,N,False,Intermediate/Middle School (Public),True,public,Active,Maya Baker,09/17/2024,visitacion-valley-middle-san-francisco
38684786040893,063441005600,Webster (Daniel) Elementary,San Francisco Unified,San Francisco,38,465 Missouri Street,San Francisco,94107-2826,(415) 695-5787,No Data,37.760489,-122.39623,0.0,5.0,K-5,GSserved,elementary,False,False,True,False,N,False,Elementary School (Public),True,public,Active,Anita Parameswaran,09/17/2024,webster-daniel-elementary-san-francisco
38684780117515,063441013244,Weill (Raphael) Children Center,San Francisco Unified,San Francisco,38,1501 O'Farrell Street,San Francisco,94115-3762,(415) 749-3548,No Data,37.783512,-122.43013,0.0,0.0,K,GSserved,elementary,False,False,False,False,N,False,Preschool,False,public,Active,Laura Schmidt-Nojima,07/24/2025,weill-raphael-children-center-san-francisco
38684786041727,063441005679,West Portal Elementary,San Francisco Unified,San Francisco,38,5 Lenox Way,San Francisco,94127-1111,(415) 759-2846,No Data,37.743572,-122.46468,0.0,5.0,K-5,GSserved,elementary,False,False,True,False,N,False,Elementary School (Public),True,public,Active,Pamela Grotts Aguilar,07/24/2025,west-portal-elementary-san-francisco
38684786041131,063441008967,Yick Wo Elementary,San Francisco Unified,San Francisco,38,2245 Jones Street,San Francisco,94133-2207,(415) 749-3540,No Data,37.801906,-122.4163,0.0,5.0,K-5,GSserved,elementary,False,False,False,False,N,False,Elementary School (Public),True,public,Active,Alfred Sanchez,09/17/2024,yick-wo-elementary-san-francisco
38684786113245,063441005360,Yu (Alice Fong) Elementary,San Francisco Unified,San Francisco,38,1541 12th Avenue,San Francisco,94122-3503,(415) 759-2764,No Data,37.759405,-122.46931,0.0,8.0,K-8,GSserved,k8,False,False,True,False,N,False,Elementary School (Public),True,public,Active,Kevin Chan,09/02/2025,yu-alice-fong-elementary-san-francisco
41688586043392,060420000379,Bayshore,Bayshore Elementary,San Mateo,41,155 Oriente Street,Daly City,94014-1530,(415) 467-5443,www.thebayshoreschool.org,37.705371,-122.41424,0.0,8.0,K-8,GSserved,k8,False,False,False,False,N,False,Elementary School in 1 School District (Public),True,public,Active,Brandy McDill-Zamarripa,11/03/2023,bayshore-daly-city
41688666043434,060453000414,Central Elementary,Belmont-Redwood Shores Elementary,San Mateo,41,525 Middle Road,Belmont,94002-2130,(650) 637-4820,No Data,37.52367,-122.28264,0.0,5.0,K-5,GSserved,elementary,False,False,False,False,N,False,Elementary School (Public),True,public,Active,Cathreene Ingham-Watters,03/19/2026,central-elementary-belmont
41688666043442,060453004019,Cipriani Elementary,Belmont-Redwood Shores Elementary,San Mateo,41,2525 Buena Vista,Belmont,94002-1454,(650) 637-4840,No Data,37.516717,-122.30673,0.0,5.0,K-5,GSserved,elementary,False,False,False,False,N,False,Elementary School (Public),True,public,Active,Sheila Walters,10/24/2024,cipriani-elementary-belmont
41688666043459,060453000416,Fox Elementary,Belmont-Redwood Shores Elementary,San Mateo,41,3100 Saint James Road,Belmont,94002-2956,(650) 637-4850,No Data,37.508678,-122.32239,0.0,5.0,K-5,GSserved,elementary,False,False,False,False,N,False,Elementary School (Public),True,public,Active,Taliah Carter,03/19/2026,fox-elementary-belmont
41688666043475,060453000418,Nesbit Elementary,Belmont-Redwood Shores Elementary,San Mateo,41,500 Biddulph Way,Belmont,94002-2711,(650) 637-4860,No Data,37.525509,-122.27473,0.0,8.0,K-8,GSserved,k8,False,False,False,False,N,False,Elementary School (Public),True,public,Active,Ryan Hansen-Vera,02/09/2023,nesbit-elementary-belmont
41688666043483,060453000419,Ralston Intermediate,Belmont-Redwood Shores Elementary,San Mateo,41,2675 Ralston Avenue,Belmont,94002-1216,(650) 637-4880,No Data,37.512512,-122.31178,6.0,8.0,6-8,GSserved,middle,False,False,False,False,N,False,Intermediate/Middle School (Public),True,public,Active,Sabrina Adler,02/09/2023,ralston-intermediate-belmont
41688660121111,060453012574,Redwood Shores Elementary,Belmont-Redwood Shores Elementary,San Mateo,41,225 Shearwater Parkway,Redwood City,94065-7449,(650) 802-8060,www.brssd.org,37.537606,-122.23524,0.0,5.0,K-5,GSserved,elementary,False,False,False,False,N,False,Elementary School (Public),True,public,Active,Kiara Herrera,10/24/2024,redwood-shores-elementary-redwood-city
41688666114771,060453007417,Sandpiper Elementary,Belmont-Redwood Shores Elementary,San Mateo,41,801 Redwood Shores Parkway,Redwood City,94065-2279,(650) 631-5510,No Data,37.537788,-122.23485,0.0,8.0,K-8,GSserved,k8,False,False,False,False,N,False,Elementary School (Public),True,public,Active,Gloria Higgins,02/09/2023,sandpiper-elementary-redwood-city
41688746043491,060606000541,Brisbane Elementary,Brisbane Elementary,San Mateo,41,500 San Bruno Avenue,Brisbane,94005-1671,(415) 467-0120,www.brisbanesd.org,37.680792,-122.39893,0.0,5.0,K-5,GSserved,elementary,False,False,False,False,N,False,Elementary School (Public),True,public,Active,Sean Higgins,07/08/2024,brisbane-elementary-brisbane
41688746043509,060606000542,Lipman Middle,Brisbane Elementary,San Mateo,41,1 Solano Street,Brisbane,94005-1342,(415) 467-9541,www.brisbanesd.org,37.686086,-122.40705,6.0,8.0,6-8,GSserved,middle,False,False,False,False,N,False,Intermediate/Middle School (Public),True,public,Active,Sara Shackel,08/19/2025,lipman-middle-brisbane
41688746043517,060606000543,Panorama Elementary,Brisbane Elementary,San Mateo,41,25 Bellevue Avenue,Daly City,94014-1423,(415) 586-6595,www.brisbanesd.org,37.706782,-122.43731,0.0,5.0,K-5,GSserved,elementary,False,False,False,False,N,False,Elementary School (Public),True,public,Active,Sarah Neidhart,09/06/2023,panorama-elementary-daly-city
41688820119818,060648012580,BSD Preschool,Burlingame Elementary,San Mateo,41,1151 Vancouver Ave,Burlingame,94010-4509,(650) 259-3890,No Data,37.579386,-122.36908,0.0,1.0,K-1,GSserved,elementary,False,False,False,False,N,False,Preschool,False,public,Active,Matt Pavao,12/15/2021,bsd-preschool-burlingame
41688826043525,060648000581,Burlingame Intermediate,Burlingame Elementary,San Mateo,41,1715 Quesada Way,Burlingame,94010-5701,(650) 259-3830,No Data,37.588688,-122.38574,6.0,8.0,6-8,GSserved,middle,False,False,True,False,N,False,Intermediate/Middle School (Public),True,public,Active,Greg Land,05/23/2025,burlingame-intermediate-burlingame
41688826043541,060648000582,Franklin Elementary,Burlingame Elementary,San Mateo,41,2385 Trousdale Drive,Burlingame,94010-5704,(650) 259-3850,No Data,37.588922,-122.38903,0.0,5.0,K-5,GSserved,elementary,False,False,False,False,N,False,Elementary School (Public),True,public,Active,Jude Lawrence,02/09/2023,franklin-elementary-burlingame
41688820133157,060648013999,Hoover Elementary,Burlingame Elementary,San Mateo,41,2220 Summit Drive,Burlingame,94010-6147,(650) 259-3900,www.burlingameschools.org,37.577066,-122.38118,0.0,5.0,K-5,GSserved,elementary,False,False,False,False,N,False,Elementary School (Public),True,public,Active,Lisa Booth,02/09/2023,hoover-elementary-burlingame
41688826043566,060648000583,Lincoln Elementary,Burlingame Elementary,San Mateo,41,1801 Devereux Drive,Burlingame,94010-4641,(650) 259-3860,No Data,37.5884,-122.37899,0.0,5.0,K-5,GSserved,elementary,False,False,False,False,N,False,Elementary School (Public),True,public,Active,Laura Afshar,02/09/2023,lincoln-elementary-burlingame
41688826043574,060648000584,McKinley Elementary,Burlingame Elementary,San Mateo,41,701 Paloma Avenue,Burlingame,94010-3728,(650) 259-3870,No Data,37.579757,-122.35623,0.0,5.0,K-5,GSserved,elementary,False,False,True,False,N,False,Elementary School (Public),True,public,Active,Joy Shmueli,07/29/2021,mckinley-elementary-burlingame
41688826043590,060648007418,Roosevelt Elementary,Burlingame Elementary,San Mateo,41,1151 Vancouver Avenue,Burlingame,94010-5674,(650) 259-3890,No Data,37.579825,-122.36926,0.0,5.0,K-5,GSserved,elementary,False,False,False,False,N,False,Elementary School (Public),True,public,Active,Matthew Pavao,02/09/2023,roosevelt-elementary-burlingame
41688826043608,060648000586,Washington Elementary,Burlingame Elementary,San Mateo,41,801 Howard Avenue,Burlingame,94010-3006,(650) 259-3880,No Data,37.580642,-122.34084,0.0,5.0,K-5,GSserved,elementary,False,False,False,False,N,False,Elementary School (Public),True,public,Active,Alyssa Jaramillo,11/07/2023,washington-elementary-burlingame
41688906043616,060678000596,Alvin S. Hatch Elementary,Cabrillo Unified,San Mateo,41,490 Miramontes Avenue,Half Moon Bay,94019-1824,(650) 712-7160,No Data,37.463266,-122.43645,0.0,5.0,K-5,GSserved,elementary,False,False,True,False,N,False,Elementary School (Public),True,public,Active,Jeffrey Clinton,09/15/2025,alvin-s-hatch-elementary-half-moon-bay
41688906043624,060678000597,El Granada Elementary,Cabrillo Unified,San Mateo,41,400 Santiago Street,Half Moon Bay,94019-5003,(650) 712-7150,No Data,37.49995,-122.46452,0.0,5.0,K-5,GSserved,elementary,False,False,False,False,N,False,Elementary School (Public),True,public,Active,Erin O'Connor-Brown,03/29/2023,el-granada-elementary-half-moon-bay
41688906043632,060678000598,Farallone View Elementary,Cabrillo Unified,San Mateo,41,250 LaConte and Kanoff,Montara,94037-9999,(650) 712-7170,No Data,37.543507,-122.50814,0.0,5.0,K-5,GSserved,elementary,False,False,False,False,N,False,Elementary School (Public),True,public,Active,Amy McVIcker,02/09/2023,farallone-view-elementary-montara
41688906043657,060678000600,Kings Mountain Elementary,Cabrillo Unified,San Mateo,41,211 Swett Road,Woodside,94062-4709,(650) 712-7180,No Data,37.420157,-122.32381,0.0,5.0,K-5,GSserved,elementary,False,False,False,False,N,False,Elementary School (Public),True,public,Active,David Jones,09/15/2025,kings-mountain-elementary-woodside
41688906043665,060678000601,Manuel F. Cunha Intermediate,Cabrillo Unified,San Mateo,41,600 Church Street,Half Moon Bay,94019-6102,(650) 712-7190,No Data,37.463433,-122.43171,6.0,8.0,6-8,GSserved,middle,False,False,True,False,N,False,Intermediate/Middle School (Public),True,public,Active,Victor Guzman,09/15/2025,manuel-f-cunha-intermediate-half-moon-bay
41689086043707,061719002172,Crocker Middle,Hillsborough City Elementary,San Mateo,41,2600 Ralston Avenue,Hillsborough,94010-6544,(650) 342-6331,No Data,37.566631,-122.36185,6.0,8.0,6-8,GSserved,middle,False,False,False,False,N,False,Intermediate/Middle School (Public),True,public,Active,Keith Rocha,02/09/2023,crocker-middle-hillsborough
41689086043673,061719009853,North Hillsborough,Hillsborough City Elementary,San Mateo,41,545 Eucalyptus Avenue,Hillsborough,94010-6400,(650) 347-4175,No Data,37.568761,-122.36115,0.0,5.0,K-5,GSserved,elementary,False,False,False,False,N,False,Elementary School (Public),True,public,Active,Heidi Beames,08/19/2025,north-hillsborough-hillsborough
41689086043681,061719002174,South Hillsborough,Hillsborough City Elementary,San Mateo,41,303 El Cerrito Avenue,Hillsborough,94010-6817,(650) 344-0303,No Data,37.56251,-122.33772,0.0,5.0,K-5,GSserved,elementary,False,False,False,False,N,False,Elementary School (Public),True,public,Active,Lina Butte,02/09/2023,south-hillsborough-hillsborough
41689086043699,061719002175,West Hillsborough,Hillsborough City Elementary,San Mateo,41,376 Barbara Way,Hillsborough,94010-6760,(650) 344-9870,No Data,37.549304,-122.36816,0.0,5.0,K-5,GSserved,elementary,False,False,False,False,N,False,Elementary School (Public),True,public,Active,Heather Mata,02/09/2023,west-hillsborough-hillsborough
41689166043723,061887002278,Benjamin Franklin Intermediate,Jefferson Elementary,San Mateo,41,700 Stewart Avenue,Colma,94015-3519,(650) 991-1202,No Data,37.6941,-122.4821,6.0,8.0,6-8,GSserved,middle,False,False,False,False,N,False,Intermediate/Middle School (Public),True,public,Active,Ben Turner,06/14/2023,benjamin-franklin-intermediate-colma
41689160112284,061887011787,California Virtual Academy San Mateo,Jefferson Elementary,San Mateo,41,50 Moreland Road,Simi Valley,93065-1800,(805) 581-0202,www.caliva.org,34.275868,-118.79798,0.0,12.0,K-12,GSserved,k12,True,False,False,False,F,True,K-12 School (Public),True,public,Active,April Warren,02/09/2023,california-virtual-academy-san-mateo-simi-valley
41689166043772,061887002282,Daniel Webster Elementary,Jefferson Elementary,San Mateo,41,425 El Dorado Drive,Daly City,94015-2126,(650) 991-1222,No Data,37.677933,-122.47812,0.0,5.0,K-5,GSserved,elementary,False,False,False,False,N,False,Elementary School (Public),True,public,Active,Rochelle Yuen-Pimental,06/14/2023,daniel-webster-elementary-daly-city
41689166043780,061887002283,Fernando Rivera Intermediate,Jefferson Elementary,San Mateo,41,1255 Southgate Avenue,Daly City,94015-3920,(650) 991-1225,No Data,37.67646,-122.48626,6.0,8.0,6-8,GSserved,middle,False,False,False,False,N,False,Intermediate/Middle School (Public),True,public,Active,Melissa Mizel,02/20/2024,fernando-rivera-intermediate-daly-city
41689166043798,061887002284,Franklin Delano Roosevelt Elementary,Jefferson Elementary,San Mateo,41,1200 Skyline Drive,Daly City,94015-4728,(650) 991-1230,No Data,37.663314,-122.48622,0.0,8.0,K-8,GSserved,k8,False,False,False,False,N,False,Elementary School (Public),True,public,Active,Aubrey Duffy,08/21/2024,franklin-delano-roosevelt-elementary-daly-city
41689166043806,061887002285,Garden Village Elementary,Jefferson Elementary,San Mateo,41,208 Garden Lane,Colma,94015-1628,(650) 991-1233,No Data,37.694333,-122.47693,0.0,5.0,K-5,GSserved,elementary,False,False,False,False,N,False,Elementary School (Public),True,public,Active,Nuala O'Sullivan,02/09/2023,garden-village-elementary-colma
41689166043822,061887002286,George Washington Elementary,Jefferson Elementary,San Mateo,41,251 Whittier Street,Daly City,94014-1337,(650) 991-1236,No Data,37.707236,-122.44664,0.0,5.0,K-5,GSserved,elementary,False,False,False,False,N,False,Elementary School (Public),True,public,Active,Lauren Buckley,02/20/2024,george-washington-elementary-daly-city
41689166043848,061887002287,John F. Kennedy Elementary,Jefferson Elementary,San Mateo,41,785 Price Street,Daly City,94014-2163,(650) 991-1239,No Data,37.694419,-122.45524,0.0,5.0,K-5,GSserved,elementary,False,False,False,False,N,False,Elementary School (Public),True,public,Active,Jessica Pace,07/29/2026,john-f-kennedy-elementary-daly-city
41689166043855,061887002288,Margaret Pauline Brown Elementary,Jefferson Elementary,San Mateo,41,305 Eastmoor Avenue,Daly City,94015-2038,(650) 991-1243,No Data,37.684636,-122.47607,0.0,5.0,K-5,GSserved,elementary,False,False,False,False,N,False,Elementary School (Public),True,public,Active,Padma Desikachari,07/29/2026,margaret-pauline-brown-elementary-daly-city
41689166043897,061887002289,Marjorie H. Tobias Elementary,Jefferson Elementary,San Mateo,41,725 Southgate Avenue,Daly City,94015-3659,(650) 991-1246,No Data,37.690618,-122.4906,0.0,5.0,K-5,GSserved,elementary,False,False,False,False,N,False,Elementary School (Public),True,public,Active,Brian Bethel,08/21/2024,marjorie-h-tobias-elementary-daly-city
41689166115364,061887007778,Susan B. Anthony Elementary,Jefferson Elementary,San Mateo,41,575 Abbot Avenue,Daly City,94014-2774,(650) 997-7880,No Data,37.688816,-122.45808,0.0,5.0,K-5,GSserved,elementary,False,False,False,False,N,False,Elementary School (Public),True,public,Active,Roxanne Hannan,02/09/2023,susan-b-anthony-elementary-daly-city
41689166043871,061887002290,Thomas Edison Elementary,Jefferson Elementary,San Mateo,41,1267 Southgate Avenue,Daly City,94015-3920,(650) 991-1250,No Data,37.676281,-122.48572,0.0,5.0,K-5,GSserved,elementary,False,False,False,False,N,False,Elementary School (Public),True,public,Active,Christina Sanchez,08/21/2024,thomas-edison-elementary-daly-city
41689166043756,061887002281,Thomas R. Pollicita Middle,Jefferson Elementary,San Mateo,41,550 East Market Street,Daly City,94014-2103,(650) 991-1216,No Data,37.690353,-122.46016,6.0,8.0,6-8,GSserved,middle,False,False,False,False,N,False,Intermediate/Middle School (Public),True,public,Active,Megan Jennings,06/14/2023,thomas-r-pollicita-middle-daly-city
41689166043905,061887002291,Westlake Elementary,Jefferson Elementary,San Mateo,41,80 Fieldcrest Drive,Daly City,94015-1004,(650) 991-1252,No Data,37.70537,-122.47991,0.0,5.0,K-5,GSserved,elementary,False,False,False,False,N,False,Elementary School (Public),True,public,Active,Elizabeth O'Neill,02/09/2023,westlake-elementary-daly-city
41689166043913,061887002292,Woodrow Wilson Elementary,Jefferson Elementary,San Mateo,41,43 Miriam Street,Daly City,94014-3814,(650) 991-1255,No Data,37.703958,-122.46534,0.0,5.0,K-5,GSserved,elementary,False,False,False,False,N,False,Elementary School (Public),True,public,Active,Alex De Landa,02/09/2023,woodrow-wilson-elementary-daly-city
41689406044077,062022002421,La Honda Elementary,La Honda-Pescadero Unified,San Mateo,41,450 Sears Ranch Road,La Honda,94020,(650) 747-0051,No Data,37.340853,-122.29034,0.0,5.0,K-5,GSserved,elementary,False,False,False,False,N,False,Elementary School (Public),True,public,Active,Kristina Kern,02/09/2023,la-honda-elementary-la-honda
41689406044085,062022002422,Pescadero Elementary and Middle,La Honda-Pescadero Unified,San Mateo,41,620 North Street,Pescadero,94060,(650) 879-0332,No Data,37.256093,-122.37792,0.0,8.0,K-8,GSserved,k8,False,False,False,False,N,False,Elementary School (Public),True,public,Active,Kassandra Talbot,08/22/2024,pescadero-elementary-and-middle-pescadero
41689576044093,062238002674,La Entrada Middle,Las Lomitas Elementary,San Mateo,41,2200 Sharon Road,Menlo Park,94025-6736,(650) 854-3962,https://le.llesd.org/,37.428684,-122.20061,4.0,8.0,4-8,GSserved,middle,False,False,False,False,N,False,Intermediate/Middle School (Public),True,public,Active,Tish Whiteley,07/01/2026,la-entrada-middle-menlo-park
41689576044127,062238002675,Las Lomitas Elementary,Las Lomitas Elementary,San Mateo,41,299 Alameda de Las Pulgas,Atherton,94027-6469,(650) 854-5900,https://ll.llesd.org/,37.437193,-122.21261,0.0,3.0,K-3,GSserved,elementary,False,False,False,False,N,False,Elementary School (Public),True,public,Active,Alain Camou,08/18/2023,las-lomitas-elementary-atherton
41689656044135,062457003682,Encinal Elementary,Menlo Park City Elementary,San Mateo,41,195 Encinal Avenue,Atherton,94027-3102,(650) 326-5164,No Data,37.464021,-122.18563,0.0,5.0,K-5,GSserved,elementary,False,False,True,False,N,False,Elementary School (Public),True,public,Active,Trisha Lee,08/25/2026,encinal-elementary-atherton
41689656044150,062457003683,Hillview Middle,Menlo Park City Elementary,San Mateo,41,1100 Elder Avenue,Menlo Park,94025-5503,(650) 326-4341,No Data,37.43894,-122.19623,6.0,8.0,6-8,GSserved,middle,False,False,False,False,N,False,Intermediate/Middle School (Public),True,public,Active,Danielle O'Brien,02/09/2023,hillview-middle-menlo-park
41689656044168,062457003684,Laurel Elementary,Menlo Park City Elementary,San Mateo,41,95 Edge Road,Atherton,94027-2254,(650) 324-0186,No Data,37.466421,-122.17201,0.0,5.0,K-5,GSserved,elementary,False,False,True,False,N,False,Elementary School (Public),True,public,Active,Linda Creighton,11/02/2023,laurel-elementary-atherton
41689656044176,062457003685,Oak Knoll Elementary,Menlo Park City Elementary,San Mateo,41,1895 Oak Knoll Lane,Menlo Park,94025-6120,(650) 854-4433,No Data,37.430923,-122.19249,0.0,5.0,K-5,GSserved,elementary,False,False,False,False,N,False,Elementary School (Public),True,public,Active,Alicia Payton,11/02/2023,oak-knoll-elementary-menlo-park
41689736044200,062490003717,Green Hills Elementary,Millbrae Elementary,San Mateo,41,401 Ludeman Lane,Millbrae,94030-1318,(650) 588-6485,http://gh.millbraeschooldistrict.org,37.605506,-122.40546,0.0,5.0,K-5,GSserved,elementary,False,False,False,False,N,False,Elementary School (Public),True,public,Active,Kerry Dees,07/02/2026,green-hills-elementary-millbrae
41689736044226,062490003718,Lomita Park Elementary,Millbrae Elementary,San Mateo,41,200 Santa Helena Avenue,San Bruno,94066-5331,(650) 588-5852,http://lp.millbraeschooldistrict.org,37.612167,-122.40098,0.0,5.0,K-5,GSserved,elementary,False,False,False,False,N,False,Elementary School (Public),True,public,Active,Michelle Masuda,07/02/2026,lomita-park-elementary-san-bruno
41689736044234,062490003719,Meadows Elementary,Millbrae Elementary,San Mateo,41,1101 Helen Drive,Millbrae,94030-1015,(650) 583-7590,http://me.millbraeschooldistrict.org,37.602268,-122.41883,0.0,5.0,K-5,GSserved,elementary,False,False,False,False,N,False,Elementary School (Public),True,public,Active,Julie Costantino,07/02/2026,meadows-elementary-millbrae
41689736044259,062490003721,Spring Valley Elementary,Millbrae Elementary,San Mateo,41,817 Murchison Drive,Millbrae,94030-3025,(650) 697-5681,http://sv.millbraeschooldistrict.org,37.591662,-122.39144,0.0,5.0,K-5,GSserved,elementary,False,False,False,False,N,False,Elementary School (Public),True,public,Active,Gordon Hwee,07/02/2026,spring-valley-elementary-millbrae
41689736044267,062490003722,Taylor Middle,Millbrae Elementary,San Mateo,41,850 Taylor Boulevard,Millbrae,94030-2340,(650) 697-4096,http://ta.millbraeschooldistrict.org,37.597439,-122.40107,6.0,8.0,6-8,GSserved,middle,False,False,False,False,N,False,Intermediate/Middle School (Public),True,public,Active,Erin Zlatunich,07/02/2026,taylor-middle-millbrae
41689326043939,062046002458,Cabrillo Elementary,Pacifica,San Mateo,41,601 Crespi Drive,Pacifica,94044-3430,(650) 738-6660,No Data,37.598518,-122.49829,0.0,8.0,K-8,GSserved,k8,False,False,False,False,N,False,Elementary School (Public),True,public,Active,Tiffany Parrish,10/18/2024,cabrillo-elementary-pacifica
41689324130126,062046010657,Ingrid B. Lacy Middle,Pacifica,San Mateo,41,1427 Palmetto Avenue,Pacifica,94044-2284,(650) 738-6665,No Data,37.638342,-122.49242,6.0,8.0,6-8,GSserved,middle,False,False,False,False,N,False,Intermediate/Middle School (Public),True,public,Active,Guillaume Gendre,08/21/2026,ingrid-b-lacy-middle-pacifica
41689326044044,062046002469,Ocean Shore Elementary,Pacifica,San Mateo,41,411 Oceana Boulevard,Pacifica,94044-1901,(650) 738-6650,No Data,37.651021,-122.49007,0.0,5.0,K-5,GSserved,elementary,False,False,False,False,N,False,Elementary School (Public),True,public,Active,Anthony Corten,10/18/2024,ocean-shore-elementary-pacifica
41689320105874,062046011430,Ortega Elementary,Pacifica,San Mateo,41,1283 Terra Nova Boulevard,Pacifica,94044-4341,(650) 738-6670,No Data,37.587709,-122.47738,0.0,5.0,K-5,GSserved,elementary,False,False,False,False,N,False,Elementary School (Public),True,public,Active,Jason Koenigsberg,08/21/2026,ortega-elementary-pacifica
41689320132217,062046013922,Pacifica Independent Home Study,Pacifica,San Mateo,41,1283 Terra Nova Blvd,Pacifica,94044-4341,(650) 738-6670,www.pacificasd.org/district/1241-untitled.html,37.586851,-122.47867,0.0,7.0,K-7,GSserved,k8,False,False,False,False,N,False,Alternative School of Choice,True,public,Active,Martha Ladd,02/13/2025,pacifica-independent-home-study-pacifica
41689326044069,062046002471,Sunset Ridge Elementary,Pacifica,San Mateo,41,340 Inverness Drive,Pacifica,94044-2029,(650) 738-6687,No Data,37.653836,-122.47919,0.0,5.0,K-5,GSserved,elementary,False,False,False,False,N,False,Elementary School (Public),True,public,Active,Bjorn Wickstrom,08/21/2026,sunset-ridge-elementary-pacifica
41689326044051,062046002470,Vallemar Elementary,Pacifica,San Mateo,41,377 Reina del Mar Avenue,Pacifica,94044-3052,(650) 738-6655,No Data,37.613732,-122.48474,0.0,5.0,K-5,GSserved,elementary,False,False,False,False,N,False,Elementary School (Public),True,public,Active,Laura Vuskovic,10/18/2024,vallemar-elementary-pacifica
41689816044275,063147004881,Corte Madera,Portola Valley Elementary,San Mateo,41,4575 Alpine Road,Portola Valley,94028-8040,(650) 851-1777,http://cms.pvsd.net/,37.3686,-122.2128,4.0,8.0,4-8,GSserved,middle,False,False,False,False,N,False,Intermediate/Middle School (Public),True,public,Active,Kristen Shima,11/09/2023,corte-madera-portola-valley
41689816044283,063147004882,Ormondale Elementary,Portola Valley Elementary,San Mateo,41,200 Shawnee Pass,Portola Valley,94028-7631,(650) 851-1777,http://ormondale.pvsd.net/,37.381512,-122.21857,0.0,3.0,K-3,GSserved,elementary,False,False,False,False,N,False,Elementary School (Public),True,public,Active,Lynette Hovland,02/09/2023,ormondale-elementary-portola-valley
41689990134197,063186014051,Aspire East Palo Alto Charter,Ravenswood City Elementary,San Mateo,41,1286 Runnymede Street,East Palo Alto,94303-1332,(650) 614-9100,www.aspirepublicschools.org,37.468274,-122.12775,0.0,8.0,K-8,GSserved,k8,True,False,False,False,N,False,Elementary School (Public),True,public,Active,Terry Kawi,12/09/2025,aspire-east-palo-alto-charter-east-palo-alto
41689996044309,063186004913,Belle Haven Elementary,Ravenswood City Elementary,San Mateo,41,415 Ivy Drive,Menlo Park,94025-1338,(650) 329-2898,www.ravenswoodschools.org/,37.476006,-122.16175,0.0,5.0,K-5,GSserved,elementary,False,False,False,False,N,False,Elementary School (Public),True,public,Active,Candace Gonzales,06/12/2026,belle-haven-elementary-menlo-park
41689996044325,063186004915,Costano Elementary,Ravenswood City Elementary,San Mateo,41,2086 Clarke Avenue,East Palo Alto,94303-1207,(650) 329-2830,www.ravenswoodschools.org/,37.462017,-122.13432,0.0,5.0,K-5,GSserved,elementary,False,False,False,False,N,False,Elementary School (Public),True,public,Active,Ronda White,07/22/2026,costano-elementary-east-palo-alto
41689990135608,063186014087,KIPP Valiant Community Prep,Ravenswood City Elementary,San Mateo,41,620 Willow Rd,Menlo Park,94025-2619,(650) 422-4022,https://valiant.kippnorcal.org/,37.462549,-122.15773,0.0,8.0,K-8,GSserved,k8,True,False,False,True,N,False,Elementary School (Public),True,public,Active,Karsen Matos,09/09/2025,kipp-valiant-community-prep-menlo-park
41689990126649,063186013130,Los Robles-Ronald McNair Academy,Ravenswood City Elementary,San Mateo,41,2033 Pulgas Avenue,East Palo Alto,94303-1040,(650) 329-2888,www.ravenswoodschools.org,37.46201,-122.13104,0.0,5.0,K-5,GSserved,elementary,False,False,True,False,N,False,Elementary School (Public),True,public,Active,Alejandro Quezada,05/23/2025,los-robles-ronald-mcnair-academy-east-palo-alto
41689990136093,063186014095,Ravenswood Middle,Ravenswood City Elementary,San Mateo,41,2450 Ralmar Avenue,East Palo Alto,94303-1040,(650) 329-2828,www.ravenswoodschools.org,37.473237,-122.14515,6.0,8.0,6-8,GSserved,middle,False,False,False,False,N,False,Intermediate/Middle School (Public),True,public,Active,Paige Richards,07/22/2026,ravenswood-middle-east-palo-alto
41690056044580,063213004973,Adelante Selby Spanish Immersion,Redwood City Elementary,San Mateo,41,170 Selby Lane,Atherton,94027-3960,(650) 482-2415,https://adelanteselby.rcsdk8.net/,37.457667,-122.21936,0.0,5.0,K-5,GSserved,elementary,False,False,True,True,N,False,Elementary School (Public),True,public,Active,Patricia Alcocer,06/23/2025,adelante-selby-spanish-immersion-atherton
41690056044424,063213004962,Clifford Elementary,Redwood City Elementary,San Mateo,41,225 Clifford Avenue,Redwood City,94062-3205,(650) 482-2402,https://clifford.rcsdk8.net/,37.481543,-122.26291,0.0,8.0,K-8,GSserved,k8,False,False,False,True,N,False,Elementary School (Public),True,public,Active,Kristy Jackson,08/08/2024,clifford-elementary-redwood-city
41690050127282,063213013060,Connect Community Charter,Redwood City Elementary,San Mateo,41,635 Oakside Avenue,Redwood City,94063-3863,(650) 482-2426,www.connectrwc.org,37.478751,-122.20522,0.0,8.0,K-8,GSserved,k8,True,False,False,False,N,False,Elementary School (Public),True,public,Active,Hayley Dupuy,02/09/2023,connect-community-charter-redwood-city
41690056044473,063213004965,Garfield Elementary,Redwood City Elementary,San Mateo,41,3600 Middlefield Road,Menlo Park,94025-3010,(650) 482-2405,https://garfield.rcsdk8.net/,37.47008,-122.19948,0.0,5.0,K-5,GSserved,elementary,False,False,True,True,N,False,Elementary School (Public),True,public,Active,Jennifer Knopf,06/23/2025,garfield-elementary-menlo-park
41690056044499,063213004967,Henry Ford Elementary,Redwood City Elementary,San Mateo,41,2498 Massachusetts Avenue,Redwood City,94061-3263,(650) 482-2404,https://henryford.rcsdk8.net/,37.456064,-122.2337,0.0,5.0,K-5,GSserved,elementary,False,False,False,True,N,False,Elementary School (Public),True,public,Active,Enrique Pin,07/14/2026,henry-ford-elementary-redwood-city
41690056044507,063213004968,Hoover Elementary,Redwood City Elementary,San Mateo,41,701 Charter Street,Redwood City,94063-2960,(650) 482-2408,https://hoover.rcsdk8.net/,37.481962,-122.21437,0.0,8.0,K-8,GSserved,k8,False,False,True,True,N,False,Elementary School (Public),True,public,Active,Guadalupe Guzman,08/08/2024,hoover-elementary-redwood-city
41690056044531,063213004970,John F. Kennedy Middle,Redwood City Elementary,San Mateo,41,2521 Goodwin Avenue,Redwood City,93239-2518,(650) 482-2409,https://kennedy.rcsdk8.net/,37.460308,-122.23894,6.0,8.0,6-8,GSserved,middle,False,False,True,True,N,False,Intermediate/Middle School (Public),True,public,Active,Rangel Fernandez,07/01/2026,john-f-kennedy-middle-redwood-city
41690050132068,063213013874,KIPP Excelencia Community Preparatory,Redwood City Elementary,San Mateo,41,2950 Fair Oaks Avenue,Redwood City,94063-2518,(650) 482-2428,https://excelencia.kippnorcal.org,37.478913,-122.20606,0.0,8.0,K-8,GSserved,k8,True,True,False,True,N,False,Elementary School (Public),True,public,Active,Liz Coughenour,09/25/2025,kipp-excelencia-community-preparatory-redwood-city
41690056044556,063213004971,McKinley Institute of Technology,Redwood City Elementary,San Mateo,41,400 Duane Street,Redwood City,94062-1011,(650) 482-2410,https://mit.rcsdk8.net/,37.482078,-122.23602,6.0,8.0,6-8,GSserved,middle,False,True,False,True,N,False,Intermediate/Middle School (Public),True,public,Active,Nick Fanourgiakis,07/02/2026,mckinley-institute-of-technology-redwood-city
41690056115026,063213007422,North Star Academy,Redwood City Elementary,San Mateo,41,400 Duane Street,Redwood City,94062-1011,(650) 482-2411,https://northstar.rcsdk8.net/,37.482078,-122.23602,3.0,8.0,3-8,GSserved,middle,False,True,False,True,N,False,Elementary School (Public),True,public,Active,Erin Kekos,08/08/2024,north-star-academy-redwood-city
41690056102941,063213008182,Orion Alternative,Redwood City Elementary,San Mateo,41,555 Avenue Del Ora,Redwood City,94063-1360,(650) 482-2412,https://orion.rcsdk8.net/,37.474487,-122.24078,0.0,5.0,K-5,GSserved,elementary,False,True,True,True,N,False,Alternative School of Choice,True,public,Active,Winnie Chen,08/08/2024,orion-alternative-redwood-city
41690050132076,063213013923,Rocketship Redwood City,Redwood City Elementary,San Mateo,41,909 Roosevelt Ave,Redwood City,94061-2558,(877) 806-0920,www.rsed.org,37.473177,-122.23219,0.0,5.0,K-5,GSserved,elementary,True,False,False,False,N,False,Elementary School (Public),True,public,Active,Maricela Guerrero,09/24/2025,rocketship-redwood-city-redwood-city
41690056044572,063213004972,Roosevelt Elementary,Redwood City Elementary,San Mateo,41,2223 Vera Avenue,Redwood City,94061-1361,(650) 482-2413,https://roosevelt.rcsdk8.net/,37.46688,-122.24468,0.0,5.0,K-5,GSserved,elementary,False,False,False,True,N,False,Elementary School (Public),True,public,Active,Shanna Laney,07/02/2026,roosevelt-elementary-redwood-city
41690056044432,063213004963,Roy Cloud Elementary,Redwood City Elementary,San Mateo,41,3790 Red Oak Way,Redwood City,94061-1133,(650) 482-2414,https://roycloud.rcsdk8.net/,37.458582,-122.25624,0.0,8.0,K-8,GSserved,k8,False,False,False,True,N,False,Elementary School (Public),True,public,Active,Melissa Bowdoin,08/08/2024,roy-cloud-elementary-redwood-city
41690056044598,063213004974,Taft Elementary,Redwood City Elementary,San Mateo,41,903 Tenth Avenue,Redwood City,94063-4269,(650) 482-2416,https://taft.rcsdk8.net/,37.480991,-122.19371,0.0,5.0,K-5,GSserved,elementary,False,False,True,True,N,False,Elementary School (Public),True,public,Active,David Camarena,07/02/2026,taft-elementary-redwood-city
41690136044648,063423005393,Allen (Decima M.) Elementary,San Bruno Park Elementary,San Mateo,41,875 West Angus Avenue,San Bruno,94066-3489,(650) 624-3140,https://www.sbpsd.org/allen,37.6243,-122.4156,0.0,5.0,K-5,GSserved,elementary,False,False,False,False,N,False,Elementary School (Public),True,public,Active,John Berry,02/09/2023,allen-decima-m-elementary-san-bruno
41690136044614,063423005394,Belle Air Elementary,San Bruno Park Elementary,San Mateo,41,450 Third Avenue,San Bruno,94066-4599,(650) 624-3155,https://www.sbpsd.org/belleair,37.623972,-122.40621,0.0,5.0,K-5,GSserved,elementary,False,False,False,False,N,False,Elementary School (Public),True,public,Active,Sara-Maria Menendez,02/09/2023,belle-air-elementary-san-bruno
41690136044671,063423005397,John Muir Elementary,San Bruno Park Elementary,San Mateo,41,130 Cambridge Lane,San Bruno,94066-3998,(650) 624-3160,https://www.sbpsd.org/johnmuir,37.61288,-122.43551,0.0,5.0,K-5,GSserved,elementary,False,False,False,False,N,False,Elementary School (Public),True,public,Active,Colleen Hennessey,08/04/2023,john-muir-elementary-san-bruno
41690136044697,063423005398,Parkside Intermediate,San Bruno Park Elementary,San Mateo,41,1801 Niles Avenue,San Bruno,94066-4197,(650) 624-3180,https://www.sbpsd.org/parkside,37.616643,-122.41933,6.0,8.0,6-8,GSserved,middle,False,False,False,False,N,False,Intermediate/Middle School (Public),True,public,Active,Anna Sekis,11/20/2024,parkside-intermediate-san-bruno
41690136044010,063423008626,Portola Elementary,San Bruno Park Elementary,San Mateo,41,300 Amador Avenue,San Bruno,94066-2506,(650) 624-3175,https://www.sbpsd.org/portola,37.625476,-122.45341,0.0,5.0,K-5,GSserved,elementary,False,False,False,False,N,False,Elementary School (Public),True,public,Active,Jaime Soria,11/20/2024,portola-elementary-san-bruno
41690210133645,063429013998,Arroyo,San Carlos Elementary,San Mateo,41,1710 Arroyo Avenue,San Carlos,94070-3809,(650) 632-8300,http://arroyo.scsdk8.org/,37.499208,-122.26039,4.0,5.0,4-5,GSserved,elementary,False,False,False,False,N,False,Elementary School (Public),True,public,Active,Mindy Shelton,02/09/2023,arroyo-san-carlos
41690216044721,063429005400,Arundel Elementary,San Carlos Elementary,San Mateo,41,200 Arundel Road,San Carlos,94070-1945,(650) 508-7311,https://arundel.scsdk8.org/,37.503514,-122.27516,0.0,3.0,K-3,GSserved,elementary,False,False,False,False,N,False,Elementary School (Public),True,public,Active,Kim Norgaard,08/25/2023,arundel-elementary-san-carlos
41690216044739,063429005401,Brittan Acres Elementary,San Carlos Elementary,San Mateo,41,2000 Belle Avenue,San Carlos,94070-3730,(650) 508-7307,https://brittanacres.scsdk8.org/,37.495324,-122.26505,0.0,3.0,K-3,GSserved,elementary,False,False,False,False,N,False,Elementary School (Public),True,public,Active,Jude Noyes,08/28/2025,brittan-acres-elementary-san-carlos
41690216044747,063429005402,Central Middle,San Carlos Elementary,San Mateo,41,757 Cedar Street,San Carlos,94070-3802,(650) 508-7321,http://central.scsdk8.org/,37.500726,-122.26213,6.0,8.0,6-8,GSserved,middle,False,False,False,False,N,False,Intermediate/Middle School (Public),True,public,Active,Thomas Domer,02/09/2023,central-middle-san-carlos
41690216044754,063429005403,Heather Elementary,San Carlos Elementary,San Mateo,41,2757 Melendy Drive,San Carlos,94070-3604,(650) 508-7303,http://heather.scsdk8.org/,37.492581,-122.27564,0.0,3.0,K-3,GSserved,elementary,False,False,False,False,N,False,Elementary School (Public),True,public,Active,Adrienne Van Gorden,08/20/2026,heather-elementary-san-carlos
41690210138685,063429014383,Mariposa,San Carlos Elementary,San Mateo,41,750 Dartmouth Avenue,San Carlos,94070-1769,(650) 832-4201,http://mariposa.scsdk8.org,37.508464,-122.28649,4.0,5.0,4-5,GSserved,elementary,False,False,False,False,N,False,Elementary School (Public),True,public,Active,Theresa Fox,02/09/2023,mariposa-san-carlos
41690216112213,063429004029,San Carlos Charter Learning Center,San Carlos Elementary,San Mateo,41,750 Dartmouth Avenue,San Carlos,94070-3802,(650) 508-7343,www.sancarloscharter.org,37.507841,-122.28508,0.0,8.0,K-8,GSserved,k8,True,False,False,False,N,False,Elementary School (Public),True,public,Active,Francis Dickinson,05/12/2023,san-carlos-charter-learning-center-san-carlos
41690216044770,063429008627,Tierra Linda Middle,San Carlos Elementary,San Mateo,41,750 Dartmouth Avenue,San Carlos,94070-1769,(650) 508-7370,http://tierralinda.scsdk8.org/,37.507841,-122.28508,6.0,8.0,6-8,GSserved,middle,False,False,False,False,N,False,Intermediate/Middle School (Public),True,public,Active,Charu Gulati,08/25/2023,tierra-linda-middle-san-carlos
41690216044788,063429005405,White Oaks Elementary,San Carlos Elementary,San Mateo,41,1901 White Oak Way,San Carlos,94070-4747,(650) 508-7317,https://whiteoaks.scsdk8.org/,37.491609,-122.25398,0.0,3.0,K-3,GSserved,elementary,False,False,False,False,N,False,Elementary School (Public),True,public,Active,Rosina Tong,08/28/2025,white-oaks-elementary-san-carlos
41104130117143,069103312367,Canyon Oaks Youth Center,San Mateo County Office of Education,San Mateo,41,400 Edmonds Road,Redwood City,94062-3803,(650) 839-1810,www.smcoe.org,37.475778,-122.28041,8.0,10.0,8-10,GSserved,middle_high,False,False,False,False,N,False,County Community,False,public,Active,Sara Luzon,08/10/2026,canyon-oaks-youth-center-redwood-city
41104136069363,069103309043,San Mateo County Special Education,San Mateo County Office of Education,San Mateo,41,101 Twin Dolphin Drive,Redwood City,94065-1064,(650) 802-5588,www.smcoe.org,37.525926,-122.26363,0.0,12.0,K-12,GSserved,k12,False,False,False,False,N,False,Special Education School (Public),False,public,Active,Carrie Maloney,08/10/2026,san-mateo-county-special-education-redwood-city
41690396044796,063492005896,Abbott Middle,San Mateo-Foster City,San Mateo,41,600 36th Avenue,San Mateo,94403-4101,(650) 312-7600,http://abbott.smfcsd.net,37.529525,-122.30884,6.0,8.0,6-8,GSserved,middle,False,True,True,True,N,False,Intermediate/Middle School (Public),True,public,Active,Paul Belzer,08/08/2024,abbott-middle-san-mateo
41690396044812,063492005897,Audubon Elementary,San Mateo-Foster City,San Mateo,41,841 Gull Avenue,Foster City,94404-1427,(650) 312-7500,http://audubon.smfcsd.net,37.566826,-122.25869,0.0,5.0,K-5,GSserved,elementary,False,False,False,True,N,False,Elementary School (Public),True,public,Active,Douglas Garriss,08/08/2024,audubon-elementary-foster-city
41690390136242,063492014143,Bayside Academy,San Mateo-Foster City,San Mateo,41,2025 Kehoe Avenue,San Mateo,94403-1061,(650) 312-7660,http://bayside.smfcsd.net/,37.566022,-122.29539,0.0,8.0,K-8,GSserved,k8,False,True,True,True,N,False,Elementary School (Public),True,public,Active,Maria Demattei,08/08/2024,bayside-academy-san-mateo
41690396044838,063492005899,Baywood Elementary,San Mateo-Foster City,San Mateo,41,600 Alameda de Las Pulgas,San Mateo,94402-3358,(650) 312-7511,http://baywood.smfcsd.net,37.552991,-122.33139,0.0,5.0,K-5,GSserved,elementary,False,False,False,True,N,False,Elementary School (Public),True,public,Active,Erin Felix,08/08/2024,baywood-elementary-san-mateo
41690390140137,063492014504,Beach Park Elementary,San Mateo-Foster City,San Mateo,41,1058 Shell Boulevard,Foster City,94404-2902,(650) 312-7490,http://beach-park.smfcsd.net/,37.550135,-122.26453,0.0,5.0,K-5,GSserved,elementary,False,False,False,True,C,False,Elementary School (Public),True,public,Active,Amy Snow,08/08/2024,beach-park-elementary-foster-city
41690396044846,063492007781,Beresford Elementary,San Mateo-Foster City,San Mateo,41,300 28th Avenue,San Mateo,94403-2405,(650) 312-7551,http://beresford.smfcsd.net,37.539204,-122.30892,0.0,5.0,K-5,GSserved,elementary,False,False,False,True,N,False,Elementary School (Public),True,public,Active,Jadelyn Chang,08/08/2024,beresford-elementary-san-mateo
41690396044853,063492005901,Borel Middle,San Mateo-Foster City,San Mateo,41,425 Barneson Avenue,San Mateo,94402-3405,(650) 312-7670,http://borel.smfcsd.net,37.550419,-122.32224,6.0,8.0,6-8,GSserved,middle,False,True,False,True,N,False,Intermediate/Middle School (Public),True,public,Active,Jessica Notte,08/08/2024,borel-middle-san-mateo
41690396044861,063492005902,Bowditch Middle,San Mateo-Foster City,San Mateo,41,1450 Tarpon Street,Foster City,94404-1938,(650) 312-7680,http://bowditch.smfcsd.net,37.560541,-122.24915,6.0,8.0,6-8,GSserved,middle,False,False,False,True,N,False,Intermediate/Middle School (Public),True,public,Active,Amanda Goll,08/18/2025,bowditch-middle-foster-city
41690396112650,063492005404,Brewer Island Elementary,San Mateo-Foster City,San Mateo,41,1151 Polynesia Drive,Foster City,94404-1749,(650) 312-7532,http://brewer-island.smfcsd.net,37.560918,-122.26077,0.0,5.0,K-5,GSserved,elementary,False,False,False,True,N,False,Elementary School (Public),True,public,Active,Julie MacArthur,08/20/2024,brewer-island-elementary-foster-city
41690396044952,063492005912,College Park Elementary,San Mateo-Foster City,San Mateo,41,1001 Bermuda Drive,San Mateo,94403-1508,(650) 312-7737,http://college-park.smfcsd.net,37.551847,-122.29963,0.0,5.0,K-5,GSserved,elementary,False,True,True,True,N,False,Elementary School (Public),True,public,Active,Betty Cheung,08/09/2025,college-park-elementary-san-mateo
41690396044804,063492005908,Cottage Grove Elementary,San Mateo-Foster City,San Mateo,41,949 Ocean View Avenue,San Mateo,94401-3462,(650) 312-7550,http://lead.smfcsd.net/,37.568977,-122.3027,0.0,5.0,K-5,GSserved,elementary,False,True,False,True,N,False,Elementary School (Public),True,public,Active,Natalie Delahunt,07/13/2026,cottage-grove-elementary-san-mateo
41690396044887,063492002791,Fiesta Gardens International Elementary,San Mateo-Foster City,San Mateo,41,715A Indian Avenue,San Mateo,94401-1768,(650) 312-7691,http://fiesta-gardens.smfcsd.net,37.576745,-122.32695,0.0,7.0,K-7,GSserved,k8,False,True,True,True,N,False,Elementary School (Public),True,public,Active,Dustin Demakas,07/13/2026,fiesta-gardens-international-elementary-san-mateo
41690396044895,063492005905,Foster City Elementary,San Mateo-Foster City,San Mateo,41,461 Beach Park Boulevard,Foster City,94404-2713,(650) 312-7522,http://fostercity.smfcsd.net,37.545497,-122.27312,0.0,5.0,K-5,GSserved,elementary,False,False,False,True,N,False,Elementary School (Public),True,public,Active,Leah Pason,07/13/2026,foster-city-elementary-foster-city
41690396044903,063492005906,George Hall Elementary,San Mateo-Foster City,San Mateo,41,130 San Miguel Way,San Mateo,94403-2954,(650) 312-7533,http://georgehall.smfc.k12.ca.us/,37.537841,-122.29109,0.0,5.0,K-5,GSserved,elementary,False,False,False,True,N,False,Elementary School (Public),True,public,Active,Justine DiMaggio,08/08/2024,george-hall-elementary-san-mateo
41690396044911,063492005907,Highlands Elementary,San Mateo-Foster City,San Mateo,41,2320 Newport Street,San Mateo,94402-3838,(650) 312-7544,http://highlands.smfcsd.net,37.523201,-122.35003,0.0,5.0,K-5,GSserved,elementary,False,False,False,True,N,False,Elementary School (Public),True,public,Active,Karrie Haselton,08/08/2025,highlands-elementary-san-mateo
41690396044945,063492005911,Laurel Elementary,San Mateo-Foster City,San Mateo,41,316 36th Avenue,San Mateo,94403-4204,(650) 312-7555,http://laurel.smfc.k12.ca.us/,37.531463,-122.30417,0.0,5.0,K-5,GSserved,elementary,False,False,False,True,N,False,Elementary School (Public),True,public,Active,Jessica Murphy,08/21/2024,laurel-elementary-san-mateo
41690396044960,063492005913,Meadow Heights Elementary,San Mateo-Foster City,San Mateo,41,2619 Dolores Street,San Mateo,94403-2644,(650) 312-7566,http://meadowheights.smfcsd.net,37.538625,-122.31667,0.0,5.0,K-5,GSserved,elementary,False,False,False,True,N,False,Elementary School (Public),True,public,Active,Dale Rogers-Eilers,08/08/2024,meadow-heights-elementary-san-mateo
41690396044978,063492005914,North Shoreview Montessori,San Mateo-Foster City,San Mateo,41,1301 Cypress Avenue,San Mateo,94401-2007,(650) 312-7588,http://northshoreview.smfcsd.net,37.574849,-122.31578,0.0,8.0,K-8,GSserved,k8,False,True,False,True,N,False,Elementary School (Public),True,public,Active,Lisa Holewa,08/24/2026,north-shoreview-montessori-san-mateo
41690396044994,063492005916,Parkside Montessori,San Mateo-Foster City,San Mateo,41,1685 Eisenhower Street,San Mateo,94402-1045,(650) 312-7575,http://parkside.smfc.k12.ca.us/,37.560925,-122.29749,0.0,8.0,K-8,GSserved,k8,False,True,False,True,N,False,Elementary School (Public),True,public,Active,Nima Tahai,08/08/2024,parkside-montessori-san-mateo
41690396044986,063492005915,San Mateo Park Elementary,San Mateo-Foster City,San Mateo,41,161 Clark Drive,San Mateo,94402-1002,(650) 312-7577,http://san-mateo-park.smfcsd.net/,37.569556,-122.34322,0.0,5.0,K-5,GSserved,elementary,False,True,False,True,N,False,Elementary School (Public),True,public,Active,Laura Afshar,08/24/2026,san-mateo-park-elementary-san-mateo
41690390123497,063492013289,San Mateo-Foster City Special Education Preschool,San Mateo-Foster City,San Mateo,41,1170 Chess Drive,Foster City,94404-1107,(650) 312-7766,www.smfcsd.net,37.566161,-122.27348,0.0,0.0,K,GSserved,elementary,False,False,True,False,N,False,Preschool,False,public,Active,Heather Morgan,08/15/2022,san-mateo-foster-city-special-education-preschool-foster-city
41690396045017,063492005917,Sunnybrae Elementary,San Mateo-Foster City,San Mateo,41,1031 South Delaware Street,San Mateo,94402-1855,(650) 312-7599,http://sunnybrae.smfc.k12.ca.us/,37.561181,-122.31352,0.0,7.0,K-7,GSserved,k8,False,True,False,True,N,False,Elementary School (Public),True,public,Active,Cynthia Chin,08/08/2024,sunnybrae-elementary-san-mateo
41690706059976,063753006339,Alta Loma Middle,South San Francisco Unified,San Mateo,41,116 Romney Avenue,South San Francisco,94080-2141,(650) 877-8797,No Data,37.660567,-122.45069,6.0,8.0,6-8,GSserved,middle,False,False,False,False,N,False,Intermediate/Middle School (Public),True,public,Active,Nina Mendez,02/09/2023,alta-loma-middle-south-san-francisco
41690706045041,063753006341,Buri Buri Elementary,South San Francisco Unified,San Mateo,41,325 Del Monte Avenue,South San Francisco,94080-4159,(650) 877-8776,No Data,37.65749,-122.44567,0.0,5.0,K-5,GSserved,elementary,False,False,False,False,N,False,Elementary School (Public),True,public,Active,Cregg Ramich,02/09/2023,buri-buri-elementary-south-san-francisco
41690700131730,063753013873,Hillside Elementary,South San Francisco Unified,San Mateo,41,1400 Hillside Boulevard,South San Francisco,94080-1538,(650) 877-8720,www.ssfusd.org,37.668634,-122.42438,-2.0,5.0,No Data,GSoffered,elementary,False,False,False,False,N,False,Elementary School (Public),True,public,Active,Sabrina Yacoub,05/23/2025,hillside-elementary-south-san-francisco
41690706068282,063753006345,Junipero Serra Elementary,South San Francisco Unified,San Mateo,41,151 Victoria Street,Daly City,94015-2708,(650) 877-8853,No Data,37.661121,-122.46974,0.0,5.0,K-5,GSserved,elementary,False,False,False,False,N,False,Elementary School (Public),True,public,Active,Teresa Sampayan,02/09/2023,junipero-serra-elementary-daly-city
41690706045082,063753006346,Los Cerritos Elementary,South San Francisco Unified,San Mateo,41,210 West Orange Avenue,South San Francisco,94080-4444,(650) 877-8841,No Data,37.651417,-122.42775,0.0,5.0,K-5,GSserved,elementary,False,False,False,False,N,False,Elementary School (Public),True,public,Active,Marybeth McLaughlin,02/09/2023,los-cerritos-elementary-south-san-francisco
41690706045090,063753009197,Martin Elementary,South San Francisco Unified,San Mateo,41,35 School Street,South San Francisco,94080-2855,(650) 877-3955,No Data,37.662952,-122.40961,0.0,5.0,K-5,GSserved,elementary,False,False,False,False,N,False,Elementary School (Public),True,public,Active,Jonathan Covacha,02/09/2023,martin-elementary-south-san-francisco
41690706045108,063753006347,Monte Verde Elementary,South San Francisco Unified,San Mateo,41,2551 Street Cloud Drive,San Bruno,94066-1700,(650) 877-8838,No Data,37.6367,-122.4526,0.0,5.0,K-5,GSserved,elementary,False,False,False,False,N,False,Elementary School (Public),True,public,Active,Deborah Mirt,02/09/2023,monte-verde-elementary-san-bruno
41690706059984,063753006348,Parkway Heights Middle,South San Francisco Unified,San Mateo,41,650 Sunset Avenue,South San Francisco,94080-7343,(650) 877-8788,No Data,37.66265,-122.42719,6.0,8.0,6-8,GSserved,middle,False,False,False,False,N,False,Intermediate/Middle School (Public),True,public,Active,Marco Lopez,02/09/2023,parkway-heights-middle-south-san-francisco
41690706045116,063753006349,Ponderosa Elementary,South San Francisco Unified,San Mateo,41,295 Ponderosa Road,South San Francisco,94080-4218,(650) 877-8825,No Data,37.646838,-122.43308,0.0,5.0,K-5,GSserved,elementary,False,False,False,False,N,False,Elementary School (Public),True,public,Active,Julie Erskine,02/09/2023,ponderosa-elementary-south-san-francisco
41690706045132,063753006351,Skyline Elementary,South San Francisco Unified,San Mateo,41,55 Christen Avenue,Daly City,94015-2811,(650) 877-8941,No Data,37.651684,-122.46669,0.0,5.0,K-5,GSserved,elementary,False,False,False,False,N,False,Elementary School (Public),True,public,Active,Luann Daniel,02/09/2023,skyline-elementary-daly-city
41690706045140,063753006354,Spruce Elementary,South San Francisco Unified,San Mateo,41,501 Spruce Avenue,South San Francisco,94080-2749,(650) 877-8780,No Data,37.658857,-122.4152,0.0,5.0,K-5,GSserved,elementary,False,False,False,False,N,False,Elementary School (Public),True,public,Active,Israel Castillo,02/09/2023,spruce-elementary-south-san-francisco
41690706045157,063753006355,Sunshine Gardens Elementary,South San Francisco Unified,San Mateo,41,1200 Miller Avenue,South San Francisco,94080-1221,(650) 877-8784,No Data,37.665066,-122.43707,0.0,5.0,K-5,GSserved,elementary,False,False,False,False,N,False,Elementary School (Public),True,public,Active,Leticia Gonzalez,02/09/2023,sunshine-gardens-elementary-south-san-francisco
41690706067128,063753006356,Westborough Middle,South San Francisco Unified,San Mateo,41,2570 Westborough Boulevard,South San Francisco,94080-5115,(650) 877-8848,No Data,37.643258,-122.46065,6.0,8.0,6-8,GSserved,middle,False,False,False,False,N,False,Intermediate/Middle School (Public),True,public,Active,Loraine Rossi De Campos,02/09/2023,westborough-middle-south-san-francisco
41690886045165,064314007013,Woodside Elementary,Woodside Elementary,San Mateo,41,3195 Woodside Road,Woodside,94062-2552,(650) 851-1571,www.woodsideschool.us,37.427582,-122.25839,0.0,8.0,K-8,GSserved,k8,False,False,False,False,N,False,Elementary School in 1 School District (Public),True,public,Active,Jennifer Pedersen,07/16/2024,woodside-elementary-woodside
43693690135749,060231014147,Adelante Dual Language Academy,Alum Rock Union Elementary,Santa Clara,43,1720 Hopkins Drive,San Jose,95122,(408) 928-1900,No Data,37.337429,-121.8297,0.0,8.0,K-8,GSserved,k8,False,False,True,False,N,False,Alternative School of Choice,True,public,Active,Victor Guendulain,06/18/2026,adelante-dual-language-academy-san-jose
43693690125526,060231012989,Alpha: Blanca Alvarado,Alum Rock Union Elementary,Santa Clara,43,1601 Cunningham Avenue,San Jose,95122-2322,(408) 780-0831,www.alphapublicschools.org,37.326567,-121.83506,0.0,8.0,K-8,GSserved,k8,True,False,False,False,N,False,Elementary School (Public),True,public,Active,Cynthia Martinez Nava,02/09/2023,alpha-blanca-alvarado-san-jose
43693696046247,060231000106,Aptitud Community Academy at Goss,Alum Rock Union Elementary,Santa Clara,43,2475 Van Winkle Lane,San Jose,95116-3758,(408) 928-7656,https://aptitud.arusd.org/,37.34995,-121.8314,0.0,5.0,K-5,GSserved,elementary,False,False,False,False,N,False,Elementary School (Public),True,public,Active,Suyen Jimenez,06/16/2025,aptitud-community-academy-at-goss-san-jose
43693696046122,060231008782,Ben Painter Elementary,Alum Rock Union Elementary,Santa Clara,43,500 Rough and Ready Road,San Jose,95133-2068,(408) 928-8400,No Data,37.37495,-121.84331,0.0,8.0,K-8,GSserved,k8,False,False,True,True,N,False,Elementary School (Public),True,public,Active,Joseph Manluco,06/23/2026,ben-painter-elementary-san-jose
43693690106633,060231011444,KIPP Heartwood Academy,Alum Rock Union Elementary,Santa Clara,43,1250 South King Road,San Jose,95122-2146,(408) 926-5477,http://heartwood.kippnorcal.org/,37.337686,-121.84095,5.0,8.0,5-8,GSserved,middle,True,False,False,True,N,False,Intermediate/Middle School (Public),True,public,Active,Cristina Diaz,09/09/2025,kipp-heartwood-academy-san-jose
43693690129924,060231013778,Kipp Prize Preparatory Academy,Alum Rock Union Elementary,Santa Clara,43,1250 South King Road,San Jose,95122-2146,(408) 251-5600,http://prize.kippnorcal.org/,37.337944,-121.84017,5.0,8.0,5-8,GSserved,middle,True,False,False,True,N,False,Intermediate/Middle School (Public),True,public,Active,Sam Luna,09/09/2025,kipp-prize-preparatory-academy-san-jose
43693690107748,060231011445,Learning in an Urban Community with High Achievement (L.U.C.H.A.),Alum Rock Union Elementary,Santa Clara,43,1721 East San Antonio Street,San Jose,95116-3041,(408) 928-8300,https://lucha.arusd.org/,37.350826,-121.85194,0.0,5.0,K-5,GSserved,elementary,False,False,False,False,N,False,Alternative School of Choice,True,public,Active,Iris Charest,08/19/2025,learning-in-an-urban-community-with-high-achievement-l-u-c-h-a-san-jose
43693696046213,060231000108,Linda Vista Elementary,Alum Rock Union Elementary,Santa Clara,43,100 Kirk Avenue,San Jose,95127-2295,(408) 928-7800,No Data,37.376934,-121.82372,0.0,5.0,K-5,GSserved,elementary,False,False,False,False,N,False,Elementary School (Public),True,public,Active,Suzanne Cicala,08/09/2023,linda-vista-elementary-san-jose
43693696046221,060231000109,Lyndale Elementary,Alum Rock Union Elementary,Santa Clara,43,13901 Nordyke Drive,San Jose,95127-3138,(408) 928-7900,https://lyndale.arusd.org/,37.359746,-121.82492,0.0,5.0,K-5,GSserved,elementary,False,False,False,False,N,False,Elementary School (Public),True,public,Active,Jacqueline Montejano,06/18/2025,lyndale-elementary-san-jose
43693696046254,060231000112,Millard McCollam Elementary,Alum Rock Union Elementary,Santa Clara,43,3311 Lucian Avenue,San Jose,95127-1544,(408) 928-8000,No Data,37.380472,-121.83312,0.0,5.0,K-5,GSserved,elementary,False,False,False,False,N,False,Elementary School (Public),True,public,Active,Linda Diaz Sepulveda,08/19/2025,millard-mccollam-elementary-san-jose
43693696046270,060231000107,O. S. Hubbard Elementary,Alum Rock Union Elementary,Santa Clara,43,1680 Foley Avenue,San Jose,95122-2213,(408) 928-7700,https://hubbard.arusd.org/,37.330237,-121.83946,0.0,5.0,K-5,GSserved,elementary,False,False,False,False,N,False,Elementary School (Public),True,public,Active,Sandra Sarmiento,06/16/2025,o-s-hubbard-elementary-san-jose
43693696089270,060231000116,Ocala Middle,Alum Rock Union Elementary,Santa Clara,43,2800 Ocala Avenue,San Jose,95148-1114,(408) 928-8350,https://ocala.arusd.org/,37.340385,-121.82046,6.0,8.0,6-8,GSserved,middle,False,False,False,False,N,False,Intermediate/Middle School (Public),True,public,Active,Kelsey White,06/18/2025,ocala-middle-san-jose
43693690126284,060231013126,Renaissance at Mathson,Alum Rock Union Elementary,Santa Clara,43,2050 Kammerer Avenue,San Jose,95116-3020,(408) 928-6800,No Data,37.350962,-121.84401,6.0,8.0,6-8,GSserved,middle,False,False,False,False,N,False,Alternative School of Choice,True,public,Active,Danelle Finnen,02/09/2023,renaissance-at-mathson-san-jose
43693690114900,060231012063,Russo/McEntee Academy,Alum Rock Union Elementary,Santa Clara,43,2851 Gay Avenue,San Jose,95127-2320,(408) 928-8900,No Data,37.36876,-121.83568,0.0,5.0,K-5,GSserved,elementary,False,False,False,False,N,False,Alternative School of Choice,True,public,Active,Tanu Kohli,02/09/2023,russo-mcentee-academy-san-jose
43693696046304,060231000121,San Antonio Elementary,Alum Rock Union Elementary,Santa Clara,43,1721 East San Antonio Street,San Jose,95116-3060,(408) 928-8700,https://sanantonio.arusd.org/,37.350025,-121.85234,0.0,5.0,K-5,GSserved,elementary,False,False,False,False,N,False,Elementary School (Public),True,public,Active,Iris Charest,06/16/2025,san-antonio-elementary-san-jose
43693696046320,060231000120,Thomas P. Ryan Elementary,Alum Rock Union Elementary,Santa Clara,43,1241 McGinness Avenue,San Jose,95127-4026,(408) 928-8650,No Data,37.350062,-121.82257,0.0,5.0,K-5,GSserved,elementary,False,False,False,False,N,False,Elementary School (Public),True,public,Active,Clarissa Johnston-Abril,08/09/2023,thomas-p-ryan-elementary-san-jose
43693696046338,060231000122,William Sheppard Middle,Alum Rock Union Elementary,Santa Clara,43,480 Rough and Ready Road,San Jose,95133-2422,(408) 928-8800,No Data,37.37451,-121.843,6.0,8.0,6-8,GSserved,middle,False,False,False,False,N,False,Intermediate/Middle School (Public),True,public,Active,Doug Kleinhenz,06/16/2025,william-sheppard-middle-san-jose
43693776095335,060480000457,Brooktree Elementary,Berryessa Union Elementary,Santa Clara,43,1781 Olivetree Drive,San Jose,95131-1933,(408) 923-1910,No Data,37.398513,-121.88005,0.0,5.0,K-5,GSserved,elementary,False,False,False,False,N,False,Elementary School (Public),True,public,Active,Lakeisha Blackshire,08/18/2025,brooktree-elementary-san-jose
43693776095343,060480000460,Majestic Way Elementary,Berryessa Union Elementary,Santa Clara,43,1855 Majestic Way,San Jose,95132-1940,(408) 923-1925,No Data,37.410648,-121.85723,0.0,5.0,K-5,GSserved,elementary,False,False,False,False,N,False,Elementary School (Public),True,public,Active,Jannet Odom,08/02/2024,majestic-way-elementary-san-jose
43693776068928,060480000461,Morrill Middle,Berryessa Union Elementary,Santa Clara,43,1970 Morrill Avenue,San Jose,95132-1637,(408) 923-1930,No Data,37.410219,-121.87111,6.0,8.0,6-8,GSserved,middle,False,False,False,False,N,False,Intermediate/Middle School (Public),True,public,Active,Mya Duong,08/18/2025,morrill-middle-san-jose
43693776046379,060480000462,Noble Elementary,Berryessa Union Elementary,Santa Clara,43,3466 Grossmont Drive,San Jose,95132-3119,(408) 923-1935,No Data,37.396302,-121.8391,0.0,5.0,K-5,GSserved,elementary,False,False,False,False,N,False,Elementary School (Public),True,public,Active,Krista Castillou,08/18/2025,noble-elementary-san-jose
43693776046387,060480000463,Northwood Elementary,Berryessa Union Elementary,Santa Clara,43,2760 East Trimble Road,San Jose,95132-1055,(408) 923-1940,No Data,37.40946,-121.88134,0.0,5.0,K-5,GSserved,elementary,False,False,False,False,N,False,Elementary School (Public),True,public,Active,Eric Witter,08/18/2025,northwood-elementary-san-jose
43693776046395,060480000464,Piedmont Middle,Berryessa Union Elementary,Santa Clara,43,955 Piedmont Road,San Jose,95132-2820,(408) 923-1945,No Data,37.390727,-121.84264,6.0,8.0,6-8,GSserved,middle,False,False,False,False,N,False,Intermediate/Middle School (Public),True,public,Active,Gregory Barnes,08/02/2024,piedmont-middle-san-jose
43693776067177,060480000465,Ruskin Elementary,Berryessa Union Elementary,Santa Clara,43,1401 Turlock Lane,San Jose,95132-2347,(408) 923-1950,No Data,37.400282,-121.85589,0.0,5.0,K-5,GSserved,elementary,False,False,False,False,N,False,Elementary School (Public),True,public,Active,Tina Tong Choy,08/18/2025,ruskin-elementary-san-jose
43693776093033,060480000466,Sierramont Middle,Berryessa Union Elementary,Santa Clara,43,3155 Kimlee Drive,San Jose,95132-3605,(408) 923-1955,No Data,37.403132,-121.85593,6.0,8.0,6-8,GSserved,middle,False,False,True,False,N,False,Intermediate/Middle School (Public),True,public,Active,Chris Mosley,08/08/2024,sierramont-middle-san-jose
43693776095350,060480000467,Summerdale Elementary,Berryessa Union Elementary,Santa Clara,43,1100 Summerdale Drive,San Jose,95132-2934,(408) 923-1960,No Data,37.389589,-121.85196,0.0,5.0,K-5,GSserved,elementary,False,False,False,False,N,False,Elementary School (Public),True,public,Active,Samantha Rainer,02/09/2023,summerdale-elementary-san-jose
43693776093041,060480000469,Vinci Park Elementary,Berryessa Union Elementary,Santa Clara,43,1311 Vinci Park Way,San Jose,95131-2792,(408) 923-1970,No Data,37.380943,-121.87333,0.0,5.0,K-5,GSserved,elementary,False,False,False,False,N,False,Elementary School (Public),True,public,Active,Parisa Nunez,02/09/2023,vinci-park-elementary-san-jose
43693856046411,060714000650,Bagby Elementary,Cambrian,Santa Clara,43,1840 Harris Avenue,San Jose,95124-1125,(408) 377-3882,www.cambriansd.org,37.278715,-121.92193,0.0,5.0,K-5,GSserved,elementary,False,False,False,False,N,False,Elementary School (Public),True,public,Active,Michael Kretsch,02/09/2023,bagby-elementary-san-jose
43693856046445,060714000652,Fammatre Elementary,Cambrian,Santa Clara,43,2800 New Jersey Avenue,San Jose,95124-1556,(408) 377-5480,www.cambriansd.org,37.27104,-121.92578,0.0,5.0,K-5,GSserved,elementary,True,False,False,False,N,False,Elementary School (Public),True,public,Active,Samantha Haley,02/09/2023,fammatre-elementary-san-jose
43693856046452,060714000653,Farnham Charter,Cambrian,Santa Clara,43,15711 Woodard Road,San Jose,95124-2668,(408) 377-3321,www.cambriansd.org,37.260195,-121.94302,0.0,5.0,K-5,GSserved,elementary,True,False,False,False,N,False,Elementary School (Public),True,public,Active,Amy O'Hehir,02/09/2023,farnham-charter-san-jose
43693856046486,060714000654,Price Charter Middle,Cambrian,Santa Clara,43,2650 New Jersey Avenue,San Jose,95124-1520,(408) 377-2532,www.cambriansd.org,37.273405,-121.92679,6.0,8.0,6-8,GSserved,middle,True,False,False,False,N,False,Intermediate/Middle School (Public),True,public,Active,Margaret Lavin,02/09/2023,price-charter-middle-san-jose
43693850133439,060714013993,Steindorf STEAM K-8 Magnet,Cambrian,Santa Clara,43,3001 Ross Avenue,San Jose,95124-2358,(408) 377-3022,www.cambriansd.org,37.266653,-121.92053,0.0,8.0,K-8,GSserved,k8,False,True,False,False,N,False,Elementary School (Public),True,public,Active,Deborah Stein,08/18/2026,steindorf-steam-k-8-magnet-san-jose
43693936046510,060720000657,Blackford Elementary,Campbell Union,Santa Clara,43,1970 Willow Street,San Jose,95125-5241,(408) 978-4675,www.campbellusd.org,37.299418,-121.92232,0.0,5.0,K-5,GSserved,elementary,True,False,False,False,N,False,Elementary School (Public),True,public,Active,Bharathi Lakshmanan,07/22/2024,blackford-elementary-san-jose
43693930137273,060720014280,Campbell School of Innovation,Campbell Union,Santa Clara,43,295 West Cherry Lane,Campbell,95008-3417,(408) 364-4222,www.csi.campbellusd.org,37.283434,-121.95556,0.0,8.0,K-8,GSserved,k8,True,False,False,False,N,False,Elementary School (Public),True,public,Active,Bharathi Lakshmanan,07/22/2024,campbell-school-of-innovation-campbell
43693936046536,060720000663,Capri Elementary,Campbell Union,Santa Clara,43,850 Chapman Avenue,Campbell,95008-6807,(408) 364-4260,www.campbellusd.org,37.266574,-121.96471,0.0,5.0,K-5,GSserved,elementary,True,False,False,False,N,False,Elementary School (Public),True,public,Active,Bharathi Lakshmanan,07/22/2024,capri-elementary-campbell
43693936046544,060720000664,Castlemont Elementary,Campbell Union,Santa Clara,43,3040 East Payne Avenue,Campbell,95008-0136,(408) 364-4233,www.campbellusd.org,37.301497,-121.94737,0.0,5.0,K-5,GSserved,elementary,True,False,False,False,N,False,Elementary School (Public),True,public,Active,Bharathi Lakshmanan,07/22/2024,castlemont-elementary-campbell
43693936046577,060720000667,Forest Hill Elementary,Campbell Union,Santa Clara,43,4450 McCoy Avenue,San Jose,95130-2117,(408) 364-4279,www.campbellusd.org,37.276425,-121.98235,0.0,5.0,K-5,GSserved,elementary,True,False,False,False,N,False,Elementary School (Public),True,public,Active,Bharathi Lakshmanan,07/22/2024,forest-hill-elementary-san-jose
43693936046601,060720000670,Lynhaven Elementary,Campbell Union,Santa Clara,43,881 South Cypress Avenue,San Jose,95117-2508,(408) 566-0368,www.campbellusd.org,37.310889,-121.95978,0.0,5.0,K-5,GSserved,elementary,True,False,False,False,N,False,Elementary School (Public),True,public,Active,Bharathi Lakshmanan,07/22/2024,lynhaven-elementary-san-jose
43693936046619,060720000671,Marshall Lane Elementary,Campbell Union,Santa Clara,43,14114 Marilyn Lane,Saratoga,95070-5646,(408) 364-4259,www.campbellusd.org,37.263873,-121.99658,0.0,5.0,K-5,GSserved,elementary,True,False,False,False,N,False,Elementary School (Public),True,public,Active,Bharathi Lakshmanan,07/22/2024,marshall-lane-elementary-saratoga
43693936046627,060720000672,Monroe Middle,Campbell Union,Santa Clara,43,1055 South Monroe Street,San Jose,95128-3150,(408) 556-0360,www.campbellusd.org,37.30908,-121.94355,6.0,8.0,6-8,GSserved,middle,True,False,False,False,N,False,Intermediate/Middle School (Public),True,public,Active,Bharathi Lakshmanan,07/22/2024,monroe-middle-san-jose
43693936046668,060720000674,Rolling Hills Middle,Campbell Union,Santa Clara,43,1585 More Avenue,Los Gatos,95030-1094,(408) 364-4235,www.campbellusd.org,37.265181,-121.98594,6.0,8.0,6-8,GSserved,middle,True,False,False,False,N,False,Intermediate/Middle School (Public),True,public,Active,Bharathi Lakshmanan,07/22/2024,rolling-hills-middle-los-gatos
43693936046676,060720000675,Rosemary,Campbell Union,Santa Clara,43,401 West Hamilton Avenue,Campbell,95008-0509,(408) 364-4254,https://rosemary.campbellusd.org/,37.294331,-121.95694,0.0,5.0,K-5,GSserved,elementary,False,False,False,False,N,False,Elementary School (Public),True,public,Active,Bharathi Lakshmanan,07/22/2024,rosemary-campbell
43693936046692,060720007427,Sherman Oaks Elementary,Campbell Union,Santa Clara,43,1800 Fruitdale Avenue,San Jose,95128-4970,(408) 795-1140,www.campbellusd.k12.ca.us/soaks,37.310626,-121.92434,0.0,8.0,K-8,GSserved,k8,True,False,True,False,N,False,Elementary School (Public),True,public,Active,Bharathi Lakshmanan,07/22/2024,sherman-oaks-elementary-san-jose
43693930106005,060720011447,Village,Campbell Union,Santa Clara,43,825 West Parr Avenue,Campbell,95008-6803,(408) 341-7042,www.campbellusd.org,37.26414,-121.96438,0.0,5.0,K-5,GSserved,elementary,True,False,False,False,N,False,Elementary School (Public),True,public,Active,Bharathi Lakshmanan,07/22/2024,village-campbell
43694196046940,061029001139,Abraham Lincoln Elementary,Cupertino Union,Santa Clara,43,21710 McClellan Road,Cupertino,95014-4054,(408) 252-4798,No Data,37.315469,-122.05336,0.0,5.0,K-5,GSserved,elementary,False,False,False,False,N,False,Elementary School (Public),True,public,Active,Joanne Conner,07/31/2023,abraham-lincoln-elementary-cupertino
43694196067185,061029001125,Blue Hills Elementary,Cupertino Union,Santa Clara,43,12300 De Sanka Avenue,Saratoga,95070-3151,(408) 257-9282,No Data,37.290073,-122.02589,0.0,5.0,K-5,GSserved,elementary,False,False,False,False,N,False,Elementary School (Public),True,public,Active,Ann Mitchell,02/09/2023,blue-hills-elementary-saratoga
43694196046718,061029007787,C. B. Eaton Elementary,Cupertino Union,Santa Clara,43,20220 Suisun Drive,Cupertino,95014-4428,(408) 255-2848,No Data,37.315251,-122.02619,0.0,5.0,K-5,GSserved,elementary,False,False,False,False,N,False,Elementary School (Public),True,public,Active,Chia-Ching Lin,06/30/2026,c-b-eaton-elementary-cupertino
43694196046742,061029001146,Chester W. Nimitz Elementary,Cupertino Union,Santa Clara,43,545 East Cheyenne Drive,Sunnyvale,94087-4421,(408) 736-2180,No Data,37.346742,-122.03575,0.0,5.0,K-5,GSserved,elementary,False,False,False,False,N,False,Elementary School (Public),True,public,Active,Yvonne Sugimura,08/19/2025,chester-w-nimitz-elementary-sunnyvale
43694196046932,061029009356,Christa McAuliffe,Cupertino Union,Santa Clara,43,12211 Titus Avenue,Saratoga,95070-3456,(408) 253-4696,No Data,37.292892,-122.00966,0.0,8.0,K-8,GSserved,k8,False,False,False,False,N,False,Elementary School (Public),True,public,Active,Marie Crawford,06/30/2026,christa-mcauliffe-saratoga
43694196046767,061029001127,Cupertino Middle,Cupertino Union,Santa Clara,43,1650 South Bernardo Avenue,Sunnyvale,94087-5256,(408) 245-0303,No Data,37.340131,-122.05942,6.0,8.0,6-8,GSserved,middle,False,False,False,False,N,False,Intermediate/Middle School (Public),True,public,Active,Alison Zuniga,08/19/2025,cupertino-middle-sunnyvale
43694196046775,061029004034,D. J. Sedgwick Elementary,Cupertino Union,Santa Clara,43,19200 Phil Lane,Cupertino,95014-3566,(408) 252-3103,No Data,37.316097,-122.00876,0.0,5.0,K-5,GSserved,elementary,False,False,False,False,N,False,Elementary School (Public),True,public,Active,Joan Orvick,08/21/2024,d-j-sedgwick-elementary-cupertino
43694196046809,061029001132,Dwight D. Eisenhower Elementary,Cupertino Union,Santa Clara,43,277 Rodonovan Drive,Santa Clara,95051-6656,(408) 248-4313,No Data,37.329181,-121.98939,0.0,5.0,K-5,GSserved,elementary,False,False,False,False,N,False,Elementary School (Public),True,public,Active,Deborah Lopez,06/30/2026,dwight-d-eisenhower-elementary-santa-clara
43694196046841,061029001134,Garden Gate Elementary,Cupertino Union,Santa Clara,43,10500 Ann Arbor Avenue,Cupertino,95014-1661,(408) 252-5414,No Data,37.329659,-122.04533,0.0,5.0,K-5,GSserved,elementary,False,False,False,False,N,False,Elementary School (Public),True,public,Active,Jenny Kim,06/30/2026,garden-gate-elementary-cupertino
43694196046882,061029001142,Joaquin Miller Middle,Cupertino Union,Santa Clara,43,6151 Rainbow Drive,San Jose,95129-4043,(408) 252-3755,No Data,37.301254,-122.0121,6.0,8.0,6-8,GSserved,middle,False,False,True,False,N,False,Intermediate/Middle School (Public),True,public,Active,Howard Greenfield,06/30/2026,joaquin-miller-middle-san-jose
43694196046890,061029001138,John F. Kennedy Middle,Cupertino Union,Santa Clara,43,821 Bubb Road,Cupertino,95014-4938,(408) 253-1525,No Data,37.313232,-122.05052,6.0,8.0,6-8,GSserved,middle,False,False,False,False,N,False,Intermediate/Middle School (Public),True,public,Active,George Vuong,06/30/2026,john-f-kennedy-middle-cupertino
43694196046908,061029001144,John Muir Elementary,Cupertino Union,Santa Clara,43,6560 Hanover Drive,San Jose,95129-3832,(408) 252-5265,No Data,37.300409,-122.01946,0.0,5.0,K-5,GSserved,elementary,False,False,True,False,N,False,Elementary School (Public),True,public,Active,Jonathan Mach,08/19/2025,john-muir-elementary-san-jose
43694196046759,061029008815,L. P. Collins Elementary,Cupertino Union,Santa Clara,43,10300 Blaney Avenue,Cupertino,95014-2332,(408) 252-6002,No Data,37.318574,-122.02308,0.0,5.0,K-5,GSserved,elementary,False,False,False,False,N,False,Elementary School (Public),True,public,Active,Norma Salas,08/19/2025,l-p-collins-elementary-cupertino
43694196046957,061029001153,Louis E. Stocklmeir Elementary,Cupertino Union,Santa Clara,43,592 Dunholme Way,Sunnyvale,94087-3300,(408) 732-3363,No Data,37.344802,-122.02646,0.0,5.0,K-5,GSserved,elementary,False,False,False,False,N,False,Elementary School (Public),True,public,Active,Nicole Paredes,06/30/2026,louis-e-stocklmeir-elementary-sunnyvale
43694196046965,061029001128,Manuel De Vargas Elementary,Cupertino Union,Santa Clara,43,5050 Moorpark Avenue,San Jose,95129-2136,(408) 252-0303,No Data,37.310596,-121.99102,0.0,5.0,K-5,GSserved,elementary,False,False,False,False,N,False,Elementary School (Public),True,public,Active,Kerstin Johnson,08/21/2024,manuel-de-vargas-elementary-san-jose
43694196046981,061029001143,Montclaire Elementary,Cupertino Union,Santa Clara,43,1160 Street Joseph Avenue,Los Altos,94024-6755,(650) 967-9388,No Data,37.343291,-122.08241,0.0,5.0,K-5,GSserved,elementary,False,False,False,False,N,False,Elementary School (Public),True,public,Active,Amy Maiden,02/09/2023,montclaire-elementary-los-altos
43694196047039,061029005406,Murdock-Portal Elementary,Cupertino Union,Santa Clara,43,1188 Wunderlich Drive,San Jose,95129-3163,(408) 973-8191,No Data,37.30381,-121.99952,0.0,5.0,K-5,GSserved,elementary,False,False,False,False,N,False,Elementary School (Public),True,public,Active,Alison Luvara,02/09/2023,murdock-portal-elementary-san-jose
43694196047005,061029001129,Nelson S. Dilworth Elementary,Cupertino Union,Santa Clara,43,1101 Strayer Drive,San Jose,95129-4065,(408) 253-2850,No Data,37.306291,-122.00688,0.0,5.0,K-5,GSserved,elementary,False,False,False,False,N,False,Elementary School (Public),True,public,Active,Sarah Kurdziel,07/31/2023,nelson-s-dilworth-elementary-san-jose
43694190108126,061029011448,Sam H. Lawson Middle,Cupertino Union,Santa Clara,43,10401 Vista Drive,Cupertino,95014-2081,(408) 255-7500,No Data,37.328413,-122.02677,6.0,8.0,6-8,GSserved,middle,False,False,False,False,N,False,Intermediate/Middle School (Public),True,public,Active,Melissa Maisen,08/19/2025,sam-h-lawson-middle-cupertino
43694196047088,061029001152,Stevens Creek Elementary,Cupertino Union,Santa Clara,43,10300 Ainsworth Drive,Cupertino,95014-1099,(408) 245-3312,No Data,37.32731,-122.0643,0.0,5.0,K-5,GSserved,elementary,False,False,False,False,N,False,Elementary School (Public),True,public,Active,Erin Leary,08/19/2025,stevens-creek-elementary-cupertino
43694196047096,061029001136,Warren E. Hyde Middle,Cupertino Union,Santa Clara,43,19325 Bollinger Road,Cupertino,95014-4657,(408) 252-6290,No Data,37.31055,-122.01172,6.0,8.0,6-8,GSserved,middle,False,False,False,False,N,False,Intermediate/Middle School (Public),True,public,Active,Nick Prychodko,08/21/2024,warren-e-hyde-middle-cupertino
43694196047104,061029001154,West Valley Elementary,Cupertino Union,Santa Clara,43,1635 Belleville Way,Sunnyvale,94087-3926,(408) 245-0148,No Data,37.339923,-122.06077,0.0,5.0,K-5,GSserved,elementary,False,False,False,False,N,False,Elementary School (Public),True,public,Active,Shanelle Enchill,06/30/2026,west-valley-elementary-sunnyvale
43694196047112,061029001133,William Faria Elementary,Cupertino Union,Santa Clara,43,10155 Barbara Lane,Cupertino,95014-2901,(408) 252-0706,No Data,37.320669,-122.03875,0.0,5.0,K-5,GSserved,elementary,False,False,False,False,N,False,Elementary School (Public),True,public,Active,Michael Kim-Stevens,08/19/2025,william-faria-elementary-cupertino
43694274330726,061182010666,Escuela Popular Accelerated Family Learning,East Side Union High,Santa Clara,43,149 North White Road,San Jose,95127-1936,(408) 275-7190,www.escuelapopular.org,37.369029,-121.8317,0.0,12.0,K-12,GSserved,k12,True,False,True,False,N,False,K-12 School (Public),True,public,Active,Patricia Reguerin,04/04/2023,escuela-popular-accelerated-family-learning-san-jose
43694356047120,061314001490,Cadwallader Elementary,Evergreen Elementary,Santa Clara,43,3799 Cadwallader Avenue,San Jose,95121-1114,(408) 270-4950,No Data,37.306698,-121.78763,0.0,6.0,K-6,GSserved,elementary,False,False,False,False,N,False,Elementary School (Public),True,public,Active,Jennifer Diehl,08/08/2024,cadwallader-elementary-san-jose
43694350102616,061314011451,Carolyn A. Clark Elementary,Evergreen Elementary,Santa Clara,43,3701 Rue Mirassou Drive,San Jose,95148-4382,(408) 223-4560,www.eesd.org,37.321714,-121.76937,0.0,6.0,K-6,GSserved,elementary,False,False,False,False,N,False,Elementary School (Public),True,public,Active,Loan Dinh,08/08/2024,carolyn-a-clark-elementary-san-jose
43694356067193,061314001491,Cedar Grove Elementary,Evergreen Elementary,Santa Clara,43,2702 Sugar Plum Drive,San Jose,95148-2042,(408) 270-4958,No Data,37.331164,-121.79361,0.0,6.0,K-6,GSserved,elementary,False,False,False,False,N,False,Elementary School (Public),True,public,Active,Heather Cardona,08/18/2026,cedar-grove-elementary-san-jose
43694356110159,061314010321,Chaboya Middle,Evergreen Elementary,Santa Clara,43,3276 Cortona Drive,San Jose,95135-1180,(408) 270-6900,No Data,37.312333,-121.768,7.0,8.0,7-8,GSserved,middle,False,False,False,False,N,False,Junior High School (Public),True,public,Active,Michal Nozik,08/08/2024,chaboya-middle-san-jose
43694356047138,061314001492,Evergreen Elementary,Evergreen Elementary,Santa Clara,43,3010 Fowler Road,San Jose,95135-1017,(408) 270-4966,No Data,37.310525,-121.77793,0.0,6.0,K-6,GSserved,elementary,False,False,False,False,N,False,Elementary School (Public),True,public,Active,Diana Nakano,08/08/2024,evergreen-elementary-san-jose
43694356085690,061314001493,George V. LeyVa Intermediate,Evergreen Elementary,Santa Clara,43,1865 Monrovia Drive,San Jose,95122-1505,(408) 270-4993,No Data,37.314281,-121.81263,7.0,8.0,7-8,GSserved,middle,False,False,False,False,N,False,Intermediate/Middle School (Public),True,public,Active,Jim Grassi,08/08/2024,george-v-leyva-intermediate-san-jose
43694356047146,061314001494,Holly Oak Elementary,Evergreen Elementary,Santa Clara,43,2995 Rossmore Way,San Jose,95148-3527,(408) 270-4975,No Data,37.31875,-121.79765,0.0,6.0,K-6,GSserved,elementary,False,False,True,False,N,False,Elementary School (Public),True,public,Active,Armando Lara,05/23/2025,holly-oak-elementary-san-jose
43694356117956,061314008631,James Franklin Smith Elementary,Evergreen Elementary,Santa Clara,43,2220 Woodbury Lane,San Jose,95121-3233,(408) 532-2150,No Data,37.297368,-121.78799,0.0,6.0,K-6,GSserved,elementary,False,False,False,False,N,False,Elementary School (Public),True,public,Active,Alexis O'Flaherty,09/12/2025,james-franklin-smith-elementary-san-jose
43694356095988,061314001495,John J. Montgomery Elementary,Evergreen Elementary,Santa Clara,43,2010 Daniel Maloney Drive,San Jose,95121-1328,(408) 270-6718,No Data,37.307734,-121.80108,0.0,6.0,K-6,GSserved,elementary,False,False,False,False,N,False,Elementary School (Public),True,public,Active,Jaime Hammond,02/09/2023,john-j-montgomery-elementary-san-jose
43694356047153,061314001496,Katherine R. Smith Elementary,Evergreen Elementary,Santa Clara,43,2025 Clarice Drive,San Jose,95122-1204,(408) 270-6751,No Data,37.326253,-121.82206,0.0,6.0,K-6,GSserved,elementary,False,False,False,False,N,False,Elementary School (Public),True,public,Active,Doris Malmin,09/12/2025,katherine-r-smith-elementary-san-jose
43694356105787,061314008836,Millbrook Elementary,Evergreen Elementary,Santa Clara,43,3200 Millbrook Drive,San Jose,95148-3681,(408) 270-6767,No Data,37.319487,-121.78805,0.0,6.0,K-6,GSserved,elementary,False,False,False,False,N,False,Elementary School (Public),True,public,Active,Steve Sweeney,05/30/2024,millbrook-elementary-san-jose
43694356102081,061314007708,Norwood Creek Elementary,Evergreen Elementary,Santa Clara,43,3241 Remington Way,San Jose,95148-2757,(408) 270-6727,No Data,37.328173,-121.78862,0.0,6.0,K-6,GSserved,elementary,False,False,False,False,N,False,Elementary School (Public),True,public,Active,Tonya Bailey,02/09/2023,norwood-creek-elementary-san-jose
43694356047161,061314001498,O. B. Whaley Elementary,Evergreen Elementary,Santa Clara,43,2655 Alvin Avenue,San Jose,95121-1609,(408) 270-6759,No Data,37.31619,-121.82424,0.0,6.0,K-6,GSserved,elementary,False,False,False,False,N,False,Elementary School (Public),True,public,Active,Gina Ornellas,05/30/2024,o-b-whaley-elementary-san-jose
43694356047179,061314001499,Quimby Oak Middle,Evergreen Elementary,Santa Clara,43,3190 Quimby Road,San Jose,95148-3022,(408) 270-6735,No Data,37.324774,-121.78708,7.0,8.0,7-8,GSserved,middle,False,False,False,False,N,False,Intermediate/Middle School (Public),True,public,Active,Virginia Gaeta,02/09/2023,quimby-oak-middle-san-jose
43694356111942,061314004054,Silver Oak Elementary,Evergreen Elementary,Santa Clara,43,5000 Farnsworth Drive,San Jose,95138-2336,(408) 223-4515,No Data,37.284241,-121.77369,0.0,6.0,K-6,GSserved,elementary,False,False,False,False,N,False,Elementary School (Public),True,public,Active,Celestina Pakel,09/12/2025,silver-oak-elementary-san-jose
43694356115851,061314007788,Tom Matsumoto Elementary,Evergreen Elementary,Santa Clara,43,4121 Mackin Woods Lane,San Jose,95135-1159,(408) 223-4873,No Data,37.312017,-121.76502,0.0,6.0,K-6,GSserved,elementary,False,False,False,False,N,False,Elementary School (Public),True,public,Active,Gokcen Ceran,08/27/2024,tom-matsumoto-elementary-san-jose
43694500129247,061437013740,ACE Esperanza Middle,Franklin-McKinley Elementary,Santa Clara,43,1665 Santee Drive,San Jose,95112-2865,(408) 729-3420,www.acecharter.org,37.328016,-121.84531,5.0,8.0,5-8,GSserved,middle,True,False,False,False,N,False,Intermediate/Middle School (Public),True,public,Active,Kennedy Hilario,03/19/2024,ace-esperanza-middle-san-jose
43694506047229,061437001643,Bridges Academy,Franklin-McKinley Elementary,Santa Clara,43,1702 Mclaughlin Avenue,San Jose,95122-2936,(408) 283-6400,No Data,37.325456,-121.84646,7.0,8.0,7-8,GSserved,middle,False,False,False,False,N,False,Intermediate/Middle School (Public),True,public,Active,Maria Trejo,07/08/2025,bridges-academy-san-jose
43694506047211,061437001646,Captain Jason M. Dahl Elementary,Franklin-McKinley Elementary,Santa Clara,43,3200 Water Street,San Jose,95111-3236,(408) 363-5650,No Data,37.288155,-121.84003,0.0,6.0,K-6,GSserved,elementary,False,False,False,False,N,False,Elementary School (Public),True,public,Active,Michelle Quilantang,02/09/2023,captain-jason-m-dahl-elementary-san-jose
43694500127225,061437013199,College Connection Academy,Franklin-McKinley Elementary,Santa Clara,43,1855 Lucretia Avenue,San Jose,95122-3730,(408) 347-4827,http://fmsd.org,37.320115,-121.84751,7.0,8.0,7-8,GSserved,middle,False,False,False,False,N,False,Intermediate/Middle School (Public),True,public,Active,Juan Alcantar,07/27/2023,college-connection-academy-san-jose
43694506047195,061437001644,Franklin Elementary,Franklin-McKinley Elementary,Santa Clara,43,420 Tully Road,San Jose,95111-1914,(408) 283-6375,No Data,37.305453,-121.85107,0.0,6.0,K-6,GSserved,elementary,False,False,False,False,N,False,Elementary School (Public),True,public,Active,Kristen Kovac,07/25/2023,franklin-elementary-san-jose
43694506047237,061437001648,G. W. Hellyer Elementary,Franklin-McKinley Elementary,Santa Clara,43,725 Hellyer Ave,San Jose,95111-1523,(408) 363-5750,No Data,37.284831,-121.82029,0.0,6.0,K-6,GSserved,elementary,False,False,False,False,N,False,Elementary School (Public),True,public,Active,Jose Jacinto,07/15/2025,g-w-hellyer-elementary-san-jose
43694506047245,061437001649,Jeanne R. Meadows Elementary,Franklin-McKinley Elementary,Santa Clara,43,1250 Taper Lane,San Jose,95122-2950,(408) 283-6300,No Data,37.320969,-121.83953,0.0,6.0,K-6,GSserved,elementary,False,False,False,False,N,False,Elementary School (Public),True,public,Active,Magdalena Moore,07/15/2025,jeanne-r-meadows-elementary-san-jose
43694500129205,061437013763,KIPP Heritage Academy,Franklin-McKinley Elementary,Santa Clara,43,423 Los Arboles Street,San Jose,95111-2344,(408) 283-6260,www.kippbayarea.org,37.285716,-121.83177,5.0,8.0,5-8,GSserved,middle,True,False,False,True,N,False,Intermediate/Middle School (Public),True,public,Active,Danica Donnelly,02/09/2023,kipp-heritage-academy-san-jose
43694506047260,061437001651,Lairon College Preparatory Academy,Franklin-McKinley Elementary,Santa Clara,43,3975 Mira Loma,San Jose,95111-3520,(408) 363-5775,No Data,37.28238,-121.82885,0.0,6.0,K-6,GSserved,elementary,False,False,False,False,N,False,Elementary School (Public),True,public,Active,Joseph Hanna,07/09/2025,lairon-college-preparatory-academy-san-jose
43694506067201,061437001647,Robert F. Kennedy Elementary,Franklin-McKinley Elementary,Santa Clara,43,1602 Lucretia Avenue,San Jose,95122-3812,(408) 283-6325,No Data,37.324997,-121.8524,0.0,6.0,K-6,GSserved,elementary,False,False,False,False,N,False,Elementary School (Public),True,public,Active,Mariana Alvarez,02/09/2023,robert-f-kennedy-elementary-san-jose
43694500123299,061437012645,Rocketship Mosaic Elementary,Franklin-McKinley Elementary,Santa Clara,43,950 Owsley Avenue,San Jose,95122-3109,(877) 806-0920,www.rocketshipschools.org/schools/mosaic-elementary/,37.329389,-121.85596,0.0,5.0,K-5,GSserved,elementary,True,False,False,False,N,False,Elementary School (Public),True,public,Active,Maricela Guerrero,09/08/2025,rocketship-mosaic-elementary-san-jose
43694500128108,061437013582,Rocketship Spark Academy,Franklin-McKinley Elementary,Santa Clara,43,683 Sylvandale Avenue,San Jose,95111-1414,(877) 806-0920,www.rocketshipschools.org/schools/spark-academy/,37.287979,-121.82214,0.0,5.0,K-5,GSserved,elementary,True,False,False,False,N,False,Elementary School (Public),True,public,Active,Maricela Guerrero,09/08/2025,rocketship-spark-academy-san-jose
43694506047252,061437001650,Santee Elementary,Franklin-McKinley Elementary,Santa Clara,43,1313 Audubon Drive,San Jose,95122-3211,(408) 283-6450,No Data,37.328062,-121.84671,0.0,6.0,K-6,GSserved,elementary,False,False,False,False,N,False,Elementary School (Public),True,public,Active,Maria Reyes,02/09/2023,santee-elementary-san-jose
43694506115943,061437008352,"Shirakawa (George, Sr.) Elementary",Franklin-McKinley Elementary,Santa Clara,43,665 Wool Creek Drive,San Jose,95112-2617,(408) 283-6086,No Data,37.316085,-121.84974,0.0,6.0,K-6,GSserved,elementary,False,False,False,False,N,False,Elementary School (Public),True,public,Active,Rochelle Espitia,07/09/2025,shirakawa-george-sr-elementary-san-jose
43694506071542,061437001652,Stonegate Elementary,Franklin-McKinley Elementary,Santa Clara,43,2605 Gassmann Drive,San Jose,95121-2812,(408) 363-5625,No Data,37.308515,-121.83635,0.0,8.0,K-8,GSserved,k8,False,False,False,False,N,False,Elementary School (Public),True,public,Active,Jahsve Worthy,07/08/2025,stonegate-elementary-san-jose
43694506047278,061437001653,Sylvandale Middle,Franklin-McKinley Elementary,Santa Clara,43,653 Sylvandale Avenue,San Jose,95111-1414,(408) 363-5700,No Data,37.287864,-121.82531,7.0,8.0,7-8,GSserved,middle,False,False,False,False,N,False,Intermediate/Middle School (Public),True,public,Active,Juan Carlos Alvarado,06/27/2024,sylvandale-middle-san-jose
43694500113662,061437012031,Voices College-Bound Language Academy,Franklin-McKinley Elementary,Santa Clara,43,715 Hellyer Avenue,San Jose,95111-1584,(408) 361-1960,https://voicesacademies.org/,37.284739,-121.82181,0.0,8.0,K-8,GSserved,k8,True,False,True,False,N,False,Elementary School (Public),True,public,Active,Aldo Ramirez,02/25/2026,voices-college-bound-language-academy-san-jose
43694506105795,061437008840,Windmill Springs Elementary,Franklin-McKinley Elementary,Santa Clara,43,2880 Aetna Way,San Jose,95121-2301,(408) 363-5600,No Data,37.306212,-121.82428,0.0,8.0,K-8,GSserved,k8,False,False,True,False,N,False,Elementary School (Public),True,public,Active,Jose Sanchez,07/08/2025,windmill-springs-elementary-san-jose
43694846111785,061518004070,Brownell Middle,Gilroy Unified,Santa Clara,43,7800 Carmel Street,Gilroy,95020-5043,(669) 205-5100,http://brownell.gilroyunified.org/,37.01106,-121.57878,6.0,8.0,6-8,GSserved,middle,False,False,False,False,N,False,Intermediate/Middle School (Public),True,public,Active,Anthony Fuccella,07/29/2026,brownell-middle-gilroy
43694846047294,061518001909,El Roble Elementary,Gilroy Unified,Santa Clara,43,930 Third Street,Gilroy,95020-4915,(669) 205-4200,http://elroble.gilroyunified.org/,37.008076,-121.58551,0.0,5.0,K-5,GSserved,elementary,False,False,False,False,N,False,Elementary School (Public),True,public,Active,Camille Epps,02/09/2023,el-roble-elementary-gilroy
43694846047302,061518001910,Eliot Elementary,Gilroy Unified,Santa Clara,43,475 Old Gilroy Street,Gilroy,95020-6214,(669) 205-4300,http://eliot.gilroyunified.org/,37.005988,-121.5617,0.0,5.0,K-5,GSserved,elementary,False,False,False,False,N,False,Elementary School (Public),True,public,Active,Maricela Rivera,02/09/2023,eliot-elementary-gilroy
43694840123760,061518012751,Gilroy Prep (a Navigator School),Gilroy Unified,Santa Clara,43,277 IOOF Avenue,Gilroy,95020-5209,(408) 337-5445,www.gilroyprep.org,37.014489,-121.5703,0.0,8.0,K-8,GSserved,k8,True,False,False,False,N,False,Elementary School (Public),True,public,Active,Shauna Schmidt,08/04/2026,gilroy-prep-a-navigator-school-gilroy
43694846047310,061518001912,Glen View Elementary,Gilroy Unified,Santa Clara,43,600 Eighth Street,Gilroy,95020,(669) 205-4400,http://glenview.gilroyunified.org/,37.001141,-121.57424,0.0,5.0,K-5,GSserved,elementary,False,False,False,False,N,False,Elementary School (Public),True,public,Active,Christine Vasquez,02/09/2023,glen-view-elementary-gilroy
43694846047328,061518001914,Las Animas Elementary,Gilroy Unified,Santa Clara,43,6550 Cimino Street,Gilroy,95020-3453,(669) 205-4500,http://lasanimas.gilroyunified.org/,36.98984,-121.58155,0.0,5.0,K-5,GSserved,elementary,False,False,True,False,N,False,Elementary School (Public),True,public,Active,Shannon Rafat,09/13/2024,las-animas-elementary-gilroy
43694846047286,061518001908,Luigi Aprea Elementary,Gilroy Unified,Santa Clara,43,9225 Calle del Rey,Gilroy,95020-5043,(669) 205-4600,http://luigi-gusd-ca.schoolloop.com/,37.025388,-121.60346,0.0,5.0,K-5,GSserved,elementary,False,False,False,False,N,False,Elementary School (Public),True,public,Active,Lisa Aguerria,07/29/2026,luigi-aprea-elementary-gilroy
43694846106991,061518009140,Rod Kelley Elementary,Gilroy Unified,Santa Clara,43,8755 Kern Avenue,Gilroy,95020-4034,(669) 205-4700,http://rodkelley.gilroyunified.org/,37.021191,-121.59161,0.0,5.0,K-5,GSserved,elementary,False,False,True,False,N,False,Elementary School (Public),True,public,Active,Anthony Alvarado,07/29/2026,rod-kelley-elementary-gilroy
43694846047336,061518001916,Rucker Elementary,Gilroy Unified,Santa Clara,43,325 Santa Clara Avenue,Gilroy,95020-9286,(669) 205-4800,https://rucker.gilroyunified.org/,37.054209,-121.58602,0.0,5.0,K-5,GSserved,elementary,False,False,False,False,N,False,Elementary School (Public),True,public,Active,Tami Espinosa,11/02/2023,rucker-elementary-gilroy
43694840100990,061518011203,Solorsano Middle,Gilroy Unified,Santa Clara,43,7121 Grenache Way,Gilroy,95020-2500,(669) 205-5000,http://asms.gilroyunified.org/,37.000729,-121.59304,6.0,8.0,6-8,GSserved,middle,False,False,False,False,N,False,Intermediate/Middle School (Public),True,public,Active,Hilda Aguirre,02/09/2023,solorsano-middle-gilroy
43694846098214,061518001918,South Valley Middle,Gilroy Unified,Santa Clara,43,7881 Murray Avenue,Gilroy,95020-5205,(669) 205-5200,https://svms.gilroyunified.org/,37.016304,-121.56703,6.0,8.0,6-8,GSserved,middle,False,False,True,False,N,False,Intermediate/Middle School (Public),True,public,Active,Maritza Salcido,08/07/2025,south-valley-middle-gilroy
43694926047351,062070002488,Lakeside Elementary,Lakeside Joint,Santa Clara,43,19621 Black Road,Los Gatos,95033-9587,(408) 354-2372,https://www.lakesidelosgatos.org/,37.193221,-122.01823,0.0,5.0,K-5,GSserved,elementary,False,False,False,False,N,False,Elementary School in 1 School District (Public),True,public,Active,Steve Burrell,05/29/2026,lakeside-elementary-los-gatos
43695006093058,062235002672,C. T. English Middle,Loma Prieta Joint Union Elementary,Santa Clara,43,23800 Summit Road,Los Gatos,95033-4054,(408) 353-1123,No Data,37.124979,-121.93844,6.0,8.0,6-8,GSserved,middle,False,False,False,False,N,False,Intermediate/Middle School (Public),True,public,Active,Amy Ramsay,02/09/2023,c-t-english-middle-los-gatos
43695006047369,062235002673,Loma Prieta Elementary,Loma Prieta Joint Union Elementary,Santa Clara,43,23800 Summit Road,Los Gatos,95033-4054,(408) 353-1106,No Data,37.124979,-121.93844,0.0,5.0,K-5,GSserved,elementary,False,False,False,False,N,False,Elementary School (Public),True,public,Active,Amy Ramsay,02/09/2023,loma-prieta-elementary-los-gatos
43695186047377,062265002782,Almond Elementary,Los Altos Elementary,Santa Clara,43,550 Almond Avenue,Los Altos,94022-2312,(650) 917-5400,www.almondschool.org,37.384953,-122.10179,0.0,6.0,K-6,GSserved,elementary,False,False,False,False,N,False,Elementary School (Public),True,public,Active,Raquel Matteroli,02/09/2023,almond-elementary-los-altos
43695186047385,062265002786,Ardis G. Egan Junior High,Los Altos Elementary,Santa Clara,43,100 West Portola Avenue,Los Altos,94022-1210,(650) 917-2200,www.eganschool.org,37.396783,-122.11629,7.0,8.0,7-8,GSserved,middle,False,False,False,False,N,False,Junior High School (Public),True,public,Active,Lisa Taormina,08/21/2025,ardis-g-egan-junior-high-los-altos
43695186047401,062265011202,Covington Elementary,Los Altos Elementary,Santa Clara,43,205 Covington Road,Los Altos,94024-4030,(650) 947-1100,www.covingtonschool.org,37.370625,-122.10778,0.0,6.0,K-6,GSserved,elementary,False,False,False,False,N,False,Elementary School (Public),True,public,Active,Kate Schermerhorn,08/18/2026,covington-elementary-los-altos
43695186047427,062265011796,Gardner Bullis Elementary,Los Altos Elementary,Santa Clara,43,25890 Fremont Road,Los Altos Hills,94022-2617,(650) 559-3200,www.gardnerbullis.org,37.382021,-122.12864,0.0,6.0,K-6,GSserved,elementary,False,False,False,False,N,False,Elementary School (Public),True,public,Active,Ellen Kraska,08/18/2026,gardner-bullis-elementary-los-altos-hills
43695186047435,062265002783,Georgina P. Blach Junior High,Los Altos Elementary,Santa Clara,43,1120 Covington Road,Los Altos,94024-5005,(650) 934-3800,www.blachschool.org,37.364574,-122.08286,7.0,8.0,7-8,GSserved,middle,False,False,False,False,N,False,Junior High School (Public),True,public,Active,Wade Spenader,08/21/2025,georgina-p-blach-junior-high-los-altos
43695186047450,062265002787,Loyola Elementary,Los Altos Elementary,Santa Clara,43,770 Berry Avenue,Los Altos,94024-5413,(650) 254-2400,www.loyolaschool.org,37.361368,-122.09337,0.0,6.0,K-6,GSserved,elementary,False,False,False,False,N,False,Elementary School (Public),True,public,Active,Kelly Rafferty,08/21/2024,loyola-elementary-los-altos
43695186047468,062265002788,Oak Avenue Elementary,Los Altos Elementary,Santa Clara,43,1501 Oak Avenue,Los Altos,94024-5831,(650) 237-3900,www.oakschool.org,37.356799,-122.07143,0.0,6.0,K-6,GSserved,elementary,False,False,False,False,N,False,Elementary School (Public),True,public,Active,Nikita Shah,09/11/2023,oak-avenue-elementary-los-altos
43695186047492,062265002789,Santa Rita Elementary,Los Altos Elementary,Santa Clara,43,700 Los Altos Avenue,Los Altos,94022-1631,(650) 559-1600,www.santaritaschool.org,37.393933,-122.12132,0.0,6.0,K-6,GSserved,elementary,False,False,False,False,N,False,Elementary School (Public),True,public,Active,Kevin Armstrong,08/18/2026,santa-rita-elementary-los-altos
43695186047500,062265002790,Springer Elementary,Los Altos Elementary,Santa Clara,43,1120 Rose Avenue,Mountain View,94040-4058,(650) 943-4200,www.springerschool.net,37.371011,-122.09402,0.0,6.0,K-6,GSserved,elementary,False,False,False,False,N,False,Elementary School (Public),True,public,Active,Sarah March,08/21/2024,springer-elementary-mountain-view
43695266047518,062283003489,Blossom Hill Elementary,Los Gatos Union Elementary,Santa Clara,43,16400 Blossom Hill Road,Los Gatos,95032-3553,(408) 335-2100,http://bh.lgusd.org,37.234743,-121.95624,0.0,5.0,K-5,GSserved,elementary,False,False,False,False,N,False,Elementary School (Public),True,public,Active,Clare Vickers,08/22/2023,blossom-hill-elementary-los-gatos
43695266047526,062283003490,Daves Avenue Elementary,Los Gatos Union Elementary,Santa Clara,43,17770 Daves Avenue,Los Gatos,95030-3218,(408) 335-2200,http://daves.lgusd.org,37.240939,-121.98207,0.0,5.0,K-5,GSserved,elementary,False,False,False,False,N,False,Elementary School (Public),True,public,Active,David Freed,08/18/2025,daves-avenue-elementary-los-gatos
43695266047534,062283003491,Lexington Elementary,Los Gatos Union Elementary,Santa Clara,43,19700 Old Santa Cruz Highway,Los Gatos,95033,(408) 335-2150,http://lex.lgusd.org,37.180458,-121.99249,0.0,5.0,K-5,GSserved,elementary,False,False,False,False,N,False,Elementary School (Public),True,public,Active,Jason Deppong,02/09/2023,lexington-elementary-los-gatos
43695266047542,062283003492,Louise Van Meter Elementary,Los Gatos Union Elementary,Santa Clara,43,16445 Los Gatos Boulevard,Los Gatos,95032-5524,(408) 335-2250,http://lvm.lgusd.org,37.230219,-121.96573,0.0,5.0,K-5,GSserved,elementary,False,False,False,False,N,False,Elementary School (Public),True,public,Active,Jenny Anderson,12/02/2025,louise-van-meter-elementary-los-gatos
43695266047567,062283003495,Raymond J. Fisher Middle,Los Gatos Union Elementary,Santa Clara,43,19195 Fisher Avenue,Los Gatos,95032-4510,(408) 335-2300,http://rjfisher.lgusd.org,37.23405,-121.96757,6.0,8.0,6-8,GSserved,middle,False,False,False,False,N,False,Intermediate/Middle School (Public),True,public,Active,Mary Lonhart,02/09/2023,raymond-j-fisher-middle-los-gatos
43695426047575,062313003530,Luther Burbank Elementary,Luther Burbank,Santa Clara,43,4 Wabash Avenue,San Jose,95128-1931,(408) 295-1814,https://www.lbsdk8.org/,37.323556,-121.9267,0.0,8.0,K-8,GSserved,k8,False,False,False,False,N,False,Elementary School in 1 School District (Public),True,public,Active,Ladislao Lopez,07/25/2024,luther-burbank-elementary-san-jose
43733876047583,062450003672,Alexander Rose Elementary,Milpitas Unified,Santa Clara,43,250 Roswell Drive,Milpitas,95035-5945,(408) 635-2668,www.musd.org,37.432219,-121.87707,0.0,6.0,K-6,GSserved,elementary,False,False,False,False,N,False,Elementary School (Public),True,public,Active,Ryan Startz,10/01/2025,alexander-rose-elementary-milpitas
43733876047591,062450003675,Anthony Spangler Elementary,Milpitas Unified,Santa Clara,43,140 North Abbott,Milpitas,95035-4849,(408) 635-2870,No Data,37.430325,-121.91456,0.0,6.0,K-6,GSserved,elementary,False,False,False,False,N,False,Elementary School (Public),True,public,Active,Parwinder Johal,02/09/2023,anthony-spangler-elementary-milpitas
43733876047609,062450003665,Curtner Elementary,Milpitas Unified,Santa Clara,43,275 Redwood,Milpitas,95035-3843,(408) 635-2852,No Data,37.440082,-121.91265,0.0,6.0,K-6,GSserved,elementary,False,False,False,False,N,False,Elementary School (Public),True,public,Active,Kevin Slavin,10/20/2023,curtner-elementary-milpitas
43733876047625,062450003674,John Sinnott Elementary,Milpitas Unified,Santa Clara,43,2025 Yellowstone Avenue,Milpitas,95035-6951,(408) 635-2674,No Data,37.424319,-121.86953,0.0,6.0,K-6,GSserved,elementary,False,False,False,False,N,False,Elementary School (Public),True,public,Active,Tawiah Burroughs,10/01/2025,john-sinnott-elementary-milpitas
43733876047633,062450003676,Joseph Weller Elementary,Milpitas Unified,Santa Clara,43,345 Boulder Drive,Milpitas,95035-2869,(408) 635-2876,No Data,37.457484,-121.90541,0.0,6.0,K-6,GSserved,elementary,False,False,False,False,N,False,Elementary School (Public),True,public,Active,Deanna Sainten,02/09/2023,joseph-weller-elementary-milpitas
43733870137505,062450014277,Mabel Mattos Elementary,Milpitas Unified,Santa Clara,43,1750 McCandless Drive,Milpitas,95035,(408) 635-2852,www.musd.org,37.405981,-121.89845,0.0,6.0,K-6,GSserved,elementary,False,False,False,False,N,False,Elementary School (Public),True,public,Active,Laurie Armino,10/01/2025,mabel-mattos-elementary-milpitas
43733876047641,062450003669,Marshall Pomeroy Elementary,Milpitas Unified,Santa Clara,43,1505 Escuela Parkway,Milpitas,95035-3213,(408) 635-2858,No Data,37.453954,-121.90214,0.0,6.0,K-6,GSserved,elementary,False,False,False,False,N,False,Elementary School (Public),True,public,Active,Nichol Klein,08/08/2024,marshall-pomeroy-elementary-milpitas
43733876067219,062450003677,Pearl Zanker Elementary,Milpitas Unified,Santa Clara,43,1585 Fallen Leaf Drive,Milpitas,95035-6762,(408) 635-2882,No Data,37.407667,-121.90486,0.0,6.0,K-6,GSserved,elementary,False,False,False,False,N,False,Elementary School (Public),True,public,Active,Hetal Patel,07/22/2024,pearl-zanker-elementary-milpitas
43733876047666,062450003670,Rancho Milpitas Middle,Milpitas Unified,Santa Clara,43,1915 Yellowstone Avenue,Milpitas,95035-6992,(408) 635-2656,No Data,37.42487,-121.87002,7.0,8.0,7-8,GSserved,middle,False,False,True,False,N,False,Intermediate/Middle School (Public),True,public,Active,Vern Caruz,05/23/2025,rancho-milpitas-middle-milpitas
43733876047674,062450003671,Robert Randall World Languages,Milpitas Unified,Santa Clara,43,1300 Edsel Drive,Milpitas,95035-5701,(408) 635-2662,No Data,37.430346,-121.88074,0.0,6.0,K-6,GSserved,elementary,False,False,True,False,N,False,Elementary School (Public),True,public,Active,Kristan Prolo,10/01/2025,robert-randall-world-languages-milpitas
43733876047682,062450009401,Thomas Russell Middle,Milpitas Unified,Santa Clara,43,1500 Escuela Parkway,Milpitas,95035-3220,(408) 635-2864,No Data,37.453899,-121.90174,7.0,8.0,7-8,GSserved,middle,False,False,False,False,N,False,Intermediate/Middle School (Public),True,public,Active,Shangrila Mia-Ramzan,06/29/2023,thomas-russell-middle-milpitas
43733876047690,062450003663,William Burnett Elementary,Milpitas Unified,Santa Clara,43,400 Fanyon,Milpitas,95035-4630,(408) 635-2650,No Data,37.441689,-121.88227,0.0,6.0,K-6,GSserved,elementary,False,False,False,False,N,False,Elementary School (Public),True,public,Active,Brandi McMillan,10/01/2025,william-burnett-elementary-milpitas
43695756047740,062577003853,Country Lane Elementary,Moreland,Santa Clara,43,5140 Country Lane,San Jose,95129-4299,(408) 874-3400,www.countrylane.moreland.org,37.298472,-121.99193,0.0,5.0,K-5,GSserved,elementary,False,False,False,False,N,False,Elementary School (Public),True,public,Active,Keri Billings,02/09/2023,country-lane-elementary-san-jose
43695756047765,062577003854,Easterbrook Discovery,Moreland,Santa Clara,43,4835 Doyle Road,San Jose,95129-3246,(408) 874-3500,www.easterbrook.moreland.org,37.303397,-121.98663,0.0,8.0,K-8,GSserved,k8,False,False,False,False,N,False,Elementary School (Public),True,public,Active,Sherri Vasquez,02/09/2023,easterbrook-discovery-san-jose
43695756047799,062577003856,George C. Payne Elementary,Moreland,Santa Clara,43,3750 Gleason Avenue,San Jose,95130-1323,(408) 874-3700,www.payne.moreland.org,37.297438,-121.96742,0.0,5.0,K-5,GSserved,elementary,False,False,False,False,N,False,Elementary School (Public),True,public,Active,Jeanette Escobar,08/21/2024,george-c-payne-elementary-san-jose
43695756047807,062577003857,Gussie M. Baker Elementary,Moreland,Santa Clara,43,4845 Bucknall Road,San Jose,95130-2021,(408) 874-3200,www.baker.moreland.org,37.283415,-121.98712,0.0,5.0,K-5,GSserved,elementary,False,False,False,False,N,False,Elementary School (Public),True,public,Active,Jenna Naylor,08/21/2024,gussie-m-baker-elementary-san-jose
43695750129940,062577013806,Latimer,Moreland,Santa Clara,43,4250 Latimer Avenue,San Jose,95130-1400,(408) 874-3600,www.latimer.moreland.org,37.292391,-121.97803,0.0,8.0,K-8,GSserved,k8,False,False,False,False,N,False,Elementary School (Public),True,public,Active,Hilary Gill,02/09/2023,latimer-san-jose
43695756047831,062577003860,Leroy Anderson Elementary,Moreland,Santa Clara,43,4000 Rhoda Drive,San Jose,95117-3225,(408) 874-3100,www.anderson.moreland.org,37.30466,-121.9715,0.0,5.0,K-5,GSserved,elementary,False,False,False,False,N,False,Elementary School (Public),True,public,Active,Jodi Rubino,08/21/2024,leroy-anderson-elementary-san-jose
43695756047781,062577003855,Moreland Middle,Moreland,Santa Clara,43,4600 Student Lane,San Jose,95130-1762,(408) 874-3300,www.mms.moreland.org,37.290191,-121.98411,6.0,8.0,6-8,GSserved,middle,False,False,False,False,N,False,Intermediate/Middle School (Public),True,public,Active,Theresa Molinelli,08/21/2023,moreland-middle-san-jose
43695836118376,062583010404,Barrett Elementary,Morgan Hill Unified,Santa Clara,43,895 Barrett Avenue,Morgan Hill,95037-5206,(408) 201-6340,No Data,37.122527,-121.63089,0.0,5.0,K-5,GSserved,elementary,False,False,False,False,N,False,Elementary School (Public),True,public,Active,Sheila Murphy,06/30/2025,barrett-elementary-morgan-hill
43695836118541,062583010405,Charter School of Morgan Hill,Morgan Hill Unified,Santa Clara,43,9530 Monterey Road,Morgan Hill,95037-9356,(408) 463-0618,www.csmh.org,37.198556,-121.72072,0.0,8.0,K-8,GSserved,k8,True,False,False,False,N,False,Elementary School (Public),True,public,Active,Susan Pfefferlen,08/12/2024,charter-school-of-morgan-hill-morgan-hill
43695836109375,062583009937,El Toro Health Science Academy,Morgan Hill Unified,Santa Clara,43,455 East Main Avenue,Morgan Hill,95037-3745,(408) 201-6380,No Data,37.125774,-121.66265,0.0,5.0,K-5,GSserved,elementary,False,False,False,False,N,False,Elementary School (Public),True,public,Active,Joe Guinane,05/23/2025,el-toro-health-science-academy-morgan-hill
43695836098263,062583003876,Jackson Academy of Music and Math (JAMM),Morgan Hill Unified,Santa Clara,43,2700 Fountain Oaks Drive,Morgan Hill,95037-3907,(408) 201-6400,No Data,37.138155,-121.6057,0.0,8.0,K-8,GSserved,k8,False,False,False,False,N,False,Elementary School (Public),True,public,Active,Patrick Buchser,05/23/2025,jackson-academy-of-music-and-math-jamm-morgan-hill
43695836095384,062583003871,Lewis H. Britton Middle,Morgan Hill Unified,Santa Clara,43,80 West Central Avenue,Morgan Hill,95037-4302,(408) 201-6160,No Data,37.131633,-121.65799,6.0,8.0,6-8,GSserved,middle,False,False,False,False,N,False,Junior High School (Public),True,public,Active,Nanette Donohue,05/23/2025,lewis-h-britton-middle-morgan-hill
43695836095392,062583003878,Los Paseos Elementary,Morgan Hill Unified,Santa Clara,43,121 Avenida Grande,San Jose,95139-1107,(408) 201-6420,No Data,37.228983,-121.76739,0.0,5.0,K-5,GSserved,elementary,False,False,False,False,N,False,Elementary School (Public),True,public,Active,Stormie Sutton,05/23/2025,los-paseos-elementary-san-jose
43695836100325,062583003880,Martin Murphy Middle,Morgan Hill Unified,Santa Clara,43,141 Avenida Espana,San Jose,95139-1164,(408) 201-6260,No Data,37.225583,-121.76693,6.0,8.0,6-8,GSserved,middle,False,False,False,False,N,False,Junior High School (Public),True,public,Active,Rick Ito,05/23/2025,martin-murphy-middle-san-jose
43695836047914,062583003881,Nordstrom Elementary,Morgan Hill Unified,Santa Clara,43,1425 East Dunne Avenue,Morgan Hill,95037-7029,(408) 201-6440,No Data,37.134513,-121.62614,0.0,5.0,K-5,GSserved,elementary,False,False,False,False,N,False,Elementary School (Public),True,public,Active,Garner Green,06/30/2025,nordstrom-elementary-morgan-hill
43695836047922,062583003884,P. A. Walsh STEAM Academy,Morgan Hill Unified,Santa Clara,43,353 West Main Avenue,Morgan Hill,95037-4530,(408) 201-6500,No Data,37.12671,-121.66109,0.0,5.0,K-5,GSserved,elementary,False,False,True,False,N,False,Elementary School (Public),True,public,Active,Juan Carlos Cuevas,05/23/2025,p-a-walsh-steam-academy-morgan-hill
43695836098271,062583003882,Paradise Valley Engineering Academy,Morgan Hill Unified,Santa Clara,43,1400 La Crosse Drive,Morgan Hill,95037-5675,(408) 201-6460,No Data,37.104107,-121.64977,0.0,5.0,K-5,GSserved,elementary,False,False,False,False,N,False,Elementary School (Public),True,public,Active,Jennifer Lashier,06/30/2025,paradise-valley-engineering-academy-morgan-hill
43695836047948,062583003883,San Martin Gwinn Environmental Science Academy,Morgan Hill Unified,Santa Clara,43,13745 Llagas Avenue,San Martin,95046-9517,(408) 201-6480,No Data,37.089976,-121.60918,0.0,8.0,K-8,GSserved,k8,False,False,True,False,N,False,Elementary School (Public),True,public,Active,Guillermo Ramos,06/17/2025,san-martin-gwinn-environmental-science-academy-san-martin
43696176048037,062640003987,August Boeger Middle,Mount Pleasant Elementary,Santa Clara,43,1944 Flint Avenue,San Jose,95148-1213,(408) 223-3770,https://augustboeger.mpesd.org/,37.347153,-121.80143,6.0,8.0,6-8,GSserved,middle,False,False,False,False,N,False,Intermediate/Middle School (Public),True,public,Active,Raquel Topete,05/20/2025,august-boeger-middle-san-jose
43696176048045,062640001486,Ida Jew Academies,Mount Pleasant Elementary,Santa Clara,43,1966 Flint Avenue,San Jose,95148-1213,(408) 223-3750,https://ijavve.mpesd.org/,37.34692,-121.80108,0.0,8.0,K-8,GSserved,k8,True,False,True,False,N,False,Elementary School (Public),True,public,Active,Gilbert Rodriguez,06/26/2026,ida-jew-academies-san-jose
43696176048060,062640003989,Mt. Pleasant Elementary,Mount Pleasant Elementary,Santa Clara,43,14275 Candler Drive,San Jose,95127-4157,(408) 258-6451,https://mtpleasant.mpesd.org/,37.354085,-121.81104,0.0,5.0,K-5,GSserved,elementary,False,False,False,False,N,False,Elementary School (Public),True,public,Active,Jessica Tejada,06/25/2026,mt-pleasant-elementary-san-jose
43696176048078,062640003990,Robert Sanders Elementary,Mount Pleasant Elementary,Santa Clara,43,3411 Rocky Mountain Drive,San Jose,95127-4853,(408) 258-7288,https://robertsanders.mpesd.org/,37.351574,-121.80177,0.0,5.0,K-5,GSserved,elementary,False,False,False,False,N,False,Elementary School (Public),True,public,Active,Tammy Rankin Conover,07/07/2025,robert-sanders-elementary-san-jose
43696176067227,062640003991,Valle Vista Elementary,Mount Pleasant Elementary,Santa Clara,43,1966 Flint Avenue,San Jose,95148-1719,(408) 223-3750,https://ijavve.mpesd.org/,37.346613,-121.79994,0.0,5.0,K-5,GSserved,elementary,False,False,False,False,N,False,Elementary School (Public),True,public,Active,Gilbert Rodriguez,06/26/2026,valle-vista-elementary-san-jose
43695916047971,062628007791,Amy Imai Elementary,Mountain View Whisman,Santa Clara,43,253 Martens Avenue,Mountain View,94040-3220,(650) 526-3490,No Data,37.375266,-122.07434,0.0,5.0,K-5,GSserved,elementary,False,False,False,False,N,False,Elementary School (Public),True,public,Active,Arline Siam,02/09/2023,amy-imai-elementary-mountain-view
43695916047955,062628003922,Benjamin Bubb Elementary,Mountain View Whisman,Santa Clara,43,525 Hans Avenue,Mountain View,94040-3103,(650) 526-3480,No Data,37.379144,-122.08176,0.0,5.0,K-5,GSserved,elementary,False,False,False,False,N,False,Elementary School (Public),True,public,Active,Margaret Poor,08/10/2026,benjamin-bubb-elementary-mountain-view
43695916049472,062628006931,Crittenden Middle,Mountain View Whisman,Santa Clara,43,1701 Rock Street,Mountain View,94043-3133,(650) 903-6945,No Data,37.412214,-122.08588,6.0,8.0,6-8,GSserved,middle,False,False,False,False,N,False,Intermediate/Middle School (Public),True,public,Active,Jamie Bradley,08/10/2026,crittenden-middle-mountain-view
43695916047963,062628003926,Edith Landels Elementary,Mountain View Whisman,Santa Clara,43,115 West Dana Street,Mountain View,94041-1406,(650) 526-3520,No Data,37.388743,-122.07055,0.0,8.0,K-8,GSserved,k8,False,False,False,False,N,False,Elementary School (Public),True,public,Active,Pieter Dolmans,02/09/2023,edith-landels-elementary-mountain-view
43695910132373,062628013928,Gabriela Mistral Elementary,Mountain View Whisman,Santa Clara,43,505 Escuela Avenue,Mountain View,94040-2006,(650) 526-3575,https://mistral.mvwsd.org,37.394899,-122.09414,0.0,5.0,K-5,GSserved,elementary,False,False,True,False,N,False,Elementary School (Public),True,public,Active,Gustavo Estrada,08/10/2026,gabriela-mistral-elementary-mountain-view
43695916047989,062628003924,Isaac Newton Graham Middle,Mountain View Whisman,Santa Clara,43,1175 Castro Street,Mountain View,94040-2505,(650) 965-9292,No Data,37.381793,-122.086,6.0,8.0,6-8,GSserved,middle,False,False,True,False,N,False,Intermediate/Middle School (Public),True,public,Active,Aimee Malcolm,08/10/2026,isaac-newton-graham-middle-mountain-view
43695910138750,062628014375,Jose Antonio Vargas Elementary,Mountain View Whisman,Santa Clara,43,220 North Whisman Road,Mountain View,94043-3954,(650) 903-6952,www.mvwsd.org,37.393904,-122.06109,0.0,5.0,K-5,GSserved,elementary,False,False,False,False,N,False,Elementary School (Public),True,public,Active,Carly Sturm,08/10/2026,jose-antonio-vargas-elementary-mountain-view
43695916048003,062628003923,Mariano Castro Elementary,Mountain View Whisman,Santa Clara,43,500 Toft Street,Mountain View,94041-1727,(650) 526-3590,No Data,37.394025,-122.09204,0.0,5.0,K-5,GSserved,elementary,False,False,False,False,N,False,Elementary School (Public),True,public,Active,Vernorris Taylor,11/19/2025,mariano-castro-elementary-mountain-view
43695916049480,062628006932,Monta Loma Elementary,Mountain View Whisman,Santa Clara,43,460 Thompson Avenue,Mountain View,94043-3133,(650) 903-6915,No Data,37.408196,-122.09807,0.0,5.0,K-5,GSserved,elementary,False,False,False,False,N,False,Elementary School (Public),True,public,Active,Meghan Jinguji,07/23/2024,monta-loma-elementary-mountain-view
43695916049464,062628012540,Stevenson Elementary,Mountain View Whisman,Santa Clara,43,750 San Pierre Way,Mountain View,94043-3133,(650) 903-6950,No Data,37.403342,-122.08432,0.0,5.0,K-5,GSserved,elementary,False,False,False,False,N,False,Elementary School (Public),True,public,Active,Megan Pohlman,08/25/2025,stevenson-elementary-mountain-view
43695916049514,062628006933,Theuerkauf Elementary,Mountain View Whisman,Santa Clara,43,1625 San Luis Avenue,Mountain View,94043-3133,(650) 903-6925,No Data,37.405889,-122.08497,0.0,5.0,K-5,GSserved,elementary,False,False,False,False,N,False,Elementary School (Public),True,public,Active,Danielle Lyons,08/09/2023,theuerkauf-elementary-mountain-view
43696256048086,062781009413,Anderson (Alex) Elementary,Oak Grove Elementary,Santa Clara,43,5800 Calpine Drive,San Jose,95123-3705,(408) 225-6556,https://anderson.ogsd.net,37.24674,-121.81194,0.0,6.0,K-6,GSserved,elementary,False,False,False,False,C,False,Elementary School (Public),True,public,Active,Kellee Humphrey,08/06/2024,anderson-alex-elementary-san-jose
43696256095400,062781004204,Baldwin (Julia) Elementary,Oak Grove Elementary,Santa Clara,43,280 Martinvale Lane,San Jose,95119-1840,(408) 226-3370,https://baldwin.ogsd.net,37.224098,-121.78423,0.0,6.0,K-6,GSserved,elementary,False,False,False,False,C,False,Elementary School (Public),True,public,Active,Kristine Loeper,02/09/2023,baldwin-julia-elementary-san-jose
43696256072177,062781004205,Bernal Intermediate,Oak Grove Elementary,Santa Clara,43,6610 San Ignacio Avenue,San Jose,95119-1935,(408) 578-5731,http://bernal.ogsd.net,37.227088,-121.79097,7.0,8.0,7-8,GSserved,middle,False,False,True,False,C,False,Intermediate/Middle School (Public),True,public,Active,Tammy Unck,08/08/2024,bernal-intermediate-san-jose
43696256048102,062781004208,Christopher Elementary,Oak Grove Elementary,Santa Clara,43,565 Coyote Road,San Jose,95111-2599,(408) 227-8550,https://christopher.ogsd.net,37.279388,-121.81761,0.0,8.0,K-8,GSserved,k8,False,False,True,False,C,False,Elementary School (Public),True,public,Active,Marie Mabanag,09/15/2021,christopher-elementary-san-jose
43696256048094,062781004209,Davis (Caroline) Intermediate,Oak Grove Elementary,Santa Clara,43,5035 Edenview Drive,San Jose,95111-4031,(408) 227-0616,http://davis.ogsd.net,37.266422,-121.81192,7.0,8.0,7-8,GSserved,middle,False,False,True,False,C,False,Intermediate/Middle School (Public),True,public,Active,Ginelyn Doldolea-Kudsi,09/15/2021,davis-caroline-intermediate-san-jose
43696256072151,062781004210,Del Roble Elementary,Oak Grove Elementary,Santa Clara,43,5345 Avenida Almendros,San Jose,95123-1405,(408) 225-5675,https://delroble.ogsd.net,37.256532,-121.83565,0.0,6.0,K-6,GSserved,elementary,False,False,True,False,C,False,Elementary School (Public),True,public,Active,Miguel Rodriguez,08/06/2024,del-roble-elementary-san-jose
43696256048128,062781004212,Edenvale Elementary,Oak Grove Elementary,Santa Clara,43,285 Azucar Avenue,San Jose,95111-2902,(408) 227-7060,https://edenvale.ogsd.net,37.26157,-121.80265,0.0,6.0,K-6,GSserved,elementary,False,False,True,False,C,False,Elementary School (Public),True,public,Active,Karisa Gonzales,07/07/2022,edenvale-elementary-san-jose
43696256048110,062781004213,Frost (Earl) Elementary,Oak Grove Elementary,Santa Clara,43,530 Gettysburg Drive,San Jose,95123-3234,(408) 225-1881,https://frost.ogsd.net,37.247514,-121.83706,0.0,6.0,K-6,GSserved,elementary,False,False,False,False,C,False,Elementary School (Public),True,public,Active,Tauvia Harrigan,02/09/2023,frost-earl-elementary-san-jose
43696256099451,062781004215,Hayes Elementary,Oak Grove Elementary,Santa Clara,43,5035 Poston Drive,San Jose,95136-3348,(408) 227-0424,https://hayes.ogsd.net,37.261806,-121.82651,0.0,6.0,K-6,GSserved,elementary,False,False,False,False,C,False,Elementary School (Public),True,public,Active,Tracy Cochran,02/09/2023,hayes-elementary-san-jose
43696256068167,062781004216,Herman (Leonard) Intermediate,Oak Grove Elementary,Santa Clara,43,5955 Blossom Avenue,San Jose,95123-4032,(408) 226-1886,https://herman.ogsd.net,37.239738,-121.83975,5.0,8.0,5-8,GSserved,middle,False,False,True,False,C,False,Intermediate/Middle School (Public),True,public,Active,Christy Flores,09/15/2021,herman-leonard-intermediate-san-jose
43696250140590,062781014524,Indigo,Oak Grove Elementary,Santa Clara,43,530 Gettysburg Drive,San Jose,95123-3234,(408) 225-1881,https://indigo.ogsd.net,37.247148,-121.83664,0.0,8.0,K-8,GSserved,k8,False,False,False,False,C,False,Alternative School of Choice,True,public,Active,Nasreen Husain,08/06/2024,indigo-san-jose
43696256116081,062781008358,Ledesma (Rita) Elementary,Oak Grove Elementary,Santa Clara,43,1001 Schoolhouse Road,San Jose,95138-1374,(408) 224-2191,https://ledesma.ogsd.net,37.242642,-121.76267,0.0,6.0,K-6,GSserved,elementary,False,False,False,False,C,False,Elementary School (Public),True,public,Active,Jason Sorich,02/09/2023,ledesma-rita-elementary-san-jose
43696256088306,062781004218,Oak Ridge Elementary,Oak Grove Elementary,Santa Clara,43,5920 Bufkin Drive,San Jose,95123-4308,(408) 578-5900,https://oakridge.ogsd.net,37.241059,-121.82115,0.0,6.0,K-6,GSserved,elementary,False,False,False,False,C,False,Elementary School (Public),True,public,Active,Michelle Tsang,02/09/2023,oak-ridge-elementary-san-jose
43696256093066,062781004219,Parkview Elementary,Oak Grove Elementary,Santa Clara,43,330 Bluefield Drive,San Jose,95136-2100,(408) 226-4655,https://parkview.ogsd.net,37.271595,-121.84578,0.0,6.0,K-6,GSserved,elementary,False,False,False,False,C,False,Elementary School (Public),True,public,Active,Stephanie Park,08/06/2024,parkview-elementary-san-jose
43696256072144,062781004220,Sakamoto Elementary,Oak Grove Elementary,Santa Clara,43,6280 Shadelands Drive,San Jose,95123-4645,(408) 227-3411,http://sakamoto.ogsd.net,37.230822,-121.83919,0.0,6.0,K-6,GSserved,elementary,False,False,False,False,C,False,Elementary School (Public),True,public,Active,Fariba Roberts,08/06/2024,sakamoto-elementary-san-jose
43696256067243,062781004223,Santa Teresa Elementary,Oak Grove Elementary,Santa Clara,43,6200 Encinal Drive,San Jose,95119-1514,(408) 227-3303,https://santateresa.ogsd.net,37.234751,-121.7959,0.0,6.0,K-6,GSserved,elementary,False,False,False,False,C,False,Elementary School (Public),True,public,Active,Kristi Frankina,08/06/2024,santa-teresa-elementary-san-jose
43696256048177,062781004221,Stipe (Samuel) Elementary,Oak Grove Elementary,Santa Clara,43,5000 Lyng Drive,San Jose,95111-2720,(408) 227-7332,https://stipe.ogsd.net,37.271339,-121.80652,0.0,6.0,K-6,GSserved,elementary,False,False,False,False,C,False,Elementary School (Public),True,public,Active,Lauren Tilston,05/23/2025,stipe-samuel-elementary-san-jose
43696256097430,062781004224,Taylor (Bertha) Elementary,Oak Grove Elementary,Santa Clara,43,410 Sautner Drive,San Jose,95123-5252,(408) 226-0462,https://taylor.ogsd.net,37.231017,-121.80809,0.0,6.0,K-6,GSserved,elementary,False,False,False,False,C,False,Elementary School (Public),True,public,Active,Jeremia (Mia) Canlas-Cruz,11/13/2024,taylor-bertha-elementary-san-jose
43696336048185,062868004460,Orchard Elementary,Orchard Elementary,Santa Clara,43,921 Fox Lane,San Jose,95131-1602,(408) 944-0388,www.orchardsd.org,37.388461,-121.9002,0.0,8.0,K-8,GSserved,k8,False,False,False,False,N,False,Elementary School in 1 School District (Public),True,public,Active,Kristina Zeballos,06/18/2024,orchard-elementary-san-jose
43696416048193,062961004579,Addison Elementary,Palo Alto Unified,Santa Clara,43,650 Addison Avenue,Palo Alto,94301-3206,(650) 322-5935,No Data,37.446187,-122.15111,0.0,5.0,K-5,GSserved,elementary,False,False,False,False,N,False,Elementary School (Public),True,public,Active,Jeffrey Downing,02/09/2023,addison-elementary-palo-alto
43696416115562,062961007802,Barron Park Elementary,Palo Alto Unified,Santa Clara,43,800 Barron Avenue,Palo Alto,94306-2610,(650) 858-0508,No Data,37.412612,-122.13642,0.0,5.0,K-5,GSserved,elementary,False,False,False,False,N,False,Elementary School (Public),True,public,Active,Claudia Corpus,08/04/2025,barron-park-elementary-palo-alto
43696416048292,062961004586,Duveneck Elementary,Palo Alto Unified,Santa Clara,43,705 Alester Avenue,Palo Alto,94303-2859,(650) 322-5946,No Data,37.449945,-122.13482,0.0,5.0,K-5,GSserved,elementary,False,False,False,False,N,False,Elementary School (Public),True,public,Active,Brittany Gardner,07/28/2023,duveneck-elementary-palo-alto
43696416048235,062961004583,El Carmelo Elementary,Palo Alto Unified,Santa Clara,43,3024 Bryant Street,Palo Alto,94306-2335,(650) 856-0960,No Data,37.425802,-122.13034,0.0,5.0,K-5,GSserved,elementary,False,False,False,False,N,False,Elementary School (Public),True,public,Active,Leonel Argumedo,07/28/2023,el-carmelo-elementary-palo-alto
43696416118707,062961011454,Ellen Fletcher Middle,Palo Alto Unified,Santa Clara,43,655 Arastradero Road,Palo Alto,94306-3838,(650) 856-9810,No Data,37.404638,-122.12726,6.0,8.0,6-8,GSserved,middle,False,False,False,False,N,False,Intermediate/Middle School (Public),True,public,Active,Melissa Howell,02/09/2023,ellen-fletcher-middle-palo-alto
43696416048250,062961004584,Escondido Elementary,Palo Alto Unified,Santa Clara,43,890 Escondido Road,Stanford,94305-7101,(650) 856-1337,No Data,37.422103,-122.15521,0.0,5.0,K-5,GSserved,elementary,False,False,False,False,N,False,Elementary School (Public),True,public,Active,Katherine Powell,06/30/2026,escondido-elementary-stanford
43696416048268,062961004585,Fairmeadow Elementary,Palo Alto Unified,Santa Clara,43,500 East Meadow Drive,Palo Alto,94306-3624,(650) 856-0845,No Data,37.422224,-122.11843,0.0,5.0,K-5,GSserved,elementary,False,False,False,False,N,False,Elementary School (Public),True,public,Active,Trebor Winslow,08/19/2024,fairmeadow-elementary-palo-alto
43696416060065,062961010323,Frank S. Greene Jr. Middle,Palo Alto Unified,Santa Clara,43,750 North California Avenue,Palo Alto,94303-3629,(408) 494-8120,No Data,37.439277,-122.13483,6.0,8.0,6-8,GSserved,middle,False,False,False,False,N,False,Intermediate/Middle School (Public),True,public,Active,Courtney Carlomagno,08/19/2024,frank-s-greene-jr-middle-palo-alto
43696416048300,062961007797,Greendell,Palo Alto Unified,Santa Clara,43,4120 Middlefield Road,Palo Alto,94303-4741,(650) 856-0833,No Data,37.417325,-122.10565,0.0,0.0,K,GSserved,elementary,False,False,False,False,N,False,Elementary School (Public),True,public,Active,Judy Argumedo,08/04/2025,greendell-palo-alto
43696416048201,062961004581,Herbert Hoover Elementary,Palo Alto Unified,Santa Clara,43,445 East Charleston Road,Palo Alto,94306-4236,(650) 320-8106,No Data,37.418279,-122.11344,0.0,5.0,K-5,GSserved,elementary,False,False,False,False,N,False,Elementary School (Public),True,public,Active,Nikole Manou,07/28/2023,herbert-hoover-elementary-palo-alto
43696416060081,062961004598,Jane Lathrop Stanford Middle,Palo Alto Unified,Santa Clara,43,480 East Meadow Drive,Palo Alto,94306-3699,(650) 856-5188,No Data,37.422025,-122.11881,6.0,8.0,6-8,GSserved,middle,False,False,False,False,N,False,Intermediate/Middle School (Public),True,public,Active,Chris Grierson,02/09/2023,jane-lathrop-stanford-middle-palo-alto
43696416048326,062961004591,Juana Briones Elementary,Palo Alto Unified,Santa Clara,43,4100 Orme Street,Palo Alto,94306-3106,(650) 856-0877,No Data,37.408634,-122.1319,0.0,5.0,K-5,GSserved,elementary,False,False,False,False,N,False,Elementary School (Public),True,public,Active,Brooke Tassa,06/30/2026,juana-briones-elementary-palo-alto
43696416068241,062961004594,Lucille M. Nixon Elementary,Palo Alto Unified,Santa Clara,43,1711 Stanford Avenue,Stanford,94305-1061,(650) 856-1622,No Data,37.414361,-122.1574,0.0,5.0,K-5,GSserved,elementary,False,False,False,False,N,False,Elementary School (Public),True,public,Active,Amy Sheward,02/09/2023,lucille-m-nixon-elementary-stanford
43696416048243,062961004592,Ohlone Elementary,Palo Alto Unified,Santa Clara,43,950 Amarillo Avenue,Palo Alto,94303-3701,(650) 856-1726,No Data,37.439596,-122.12383,0.0,5.0,K-5,GSserved,elementary,False,False,False,False,N,False,Elementary School (Public),True,public,Active,Joe Stendahl,06/30/2026,ohlone-elementary-palo-alto
43696416048375,062961007813,Packard Children's Hospital/Stanford,Palo Alto Unified,Santa Clara,43,725 Welch Road,Palo Alto,94304-1601,(650) 497-8230,No Data,37.437362,-122.17484,0.0,12.0,K-12,GSserved,k12,False,False,False,False,N,False,K-12 School (Public),True,public,Active,Yolanda Conaway,08/05/2025,packard-children-s-hospital-stanford-palo-alto
43696416048359,062961004597,Palo Verde Elementary,Palo Alto Unified,Santa Clara,43,3450 Louis Road,Palo Alto,94303-4403,(650) 856-1672,No Data,37.431406,-122.11369,0.0,5.0,K-5,GSserved,elementary,False,False,False,False,N,False,Elementary School (Public),True,public,Active,Elsa Chen,06/30/2026,palo-verde-elementary-palo-alto
43696416048409,062961004588,Walter Hays Elementary,Palo Alto Unified,Santa Clara,43,1525 Middlefield Road,Palo Alto,94301-3353,(650) 322-5956,No Data,37.4424,-122.14356,0.0,5.0,K-5,GSserved,elementary,False,False,False,False,N,False,Elementary School (Public),True,public,Active,Iris Wong,08/19/2024,walter-hays-elementary-palo-alto
43696660131656,063459013852,ACE Inspire Academy,San Jose Unified,Santa Clara,43,1155 East Julian Street,San Jose,95112-6334,(408) 295-6008,www.acecharter.org,37.350981,-121.87205,5.0,8.0,5-8,GSserved,middle,True,False,False,False,C,False,Intermediate/Middle School (Public),True,public,Active,Kennedy Hilario,04/04/2024,ace-inspire-academy-san-jose
43696666048417,063459005697,Allen at Steinbeck,San Jose Unified,Santa Clara,43,820 Steinbeck Drive,San Jose,95123-2634,(408) 535-6205,No Data,37.247281,-121.85641,0.0,5.0,K-5,GSserved,elementary,False,True,False,False,C,False,Elementary School (Public),True,public,Active,Kristina Chmelka,02/09/2023,allen-at-steinbeck-san-jose
43696666048425,063459005698,Almaden Elementary,San Jose Unified,Santa Clara,43,1295 Dentwood Drive,San Jose,95118-3018,(408) 535-6207,No Data,37.250931,-121.88411,0.0,5.0,K-5,GSserved,elementary,False,False,True,False,C,False,Elementary School (Public),True,public,Active,Lisa Montes,02/13/2019,almaden-elementary-san-jose
43696666048433,063459005699,Anne Darling Elementary,San Jose Unified,Santa Clara,43,333 North 33rd Street,San Jose,95133-1634,(408) 535-6209,No Data,37.356596,-121.86446,0.0,5.0,K-5,GSserved,elementary,False,False,False,False,C,False,Elementary School (Public),True,public,Active,Samantha Araiza,05/23/2025,anne-darling-elementary-san-jose
43696666048474,063459005702,Booksin Elementary,San Jose Unified,Santa Clara,43,1590 Dry Creek Road,San Jose,95125-4618,(408) 535-6213,No Data,37.288713,-121.90714,0.0,5.0,K-5,GSserved,elementary,False,False,False,False,C,False,Elementary School (Public),True,public,Active,Felicia Tan,02/09/2023,booksin-elementary-san-jose
43696666060099,063459005703,Bret Harte Middle,San Jose Unified,Santa Clara,43,7050 Bret Harte Drive,San Jose,95120-3205,(408) 535-6270,No Data,37.209431,-121.83816,6.0,8.0,6-8,GSserved,middle,False,False,False,False,C,False,Intermediate/Middle School (Public),True,public,Active,George Vuong,02/09/2023,bret-harte-middle-san-jose
43696666095418,063459005707,Castillero Middle,San Jose Unified,Santa Clara,43,6384 Leyland Park Drive,San Jose,95120-4516,(408) 535-6385,No Data,37.221497,-121.88191,6.0,8.0,6-8,GSserved,middle,False,False,False,False,C,False,Intermediate/Middle School (Public),True,public,Active,Crystal Campbell,02/09/2023,castillero-middle-san-jose
43696666119010,063459010411,Ernesto Galarza Elementary,San Jose Unified,Santa Clara,43,1610 Bird Avenue,San Jose,95125-1821,(408) 535-6671,www.sjusd.k12.ca.us,37.303525,-121.88686,0.0,5.0,K-5,GSserved,elementary,False,False,False,False,C,False,Elementary School (Public),True,public,Active,Elizabeth Brush,04/04/2024,ernesto-galarza-elementary-san-jose
43696666048540,063459005714,Grant Elementary,San Jose Unified,Santa Clara,43,470 East Jackson Street,San Jose,95112-3211,(408) 535-6227,No Data,37.351639,-121.88858,0.0,5.0,K-5,GSserved,elementary,False,False,False,False,C,False,Elementary School (Public),True,public,Active,Jessica Sun-Gonzalez,05/23/2025,grant-elementary-san-jose
43696666093082,063459005715,Graystone Elementary,San Jose Unified,Santa Clara,43,6982 Shearwater Drive,San Jose,95120-2123,(408) 535-6317,No Data,37.210665,-121.83774,0.0,5.0,K-5,GSserved,elementary,False,False,False,False,C,False,Elementary School (Public),True,public,Active,Anthony Roe,02/09/2023,graystone-elementary-san-jose
43696666048722,063459005742,Hacienda Science/Environmental Magnet,San Jose Unified,Santa Clara,43,1290 Kimberly Drive,San Jose,95118-1536,(408) 535-6259,No Data,37.26967,-121.8839,0.0,5.0,K-5,GSserved,elementary,False,True,False,False,C,False,Elementary School (Public),True,public,Active,Todd Weber,06/23/2023,hacienda-science-environmental-magnet-san-jose
43696666048565,063459007429,Hammer Montessori at Gardner,San Jose Unified,Santa Clara,43,1610 Bird Avenue,San Jose,95125-1821,(408) 535-6671,http://hammer.sjusd.org,37.303525,-121.88686,0.0,5.0,K-5,GSserved,elementary,False,True,False,False,C,False,Elementary School (Public),True,public,Active,Stephen Bingham,06/29/2026,hammer-montessori-at-gardner-san-jose
43696666062111,063459005720,Herbert Hoover Middle,San Jose Unified,Santa Clara,43,1635 Park Avenue,San Jose,95126-2123,(408) 535-6274,No Data,37.332437,-121.92231,6.0,8.0,6-8,GSserved,middle,False,False,True,False,C,False,Intermediate/Middle School (Public),True,public,Active,Andrew Anstead,09/02/2022,herbert-hoover-middle-san-jose
43696666048599,063459005722,Horace Mann Elementary,San Jose Unified,Santa Clara,43,55 North Seventh Street,San Jose,95112-5429,(408) 535-6237,No Data,37.33998,-121.88486,0.0,5.0,K-5,GSserved,elementary,False,False,True,False,C,False,Elementary School (Public),True,public,Active,Art Gonzalez,09/02/2022,horace-mann-elementary-san-jose
43696666060115,063459005723,John Muir Middle,San Jose Unified,Santa Clara,43,1260 Branham Lane,San Jose,95118-3703,(408) 535-6281,No Data,37.261393,-121.88237,6.0,8.0,6-8,GSserved,middle,False,False,False,False,C,False,Intermediate/Middle School (Public),True,public,Active,Celeste Bates,04/04/2024,john-muir-middle-san-jose
43696664330502,063459006645,Liberty Alternative,San Jose Unified,Santa Clara,43,4849 Pearl Avenue,San Jose,95136-2725,(408) 535-6539,No Data,37.261577,-121.86537,7.0,12.0,7-12,GSserved,middle_high,False,False,False,False,C,False,Alternative School of Choice,True,public,Active,Mary Ann Sy,04/17/2024,liberty-alternative-san-jose
43696666093074,063459005727,Los Alamitos Elementary,San Jose Unified,Santa Clara,43,6130 Silberman Avenue,San Jose,95120-3931,(408) 535-6297,No Data,37.22786,-121.88099,0.0,5.0,K-5,GSserved,elementary,False,False,False,False,C,False,Elementary School (Public),True,public,Active,Thomas Rousseau,02/09/2023,los-alamitos-elementary-san-jose
43696666048656,063459005741,Merritt Trace Elementary,San Jose Unified,Santa Clara,43,651 Dana Avenue,San Jose,95126-2003,(408) 535-6257,No Data,37.330909,-121.9258,0.0,5.0,K-5,GSserved,elementary,False,False,True,False,C,False,Elementary School (Public),True,public,Active,Karina Alvarez,09/02/2022,merritt-trace-elementary-san-jose
43696666062103,063459005731,Muwekma Ohlone Middle,San Jose Unified,Santa Clara,43,850 North Second Street,San Jose,95112-6317,(408) 535-6267,No Data,37.35284,-121.90149,6.0,8.0,6-8,GSserved,middle,False,False,False,False,C,False,Intermediate/Middle School (Public),True,public,Active,Vanessa Dean,04/05/2024,muwekma-ohlone-middle-san-jose
43696666093090,063459005706,Rachel Carson Elementary,San Jose Unified,Santa Clara,43,4245 Meg Drive,San Jose,95136-1959,(408) 535-6287,No Data,37.270482,-121.85548,0.0,5.0,K-5,GSserved,elementary,False,False,False,False,C,False,Elementary School (Public),True,public,Active,Matt Wheeler,02/09/2023,rachel-carson-elementary-san-jose
43696666048664,063459005734,Reed Elementary,San Jose Unified,Santa Clara,43,1524 Jacob Avenue,San Jose,95118-1613,(408) 535-6247,No Data,37.264637,-121.89461,0.0,5.0,K-5,GSserved,elementary,False,False,False,False,C,False,Elementary School (Public),True,public,Active,Jen Ponzio,04/05/2024,reed-elementary-san-jose
43696666048672,063459004084,River Glen,San Jose Unified,Santa Clara,43,1088 Broadway,San Jose,95125-2232,(408) 535-6240,No Data,37.312129,-121.89924,0.0,8.0,K-8,GSserved,k8,False,True,True,False,C,False,Elementary School (Public),True,public,Active,Zoila Esquivel Moreno,09/09/2020,river-glen-san-jose
43696666048680,063459005737,Schallenberger Elementary,San Jose Unified,Santa Clara,43,1280 Koch Lane,San Jose,95125-4199,(408) 535-6253,No Data,37.280808,-121.88786,0.0,5.0,K-5,GSserved,elementary,False,False,False,False,C,False,Elementary School (Public),True,public,Active,Ryan Chamberlin,02/09/2023,schallenberger-elementary-san-jose
43696666048698,063459005730,Selma Olinder Elementary,San Jose Unified,Santa Clara,43,890 East William,San Jose,95116-3102,(408) 535-6245,No Data,37.33834,-121.86659,0.0,5.0,K-5,GSserved,elementary,False,False,True,False,C,False,Elementary School (Public),True,public,Active,Nelly Aguirre,09/02/2022,selma-olinder-elementary-san-jose
43696666048706,063459005738,Simonds Elementary,San Jose Unified,Santa Clara,43,6515 Grapevine Way,San Jose,95120-4020,(408) 535-6251,No Data,37.220493,-121.8684,0.0,5.0,K-5,GSserved,elementary,False,False,False,False,C,False,Elementary School (Public),True,public,Active,Danielle Metz,02/09/2023,simonds-elementary-san-jose
43696666048730,063459005700,Walter L. Bachrodt Elementary,San Jose Unified,Santa Clara,43,102 Sonora Avenue,San Jose,95110-1457,(408) 535-6211,No Data,37.363361,-121.91285,0.0,5.0,K-5,GSserved,elementary,False,False,True,False,C,False,Elementary School (Public),True,public,Active,Tina Ybarra,04/05/2024,walter-l-bachrodt-elementary-san-jose
43696666048748,063459005743,Washington Elementary,San Jose Unified,Santa Clara,43,100 Oak Street,San Jose,95110-2817,(408) 535-6261,No Data,37.321793,-121.88158,0.0,5.0,K-5,GSserved,elementary,False,False,True,False,C,False,Elementary School (Public),True,public,Active,Maricela Alcala Franco,02/13/2019,washington-elementary-san-jose
43696666048755,063459001538,Williams Elementary,San Jose Unified,Santa Clara,43,1150 Rajkovich Way,San Jose,95120-3145,(408) 535-6196,No Data,37.208223,-121.85092,0.0,5.0,K-5,GSserved,elementary,False,False,False,False,C,False,Elementary School (Public),True,public,Active,Devin Blizzard,02/09/2023,williams-elementary-san-jose
43696666048763,063459005745,Willow Glen Elementary,San Jose Unified,Santa Clara,43,1425 Lincoln Avenue,San Jose,95125-3398,(408) 535-6265,No Data,37.30321,-121.89687,0.0,5.0,K-5,GSserved,elementary,False,False,True,False,C,False,Elementary School (Public),True,public,Active,Kelli Knapp Rahn,02/13/2019,willow-glen-elementary-san-jose
43696666060107,063459005710,Willow Glen Middle,San Jose Unified,Santa Clara,43,2105 Cottle Avenue,San Jose,95125-3504,(408) 535-6277,No Data,37.291174,-121.89613,6.0,8.0,6-8,GSserved,middle,False,False,True,False,C,False,Intermediate/Middle School (Public),True,public,Active,Lindsey Beall,09/02/2022,willow-glen-middle-san-jose
43104390116814,069103512198,ACE Empower Academy,Santa Clara County Office of Education,Santa Clara,43,625 South Sunset Avenue,San Jose,95116-3423,(408) 729-3920,www.acecharter.org,37.348601,-121.8446,5.0,8.0,5-8,GSserved,middle,True,False,False,False,N,False,Intermediate/Middle School (Public),True,public,Active,Kennedy Hilario,03/21/2024,ace-empower-academy-san-jose
43104390121483,069103512639,Alpha: Cornerstone Academy Preparatory,Santa Clara County Office of Education,Santa Clara,43,1598 Lucretia Avenue,San Jose,95122-3817,(408) 361-3876,www.alphapublicschools.org,37.32563,-121.85303,0.0,8.0,K-8,GSserved,k8,True,False,False,False,N,False,Elementary School (Public),True,public,Active,Cynthia Martinez Nava,02/09/2023,alpha-cornerstone-academy-preparatory-san-jose
43104390129213,069103513757,Alpha: Jose Hernandez,Santa Clara County Office of Education,Santa Clara,43,1601 Cunningham Avenue,San Jose,95122-2314,(408) 780-1551,www.alphapublicschools.org,37.326449,-121.83457,0.0,8.0,K-8,GSserved,k8,True,False,False,False,N,False,Elementary School (Public),True,public,Active,Cynthia Martinez Nava,02/09/2023,alpha-jose-hernandez-san-jose
43104390106534,069103511442,Bullis Charter,Santa Clara County Office of Education,Santa Clara,43,102 West Portola Avenue,Los Altos,94022-1210,(650) 947-4100,www.bullischarterschool.com,37.396836,-122.11646,0.0,8.0,K-8,GSserved,k8,True,False,False,False,N,False,Elementary School (Public),True,public,Active,Maureen Israel,07/06/2026,bullis-charter-los-altos
43104390111880,069103511792,Discovery Charter,Santa Clara County Office of Education,Santa Clara,43,4021 Teale Avenue,San Jose,95117-3433,(408) 243-9800,www.discoveryk8.org,37.302745,-121.97364,0.0,8.0,K-8,GSserved,k8,True,False,False,False,N,False,Elementary School (Public),True,public,Active,Leticia Villa-Gascon,02/09/2023,discovery-charter-san-jose
43104390127969,069103513640,Discovery Charter II,Santa Clara County Office of Education,Santa Clara,43,762 Sunset Glen Drive,San Jose,95123-4543,(408) 300-1358,www.discoveryk8.org,37.236158,-121.84842,0.0,8.0,K-8,GSserved,k8,True,False,False,False,N,False,Elementary School (Public),True,public,Active,Leticia Villa-Gascon,02/09/2023,discovery-charter-ii-san-jose
43104390125781,069103513073,Rocketship Academy Brilliant Minds,Santa Clara County Office of Education,Santa Clara,43,2960 Story Road,San Jose,95116-3925,(877) 806-0920,https://www.rocketshipschools.org/schools/brilliant-minds/,37.353328,-121.82054,0.0,5.0,K-5,GSserved,elementary,True,False,False,False,N,False,Elementary School (Public),True,public,Active,Maricela Guerrero,10/30/2024,rocketship-academy-brilliant-minds-san-jose
43104390125799,069103513048,Rocketship Alma Academy,Santa Clara County Office of Education,Santa Clara,43,198 West Alma Avenue,San Jose,95110-3631,(877) 806-0920,https://www.rocketshipschools.org/schools/alma-academy/,37.31343,-121.87767,0.0,5.0,K-5,GSserved,elementary,True,False,False,False,N,False,Elementary School (Public),True,public,Active,Maricela Guerrero,10/30/2024,rocketship-alma-academy-san-jose
43104390123281,069103512668,Rocketship Discovery Prep,Santa Clara County Office of Education,Santa Clara,43,370 Wooster Street,San Jose,95116-1095,(877) 806-0920,www.rocketshipschools.org/schools/discovery-prep/,37.354204,-121.87005,0.0,5.0,K-5,GSserved,elementary,True,False,False,False,N,False,Elementary School (Public),True,public,Active,Maricela Guerrero,10/30/2024,rocketship-discovery-prep-san-jose
43104390131110,069103513747,Rocketship Fuerza Community Prep,Santa Clara County Office of Education,Santa Clara,43,70 South Jackson Avenue,San Jose,95116-2506,(877) 806-0920,https://www.rocketshipschools.org/schools/fuerza-community-prep/,37.357607,-121.84232,0.0,5.0,K-5,GSserved,elementary,True,False,False,False,N,False,Elementary School (Public),True,public,Active,Maricela Guerrero,10/30/2024,rocketship-fuerza-community-prep-san-jose
43104390120642,069103512478,Rocketship Los Suenos Academy,Santa Clara County Office of Education,Santa Clara,43,331 South 34th Street,San Jose,95116-2905,(877) 806-0920,https://www.rocketshipschools.org/schools/los-suenos-academy/,37.344865,-121.85163,0.0,5.0,K-5,GSserved,elementary,True,False,False,False,N,False,Elementary School (Public),True,public,Active,Maricela Guerrero,10/30/2024,rocketship-los-suenos-academy-san-jose
43104390113704,069103511864,Rocketship Mateo Sheedy Elementary,Santa Clara County Office of Education,Santa Clara,43,788 Locust Street,San Jose,95110-2954,(877) 806-0920,https://www.rocketshipschools.org/schools/mateo-sheedy-elementary/,37.321396,-121.88667,0.0,5.0,K-5,GSserved,elementary,True,False,False,False,N,False,Elementary School (Public),True,public,Active,Maricela Guerrero,10/30/2024,rocketship-mateo-sheedy-elementary-san-jose
43104390133496,069103513979,Rocketship Rising Stars,Santa Clara County Office of Education,Santa Clara,43,3173 Senter Road,San Jose,95111-1332,(877) 806-0920,www.rocketshipschools.org/schools/rising-stars/,37.292561,-121.83243,0.0,4.0,K-4,GSserved,elementary,True,False,False,False,N,False,Elementary School (Public),True,public,Active,Maricela Guerrero,11/04/2024,rocketship-rising-stars-san-jose
43104390119024,069103512225,Rocketship Si Se Puede Academy,Santa Clara County Office of Education,Santa Clara,43,2249 Dobern Avenue,San Jose,95116-3405,(877) 806-0920,https://www.rocketshipschools.org/schools/si-se-puede-academy/,37.352334,-121.83979,0.0,5.0,K-5,GSserved,elementary,True,False,False,False,N,False,Elementary School (Public),True,public,Active,Maricela Guerrero,10/30/2024,rocketship-si-se-puede-academy-san-jose
43104394330320,069103507782,Santa Clara County Community,Santa Clara County Office of Education,Santa Clara,43,"1290 Ridder Park Drive, MC213",San Jose,95131-2304,(408) 453-6968,www.sccoe.org,37.383703,-121.90134,7.0,12.0,7-12,GSserved,middle_high,False,False,False,True,C,False,County Community,False,public,Active,Eugene Santillan,06/23/2026,santa-clara-county-community-san-jose
43104394330254,069103509045,Santa Clara County Court,Santa Clara County Office of Education,Santa Clara,43,"1290 Ridder Park Drive, MC213",San Jose,95131-2304,(408) 573-3070,www.sccoe.org,37.383703,-121.90134,7.0,12.0,7-12,GSserved,middle_high,False,False,False,True,C,False,Juvenile Court School,False,public,Active,Eugene Santillan,06/23/2026,santa-clara-county-court-san-jose
43104396069371,069103509250,Santa Clara County Special Education,Santa Clara County Office of Education,Santa Clara,43,"1290 Ridder Park Drive, MC273",San Jose,95131-2304,(408) 453-6542,www.sccoe.org,37.383715,-121.90026,0.0,12.0,K-12,GSserved,k12,False,False,False,True,N,False,Special Education School (Public),False,public,Active,Heather Ferguson,08/19/2025,santa-clara-county-special-education-san-jose
43104390124065,069103512865,Sunrise Middle,Santa Clara County Office of Education,Santa Clara,43,1149 East Julian Street,San Jose,95116-1005,(408) 659-4785,www.sunrisemiddle.org,37.351173,-121.87284,5.0,8.0,5-8,GSserved,middle,True,False,False,False,N,False,Intermediate/Middle School (Public),True,public,Active,Teresa Robinson,02/09/2023,sunrise-middle-san-jose
43104390113431,069103512016,University Preparatory Academy Charter,Santa Clara County Office of Education,Santa Clara,43,2315 Canoas Garden Avenue,San Jose,95125-2005,(408) 723-1839,www.upasv.org,37.292255,-121.87392,7.0,12.0,7-12,GSserved,middle_high,True,False,False,False,N,False,High School (Public),False,public,Active,David Porter,02/09/2023,university-preparatory-academy-charter-san-jose
43104390131748,069103513875,Voices College-Bound Language Academy at Morgan Hill,Santa Clara County Office of Education,Santa Clara,43,16505 Monterey Road,Morgan Hill,95037-2894,(408) 791-1700,https://voicesacademies.org,37.118831,-121.647,0.0,8.0,K-8,GSserved,k8,True,False,True,False,N,False,Elementary School (Public),True,public,Active,Aldo Ramirez,05/12/2025,voices-college-bound-language-academy-at-morgan-hill-morgan-hill
43104390132530,069103513925,Voices College-Bound Language Academy at Mt. Pleasant,Santa Clara County Office of Education,Santa Clara,43,14271 Story Road,San Jose,95127-3823,(408) 791-1609,https://voicesacademies.org,37.359212,-121.8161,0.0,8.0,K-8,GSserved,k8,True,False,True,False,N,False,Elementary School (Public),True,public,Active,Aldo Ramirez,05/12/2025,voices-college-bound-language-academy-at-mt-pleasant-san-jose
43696740140475,063543014546,Abram Agnew Elementary,Santa Clara Unified,Santa Clara,43,3534 Zanker Road,San Jose,95134,(408) 669-4100,http://agnew.santaclarausd.org,37.40643,-121.93425,0.0,5.0,K-5,GSserved,elementary,False,False,False,False,N,False,Elementary School (Public),True,public,Active,Joe Young,08/18/2025,abram-agnew-elementary-san-jose
43696746048797,063543006033,Bowers Elementary,Santa Clara Unified,Santa Clara,43,2755 Barkley Avenue,Santa Clara,95051-2414,(408) 423-1100,http://bowers.santaclarausd.org,37.357247,-121.97624,0.0,5.0,K-5,GSserved,elementary,False,False,False,False,N,False,Elementary School (Public),True,public,Active,Adriana Reyes,08/18/2025,bowers-elementary-santa-clara
43696746048805,063543006034,Bracher Elementary,Santa Clara Unified,Santa Clara,43,2700 Chromite Drive,Santa Clara,95051-0910,(408) 423-1200,http://bracher.santaclarausd.org,37.367565,-121.97521,0.0,5.0,K-5,GSserved,elementary,False,False,False,False,N,False,Elementary School (Public),True,public,Active,Billy Martin,08/18/2025,bracher-elementary-santa-clara
43696746048813,063543001588,Braly Elementary,Santa Clara Unified,Santa Clara,43,675 Gail Avenue,Sunnyvale,94086-8016,(408) 423-1000,http://braly.santaclarausd.org,37.36352,-122.01792,0.0,5.0,K-5,GSserved,elementary,False,False,False,False,N,False,Elementary School (Public),True,public,Active,Danielle Metz,11/05/2025,braly-elementary-sunnyvale
43696746048821,063543006036,Briarwood Elementary,Santa Clara Unified,Santa Clara,43,1930 Townsend Avenue,Santa Clara,95051-2203,(408) 423-1300,http://briarwood.santaclarausd.org,37.35835,-121.98695,0.0,5.0,K-5,GSserved,elementary,False,False,False,False,N,False,Elementary School (Public),True,public,Active,Julie Haneta,06/26/2026,briarwood-elementary-santa-clara
43696746101752,063543007866,Buchser Middle,Santa Clara Unified,Santa Clara,43,1111 Bellomy Street,Santa Clara,95050-5433,(408) 423-3000,http://buchser.santaclarausd.org,37.344283,-121.94447,6.0,8.0,6-8,GSserved,middle,False,False,False,False,N,False,Intermediate/Middle School (Public),True,public,Active,Justin Ponzio,08/15/2023,buchser-middle-santa-clara
43696746048847,063543006040,C. W. Haman Elementary,Santa Clara Unified,Santa Clara,43,865 Los Padres Boulevard,Santa Clara,95050-5130,(408) 423-1400,http://haman.santaclarausd.org,37.34346,-121.96471,0.0,5.0,K-5,GSserved,elementary,False,False,False,False,N,False,Elementary School (Public),True,public,Active,Kimberly Wakefield,11/05/2025,c-w-haman-elementary-santa-clara
43696740133363,063543013982,Central Park Elementary,Santa Clara Unified,Santa Clara,43,2720 Sonoma Place,Santa Clara,95051-4806,(408) 423-4400,http://centralpark.santaclarausd.org,37.345453,-121.97645,0.0,5.0,K-5,GSserved,elementary,False,False,False,False,N,False,Elementary School (Public),True,public,Active,Iqbal Chadda,11/07/2025,central-park-elementary-santa-clara
43696740140483,063543014549,Dolores Huerta Middle,Santa Clara Unified,Santa Clara,43,3556 Zanker Road,San Jose,95134,(408) 423-2000,http://huerta.santaclarausd.org,37.406908,-121.93501,6.0,8.0,6-8,GSserved,middle,False,False,False,False,N,False,Intermediate/Middle School (Public),True,public,Active,Dawnel Sonntag,08/15/2023,dolores-huerta-middle-san-jose
43696740110700,063543011797,Don Callejon,Santa Clara Unified,Santa Clara,43,4176 Lick Mill Boulevard,Santa Clara,95054-3585,(408) 423-3300,http://callejon.santaclarausd.org,37.397889,-121.94479,0.0,8.0,K-8,GSserved,k8,False,False,False,False,N,False,Elementary School (Public),True,public,Active,Anthony Alberts,08/15/2023,don-callejon-santa-clara
43696746048870,063543006043,George Mayne Elementary,Santa Clara Unified,Santa Clara,43,5030 North First Street,Alviso,95002-0187,(408) 423-1700,http://mayne.santaclarausd.org,37.42456,-121.96664,0.0,5.0,K-5,GSserved,elementary,False,False,False,False,N,False,Elementary School (Public),True,public,Active,Socorro Olmos,08/18/2025,george-mayne-elementary-alviso
43696746048854,063543001599,Juan Cabrillo Middle,Santa Clara Unified,Santa Clara,43,2550 Cabrillo Avenue,Santa Clara,95051-1803,(408) 423-3700,http://cabrillo.santaclarausd.org,37.359318,-121.97077,6.0,8.0,6-8,GSserved,middle,False,False,False,False,N,False,Intermediate/Middle School (Public),True,public,Active,Lauren Kelly,08/15/2023,juan-cabrillo-middle-santa-clara
43696746048896,063543006041,Kathryn Hughes Elementary,Santa Clara Unified,Santa Clara,43,4949 Calle de Escuela,Santa Clara,95054-1430,(408) 423-1500,http://hughes.santaclarausd.org,37.406367,-121.9634,0.0,5.0,K-5,GSserved,elementary,False,False,False,False,N,False,Elementary School (Public),True,public,Active,Louis Barocio,08/18/2025,kathryn-hughes-elementary-santa-clara
43696746048904,063543006042,Laurelwood Elementary,Santa Clara Unified,Santa Clara,43,955 Teal Drive,Santa Clara,95051-4299,(408) 423-1600,http://laurelwood.santaclarausd.org,37.342896,-122.00238,0.0,5.0,K-5,GSserved,elementary,False,False,False,False,N,False,Elementary School (Public),True,public,Active,Paul Fuller,11/05/2025,laurelwood-elementary-santa-clara
43696746101760,063543007867,Marian A. Peterson Middle,Santa Clara Unified,Santa Clara,43,1380 Rosalia Avenue,Sunnyvale,94087-3763,(408) 423-2800,http://peterson.santaclarausd.org,37.350303,-122.00894,6.0,8.0,6-8,GSserved,middle,False,False,False,False,N,False,Intermediate/Middle School (Public),True,public,Active,Rick Hayashi,07/22/2024,marian-a-peterson-middle-sunnyvale
43696746048920,063543006044,Millikin Elementary,Santa Clara Unified,Santa Clara,43,615 Hobart Terrace,Santa Clara,95051-5620,(408) 423-1800,http://millikin.santaclarausd.org,37.3326,-121.97617,0.0,5.0,K-5,GSserved,elementary,False,False,False,False,N,False,Elementary School (Public),True,public,Active,Robert Moss,11/05/2025,millikin-elementary-santa-clara
43696746048938,063543006045,Montague Elementary,Santa Clara Unified,Santa Clara,43,750 Laurie Avenue,Santa Clara,95054-2236,(408) 423-1900,http://montague.santaclarausd.org,37.389464,-121.94707,0.0,5.0,K-5,GSserved,elementary,False,False,False,False,N,False,Elementary School (Public),True,public,Active,Leanna Goldenberg,08/18/2025,montague-elementary-santa-clara
43696746048987,063543006048,Pomeroy Elementary,Santa Clara Unified,Santa Clara,43,1250 Pomeroy Avenue,Santa Clara,95051-3618,(408) 423-3800,http://pomeroy.santaclarausd.org,37.348416,-121.98687,0.0,5.0,K-5,GSserved,elementary,False,False,False,False,N,False,Elementary School (Public),True,public,Active,Kevin Keegan,08/18/2025,pomeroy-elementary-santa-clara
43696746048995,063543006049,Ponderosa Elementary,Santa Clara Unified,Santa Clara,43,804 Ponderosa Avenue,Sunnyvale,94086-8612,(408) 423-4000,http://ponderosa.santaclarausd.org,37.362341,-122.00957,0.0,5.0,K-5,GSserved,elementary,False,False,False,False,N,False,Elementary School (Public),True,public,Active,Nathen Ramezane,08/18/2025,ponderosa-elementary-sunnyvale
43696740125443,063543012999,Santa Clara Community Day,Santa Clara Unified,Santa Clara,43,3450 Brookdale Drive,Santa Clara,95051-4624,(408) 423-2000,http://communityday.santaclarausd.org,37.342031,-121.99149,7.0,12.0,7-12,GSserved,middle_high,False,False,False,False,N,False,District Community Day School,False,public,Active,Amleset Yohannes,08/15/2023,santa-clara-community-day-santa-clara
43696746049019,063543006051,Scott Lane Elementary,Santa Clara Unified,Santa Clara,43,1925 Scott Boulevard,Santa Clara,95050-3723,(408) 423-4100,http://scottlane.santaclarausd.org,37.356626,-121.95953,0.0,5.0,K-5,GSserved,elementary,False,False,True,False,N,False,Elementary School (Public),True,public,Active,Claudia Corpus,08/18/2025,scott-lane-elementary-santa-clara
43696746049027,063543006052,Sutter Elementary,Santa Clara Unified,Santa Clara,43,3200 Forbes Avenue,Santa Clara,95051-6119,(408) 423-4200,http://sutter.santaclarausd.org,37.334641,-121.98728,0.0,5.0,K-5,GSserved,elementary,False,False,False,False,N,False,Elementary School (Public),True,public,Active,Michael Fong,08/18/2025,sutter-elementary-santa-clara
43696746049035,063543006650,Washington Open Elementary,Santa Clara Unified,Santa Clara,43,270 Washington Avenue,Santa Clara,95050-5950,(408) 423-3900,http://washingtonopen.santaclarausd.org,37.341942,-121.94032,0.0,5.0,K-5,GSserved,elementary,False,False,False,False,N,False,Elementary School (Public),True,public,Active,Heidi Pilawski,11/07/2025,washington-open-elementary-santa-clara
43696746049043,063543006054,Westwood Elementary,Santa Clara Unified,Santa Clara,43,435 Saratoga Avenue,Santa Clara,95050-6434,(408) 423-4300,http://westwood.santaclarausd.org,37.33413,-121.96064,0.0,5.0,K-5,GSserved,elementary,False,False,False,False,N,False,Elementary School (Public),True,public,Active,Corinne Ghaffari,11/05/2025,westwood-elementary-santa-clara
43696826049068,063591006147,Argonaut Elementary,Saratoga Union Elementary,Santa Clara,43,13200 Shadow Mountain Road,Saratoga,95070-4362,(408) 867-4773,No Data,37.276461,-122.02601,0.0,5.0,K-5,GSserved,elementary,False,False,False,False,N,False,Elementary School (Public),True,public,Active,Joe Bosco,02/09/2023,argonaut-elementary-saratoga
43696826049084,063591006149,Foothill Elementary,Saratoga Union Elementary,Santa Clara,43,13919 Lynde Avenue,Saratoga,95070-5310,(408) 867-4036,No Data,37.265272,-122.03334,0.0,5.0,K-5,GSserved,elementary,False,False,False,False,N,False,Elementary School (Public),True,public,Active,Debbie Stewart,09/30/2024,foothill-elementary-saratoga
43696826049092,063591006150,Redwood Middle,Saratoga Union Elementary,Santa Clara,43,13925 Fruitvale Avenue,Saratoga,95070-5603,(408) 867-3042,No Data,37.267516,-122.01397,6.0,8.0,6-8,GSserved,middle,False,False,False,False,N,False,Intermediate/Middle School (Public),True,public,Active,Steve Hamm,02/09/2023,redwood-middle-saratoga
43696826049100,063591006151,Saratoga Elementary,Saratoga Union Elementary,Santa Clara,43,14592 Oak Street,Saratoga,95070-6028,(408) 867-3476,No Data,37.256034,-122.03355,0.0,5.0,K-5,GSserved,elementary,False,False,False,False,N,False,Elementary School (Public),True,public,Active,Kristin Murphy,02/09/2023,saratoga-elementary-saratoga
43696906049142,063846006456,Bishop Elementary,Sunnyvale,Santa Clara,43,450 North Sunnyvale Avenue,Sunnyvale,94085-4320,(408) 522-8229,No Data,37.386797,-122.02541,0.0,5.0,K-5,GSserved,elementary,False,False,False,False,N,False,Elementary School (Public),True,public,Active,Tara Lubrano,02/09/2023,bishop-elementary-sunnyvale
43696906049167,063846006458,Cherry Chase Elementary,Sunnyvale,Santa Clara,43,1138 Heatherstone Way,Sunnyvale,94087-1620,(408) 522-8200,No Data,37.366463,-122.05657,0.0,5.0,K-5,GSserved,elementary,False,False,False,False,N,False,Elementary School (Public),True,public,Active,Gloria Marchant,02/09/2023,cherry-chase-elementary-sunnyvale
43696906049241,063846006464,Columbia Middle,Sunnyvale,Santa Clara,43,739 Morse Avenue,Sunnyvale,94085-3010,(408) 522-8247,No Data,37.392517,-122.01908,6.0,8.0,6-8,GSserved,middle,False,False,True,False,N,False,Intermediate/Middle School (Public),True,public,Active,Daniel Poo,08/14/2020,columbia-middle-sunnyvale
43696906049175,063846006459,Cumberland Elementary,Sunnyvale,Santa Clara,43,824 Cumberland Avenue,Sunnyvale,94087-1221,(408) 522-8255,No Data,37.367392,-122.04312,0.0,5.0,K-5,GSserved,elementary,False,False,False,False,N,False,Elementary School (Public),True,public,Active,Shana Riehl,07/15/2025,cumberland-elementary-sunnyvale
43696906049191,063846006460,Ellis Elementary,Sunnyvale,Santa Clara,43,550 East Olive Avenue,Sunnyvale,94086-6345,(408) 522-8260,No Data,37.369847,-122.02372,0.0,5.0,K-5,GSserved,elementary,False,False,False,False,N,False,Elementary School (Public),True,public,Active,Stephanie Fischer,02/09/2023,ellis-elementary-sunnyvale
43696906049217,063846007433,Fairwood Elementary,Sunnyvale,Santa Clara,43,1110 Fairwood Avenue,Sunnyvale,94089-2311,(408) 523-4870,No Data,37.396122,-121.99124,0.0,5.0,K-5,GSserved,elementary,False,False,False,False,N,False,Elementary School (Public),True,public,Active,Rachelle Romander,02/09/2023,fairwood-elementary-sunnyvale
43696906049233,063846006463,Lakewood Elementary,Sunnyvale,Santa Clara,43,750 Lakechime Drive,Sunnyvale,94089-2539,(408) 522-8272,No Data,37.398337,-122.00335,0.0,5.0,K-5,GSserved,elementary,False,False,False,False,N,False,Elementary School (Public),True,public,Active,Carly Sturm,02/09/2023,lakewood-elementary-sunnyvale
43696906049282,063846004088,San Miguel Elementary,Sunnyvale,Santa Clara,43,777 San Miguel Avenue,Sunnyvale,94085-3411,(408) 522-8278,No Data,37.391949,-122.00801,0.0,5.0,K-5,GSserved,elementary,False,False,True,False,N,False,Elementary School (Public),True,public,Active,Esteban Ybarra,08/23/2022,san-miguel-elementary-sunnyvale
43696906049258,063846006465,Sunnyvale Middle,Sunnyvale,Santa Clara,43,1080 Mango Avenue,Sunnyvale,94087-1728,(408) 522-8288,No Data,37.360221,-122.05401,6.0,8.0,6-8,GSserved,middle,False,False,False,False,N,False,Intermediate/Middle School (Public),True,public,Active,Vince Iwasaki,02/09/2023,sunnyvale-middle-sunnyvale
43696906049159,063846002796,Vargas Elementary,Sunnyvale,Santa Clara,43,1054 Carson Drive,Sunnyvale,94086-5806,(408) 522-8267,No Data,37.381565,-122.04785,0.0,5.0,K-5,GSserved,elementary,False,False,False,False,N,False,Elementary School (Public),True,public,Active,Manuel Villalpando,08/21/2024,vargas-elementary-sunnyvale
43697086049290,064032006667,Alta Vista Elementary,Union Elementary,Santa Clara,43,200 Blossom Valley Road,Los Gatos,95032-3809,(408) 356-6146,https://altavista.unionsd.org/,37.240759,-121.94236,0.0,5.0,K-5,GSserved,elementary,False,False,False,False,N,False,Elementary School (Public),True,public,Active,Nicholas Barbara,08/19/2025,alta-vista-elementary-los-gatos
43697086049316,064032006669,Carlton Elementary,Union Elementary,Santa Clara,43,2421 Carlton Avenue,San Jose,95124-4949,(408) 356-1141,https://carlton.unionsd.org/,37.247604,-121.9459,0.0,5.0,K-5,GSserved,elementary,False,False,False,False,N,False,Elementary School (Public),True,public,Active,Alex Chapman,05/23/2025,carlton-elementary-san-jose
43697086049332,064032006671,Dartmouth Middle,Union Elementary,Santa Clara,43,5575 Dartmouth Drive,San Jose,95118-3332,(408) 264-1122,https://dartmouth.unionsd.org/,37.239598,-121.89671,6.0,8.0,6-8,GSserved,middle,False,False,False,False,N,False,Intermediate/Middle School (Public),True,public,Active,Germán Cerda,08/18/2026,dartmouth-middle-san-jose
43697086049357,064032006672,Guadalupe Elementary,Union Elementary,Santa Clara,43,6044 Vera Cruz Drive,San Jose,95120-4863,(408) 268-1030,https://guadalupe.unionsd.org/,37.228769,-121.89693,0.0,5.0,K-5,GSserved,elementary,False,False,False,False,N,False,Elementary School (Public),True,public,Active,Daisy Barocio,05/23/2025,guadalupe-elementary-san-jose
43697086049373,064032006674,Lietz Elementary,Union Elementary,Santa Clara,43,5300 Carter Avenue,San Jose,95118-2813,(408) 264-8314,https://lietz.unionsd.org/,37.243765,-121.90302,0.0,5.0,K-5,GSserved,elementary,False,False,False,False,N,False,Elementary School (Public),True,public,Active,Kathryn Armstrong,08/18/2026,lietz-elementary-san-jose
43697086049407,064032006677,Noddin Elementary,Union Elementary,Santa Clara,43,1755 Gilda Way,San Jose,95124-6207,(408) 356-2126,https://noddin.unionsd.org/,37.237773,-121.91388,0.0,5.0,K-5,GSserved,elementary,False,False,False,False,N,False,Elementary School (Public),True,public,Active,Megan Wright,08/20/2024,noddin-elementary-san-jose
43697086049415,064032006678,Oster Elementary,Union Elementary,Santa Clara,43,1855 Lencar Way,San Jose,95124-3603,(408) 266-8121,https://oster.unionsd.org/,37.255483,-121.91957,0.0,5.0,K-5,GSserved,elementary,False,False,False,False,N,False,Elementary School (Public),True,public,Active,Kyle Sanchez,05/23/2025,oster-elementary-san-jose
43697086049449,064032006680,Union Middle,Union Elementary,Santa Clara,43,2130 Los Gatos-Almaden Road,San Jose,95124-5418,(408) 371-0366,https://unionms.unionsd.org/,37.242736,-121.9344,6.0,8.0,6-8,GSserved,middle,False,False,False,False,N,False,Intermediate/Middle School (Public),True,public,Active,Todd Feinberg,05/23/2025,union-middle-san-jose
48705246050983,060462000423,Benicia Middle,Benicia Unified,Solano,48,1100 Southampton Road,Benicia,94510-1725,(707) 747-8340,No Data,38.068979,-122.17095,6.0,8.0,6-8,GSserved,middle,False,False,False,False,N,False,Intermediate/Middle School (Public),True,public,Active,Mark Nelson,03/21/2025,benicia-middle-benicia
48705246106462,060462009116,Joe Henderson Elementary,Benicia Unified,Solano,48,650 Hastings Drive,Benicia,94510-1312,(707) 747-8370,No Data,38.082555,-122.17121,0.0,5.0,K-5,GSserved,elementary,False,False,False,False,N,False,Elementary School (Public),True,public,Active,Catherine Bellanti,07/26/2024,joe-henderson-elementary-benicia
48705246050991,060462000424,Mary Farmar Elementary,Benicia Unified,Solano,48,901 Military West,Benicia,94510-2558,(707) 747-8350,No Data,38.060517,-122.16931,0.0,5.0,K-5,GSserved,elementary,False,False,False,False,N,False,Elementary School (Public),True,public,Active,Rhonda Flemming,02/09/2023,mary-farmar-elementary-benicia
48705246111165,060462002832,Matthew Turner Elementary,Benicia Unified,Solano,48,540 Rose Drive,Benicia,94510-3761,(707) 747-8390,No Data,38.084477,-122.16086,0.0,5.0,K-5,GSserved,elementary,False,False,False,False,N,False,Elementary School (Public),True,public,Active,Stephen Slater,02/09/2023,matthew-turner-elementary-benicia
48705246051015,060462000427,Robert Semple Elementary,Benicia Unified,Solano,48,2015 East Third Street,Benicia,94510-2206,(707) 747-8360,No Data,38.058757,-122.14677,0.0,5.0,K-5,GSserved,elementary,False,False,False,False,N,False,Elementary School (Public),True,public,Active,Christina Moore,02/09/2023,robert-semple-elementary-benicia
48705326051049,061128001254,Anderson (Linford L.) Elementary,Dixon Unified,Solano,48,415 East C Street,Dixon,95620-2798,(707) 693-6360,www.dixonusd.org/anderson/,38.447479,-121.81808,0.0,5.0,K-5,GSserved,elementary,False,False,False,False,N,False,Elementary School (Public),True,public,Active,Mele Blackstone,07/31/2025,anderson-linford-l-elementary-dixon
48705320122267,061128011473,Dixon Montessori Charter,Dixon Unified,Solano,48,355 North Almond Street,Dixon,95620-2702,(707) 678-8953,www.dixonmontessori.org,38.447984,-121.83186,0.0,8.0,K-8,GSserved,k8,True,False,False,False,N,False,Elementary School (Public),True,public,Active,Benjamin Ernest,02/09/2023,dixon-montessori-charter-dixon
48705326120240,061128010679,Gretchen Higgins Elementary,Dixon Unified,Solano,48,1525 Pembroke Way,Dixon,95620-4115,(707) 693-6380,https://www.dixonusd.org/higgins/,38.460755,-121.82889,0.0,5.0,K-5,GSserved,elementary,False,False,True,False,N,False,Elementary School (Public),True,public,Active,Gina Llamas-Cruz,08/08/2024,gretchen-higgins-elementary-dixon
48705326051023,061128001250,John Knight Middle,Dixon Unified,Solano,48,455 East A Street,Dixon,95620-3209,(707) 693-6350,www.dixonusd.org/jkms/,38.445861,-121.81796,6.0,8.0,6-8,GSserved,middle,False,False,False,False,N,False,Intermediate/Middle School (Public),True,public,Active,Bob Bugalski,08/14/2023,john-knight-middle-dixon
48705326110282,061128010328,Tremont Elementary,Dixon Unified,Solano,48,355 Pheasant Run Drive,Dixon,95620-4219,(707) 693-6320,https://www.dixonusd.org/tremont/,38.448354,-121.84422,0.0,5.0,K-5,GSserved,elementary,False,False,False,False,N,False,Elementary School (Public),True,public,Active,Treva Foster,02/09/2023,tremont-elementary-dixon
48705406051064,061336001524,Anna Kyle Elementary,Fairfield-Suisun Unified,Solano,48,1600 Kidder Avenue,Fairfield,94533-3914,(707) 421-4105,www.fsusd.org,38.258479,-122.03011,0.0,5.0,K-5,GSserved,elementary,False,False,False,False,N,False,Elementary School (Public),True,public,Active,Veronica Carrasco,08/14/2023,anna-kyle-elementary-fairfield
48705406109136,061336009815,B. Gale Wilson Middle,Fairfield-Suisun Unified,Solano,48,3301 Cherry Hills Court,Fairfield,94534-7146,(707) 421-4225,www.fsusd.org,38.271771,-122.08003,6.0,8.0,6-8,GSserved,middle,False,True,False,False,N,False,Elementary School (Public),True,public,Active,Mirel Rivera,02/09/2023,b-gale-wilson-middle-fairfield
48705406051098,061336001520,Cleo Gordon Elementary,Fairfield-Suisun Unified,Solano,48,1950 Dover Avenue,Fairfield,94533-2345,(707) 421-4125,www.fsusd.org,38.265957,-122.02488,0.0,5.0,K-5,GSserved,elementary,False,False,False,False,N,False,Elementary School (Public),True,public,Active,Dalal Mansour,08/14/2023,cleo-gordon-elementary-fairfield
48705400113092,061336011938,Cordelia Hills Elementary,Fairfield-Suisun Unified,Solano,48,4770 Canyon Hills Drive,Fairfield,94534-6449,(707) 864-1905,www.fsusd.org,38.171141,-122.13268,0.0,5.0,K-5,GSserved,elementary,False,False,False,False,N,False,Elementary School (Public),True,public,Active,Megan Thole,02/09/2023,cordelia-hills-elementary-fairfield
48705406051106,061336001514,Crescent Elementary,Fairfield-Suisun Unified,Solano,48,1001 Anderson Drive,Suisun,94585,(707) 435-2771,www.fsusd.org,38.241883,-122.01282,0.0,5.0,K-5,GSserved,elementary,False,False,False,False,N,False,Elementary School (Public),True,public,Active,Jodie Phan,02/09/2023,crescent-elementary-suisun
48705406051114,061336007282,Crystal Middle,Fairfield-Suisun Unified,Solano,48,400 Whispering Bay Lane,Suisun City,94585-2862,(707) 435-5800,www.fsusd.org,38.24113,-122.03418,6.0,8.0,6-8,GSserved,middle,False,False,False,False,N,False,Intermediate/Middle School (Public),True,public,Active,Karina Colantoni,07/29/2025,crystal-middle-suisun-city
48705406109128,061336009814,Dan O. Root Elementary,Fairfield-Suisun Unified,Solano,48,820 Harrier Drive,Suisun City,94585-3064,(707) 421-4240,www.fsusd.org,38.249588,-121.9951,0.0,5.0,K-5,GSserved,elementary,False,False,False,False,N,False,Elementary School (Public),True,public,Active,Vanessa Fortney,08/20/2026,dan-o-root-elementary-suisun-city
48705400133595,061336013984,Dover Elementary,Fairfield-Suisun Unified,Solano,48,301 East Alaska Avenue,Fairfield,94533-2222,(707) 435-3794,www.fsusd.org,38.272629,-122.02981,0.0,5.0,K-5,GSserved,elementary,False,False,False,False,N,False,Elementary School (Public),True,public,Active,Vickie Johnson,02/09/2023,dover-elementary-fairfield
48705406051148,061336001527,E. Ruth Sheldon Academy of Innovative Learning,Fairfield-Suisun Unified,Solano,48,1901 Woolner Avenue,Fairfield,94533-5809,(707) 421-4150,www.fsusd.org,38.24515,-122.0627,0.0,8.0,K-8,GSserved,k8,False,False,False,False,N,False,Elementary School (Public),True,public,Active,Lisa Lewis,02/09/2023,e-ruth-sheldon-academy-of-innovative-learning-fairfield
48705406051163,061336001518,Fairview Elementary,Fairfield-Suisun Unified,Solano,48,830 First Street,Fairfield,94533-4724,(707) 421-4165,www.fsusd.org,38.250781,-122.05237,0.0,5.0,K-5,GSserved,elementary,False,False,False,False,N,False,Elementary School (Public),True,public,Active,Candace Wills,08/14/2023,fairview-elementary-fairfield
48705406093397,061336001521,Grange Middle,Fairfield-Suisun Unified,Solano,48,1975 Blossom Avenue,Fairfield,94533-8010,(707) 438-1900,www.fsusd.org,38.263698,-122.0149,6.0,8.0,6-8,GSserved,middle,False,True,False,False,N,False,Intermediate/Middle School (Public),True,public,Active,Heather Oja,02/09/2023,grange-middle-fairfield
48705406051189,061336001522,Green Valley Middle,Fairfield-Suisun Unified,Solano,48,1350 Gold Hill Road,Fairfield,94534-6422,(707) 646-7000,www.fsusd.org,38.17477,-122.13766,6.0,8.0,6-8,GSserved,middle,False,True,False,False,N,False,Intermediate/Middle School (Public),True,public,Active,Steve Trotter,02/09/2023,green-valley-middle-fairfield
48705400122093,061336012633,H. Glenn Richardson,Fairfield-Suisun Unified,Solano,48,1069 Meadowlark Drive,Fairfield,94533-2460,(707) 420-2300,www.fsusd.org,38.26813,-122.01243,1.0,6.0,1-6,GSserved,elementary,False,False,False,False,N,False,Special Education School (Public),False,public,Active,Gary Hiner,02/06/2026,h-glenn-richardson-fairfield
48705406051197,061336001523,K. I. Jones Elementary,Fairfield-Suisun Unified,Solano,48,2001 Winston Drive,Fairfield,94534-3018,(707) 421-4195,www.fsusd.org,38.267852,-122.05956,0.0,5.0,K-5,GSserved,elementary,False,True,False,False,N,False,Elementary School (Public),True,public,Active,Krista Nichols,08/14/2023,k-i-jones-elementary-fairfield
48705406111405,061336002835,Laurel Creek Elementary,Fairfield-Suisun Unified,Solano,48,2900 Gulf Drive,Fairfield,94533-8116,(707) 421-4291,www.fsusd.org,38.282091,-122.01899,0.0,5.0,K-5,GSserved,elementary,False,False,False,False,N,False,Elementary School (Public),True,public,Active,Lucius McKelvy,02/09/2023,laurel-creek-elementary-fairfield
48705400155861,061336014770,Matt Garcia Career and College Academy,Fairfield-Suisun Unified,Solano,48,1100 Harry Price Drive,Fairfield,94533-4806,(707) 424-9400,www.fsusd.org,38.249196,-122.04051,6.0,8.0,6-8,GSserved,middle,False,False,False,False,N,False,Alternative School of Choice,True,public,Active,Shabana Johnson,06/03/2025,matt-garcia-career-and-college-academy-fairfield
48705406115752,061336007857,Nelda Mundy Elementary,Fairfield-Suisun Unified,Solano,48,570 Vintage Valley Drive,Fairfield,94534-1416,(707) 863-7920,www.fsussd.org,38.217911,-122.14701,0.0,5.0,K-5,GSserved,elementary,False,False,False,False,N,False,Elementary School (Public),True,public,Active,Julie Smith,07/26/2024,nelda-mundy-elementary-fairfield
48705406106405,061336008837,Oakbrook Academy of the Arts,Fairfield-Suisun Unified,Solano,48,700 Oakbrook Drive,Fairfield,94534-6841,(707) 863-7930,www.fsusd.org,38.191338,-122.14346,0.0,8.0,K-8,GSserved,k8,False,False,False,False,N,False,Elementary School (Public),True,public,Active,Aimee McGinty,08/14/2023,oakbrook-academy-of-the-arts-fairfield
48705400125310,061336013081,Public Safety Academy,Fairfield-Suisun Unified,Solano,48,230 Atlantic Avenue,Fairfield,94533-1539,(707) 421-3933,www.fsusd.org,38.277401,-122.03878,5.0,12.0,5-12,GSserved,middle_high,False,False,False,False,N,False,Alternative School of Choice,True,public,Active,Jason Fischer,07/26/2024,public-safety-academy-fairfield
48705400113084,061336011995,Rolling Hills Elementary,Fairfield-Suisun Unified,Solano,48,2025 Fieldcrest Avenue,Fairfield,94534-7995,(707) 399-9566,www.fsusd.org,38.290818,-122.0405,0.0,5.0,K-5,GSserved,elementary,False,False,False,False,N,False,Elementary School (Public),True,public,Active,Rhonda Flemming,08/20/2026,rolling-hills-elementary-fairfield
48705406100754,061336007283,Suisun Elementary,Fairfield-Suisun Unified,Solano,48,725 Golden Eye Way,Suisun City,94585-2029,(707) 421-4210,www.fsusd.org,38.247824,-122.01245,0.0,5.0,K-5,GSserved,elementary,False,False,False,False,N,False,Elementary School (Public),True,public,Active,Cathy Chan,02/09/2023,suisun-elementary-suisun-city
48705406051221,061336001528,Suisun Valley Elementary,Fairfield-Suisun Unified,Solano,48,4985 Lambert Road,Fairfield,94534-9740,(707) 421-4338,www.fsusd.org,38.289726,-122.11611,0.0,8.0,K-8,GSserved,k8,False,False,False,False,N,False,Elementary School (Public),True,public,Active,Jenel Jansen,08/20/2026,suisun-valley-elementary-fairfield
48705400141671,061336014660,Sullivan Language Immersion Academy,Fairfield-Suisun Unified,Solano,48,2195 Union Avenue,Fairfield,94533-3240,(707) 366-0685,www.fsusd.org,38.267616,-122.04268,0.0,5.0,K-5,GSserved,elementary,False,False,True,False,N,False,Alternative School of Choice,True,public,Active,Daniel Garcia,07/28/2025,sullivan-language-immersion-academy-fairfield
48705406051239,061336001530,Tolenas Elementary,Fairfield-Suisun Unified,Solano,48,4500 Tolenas Road,Fairfield,94533-6615,(707) 421-4350,www.fsusd.org,38.261117,-121.99819,0.0,5.0,K-5,GSserved,elementary,False,False,False,False,N,False,Elementary School (Public),True,public,Active,Lisa Juchcinski-Davis,08/29/2024,tolenas-elementary-fairfield
48705400140210,061336014474,Virtual Academy of Fairfield-Suisun,Fairfield-Suisun Unified,Solano,48,1100 Harry Price Drive,Fairfield,94533-4806,(707) 438-6973,www.fsusd.org,38.249196,-122.04051,0.0,8.0,K-8,GSserved,k8,False,False,False,False,V,True,Alternative School of Choice,True,public,Active,Colleen Hutchinson,09/18/2024,virtual-academy-of-fairfield-suisun-fairfield
48705400112664,061336011891,Weir Preparatory Academy,Fairfield-Suisun Unified,Solano,48,1975 Pennsylvania Avenue,Fairfield,94533-3643,(707) 399-3300,www.fsusd.org,38.265267,-122.04999,0.0,8.0,K-8,GSserved,k8,False,False,False,False,N,False,Elementary School (Public),True,public,Active,Alison Guernsey,02/09/2023,weir-preparatory-academy-fairfield
48104880139030,069112214376,Elite Public,Solano County Office of Education,Solano,48,100 Whitney Avenue,Vallejo,94589-2194,(707) 652-3142,www.elitepublicschools.org,38.147462,-122.24434,0.0,12.0,K-12,GSserved,k12,True,False,False,False,N,False,K-12 School (Public),True,public,Active,Ramona Bishop,02/09/2023,elite-public-vallejo
48104886089668,069112210678,Solano County Community,Solano County Office of Education,Solano,48,Golden Hills Education Center 2460 Clay Bank Road (Building 1),Fairfield,94533,(707) 399-4840,www.solanocoe.net,38.271411,-122.00674,8.0,12.0,8-12,GSserved,middle_high,False,False,False,False,C,False,County Community,False,public,Active,Edison Kelly,08/20/2026,solano-county-community-fairfield
48104886069538,069112206289,Solano County Special Education,Solano County Office of Education,Solano,48,"Golden Hills Education Center 2460 Clay Bank Road, Building 8",Fairfield,94533-1615,(707) 399-4867,www.solanocoe.net,38.273911,-122.00382,0.0,12.0,K-12,GSserved,k12,False,False,False,False,N,False,Special Education School (Public),False,public,Active,Clarissa Tuttle,08/19/2026,solano-county-special-education-fairfield
48705656103154,063963008998,Cambridge Elementary,Travis Unified,Solano,48,100 Cambridge Drive,Vacaville,95687-6900,(707) 446-9494,https://cambridge.travisusd.org/,38.3332,-121.95226,0.0,5.0,K-5,GSserved,elementary,False,False,False,False,N,False,Elementary School (Public),True,public,Active,Primal Dhillon,08/04/2025,cambridge-elementary-vacaville
48705656051254,063963006595,Center Elementary,Travis Unified,Solano,48,3101 Markeley Lane,Fairfield,94533-6676,(707) 437-4621,https://center.travisusd.org/,38.28216,-121.95544,0.0,5.0,K-5,GSserved,elementary,False,False,False,False,N,False,Elementary School (Public),True,public,Active,Jennifer Greenway,08/04/2025,center-elementary-fairfield
48705656111652,063963002845,Foxboro Elementary,Travis Unified,Solano,48,600 Morning Glory Drive,Vacaville,95687-5300,(707) 447-7883,https://foxboro.travisusd.org/,38.326,-121.96514,0.0,5.0,K-5,GSserved,elementary,False,False,False,False,N,False,Elementary School (Public),True,public,Active,Kristyn Andrews,08/04/2025,foxboro-elementary-vacaville
48705656051262,063963006596,Golden West Middle,Travis Unified,Solano,48,2651 De Ronde Drive,Fairfield,94533-9709,(707) 437-8240,https://goldenwest.travisusd.org/,38.282658,-121.96051,6.0,8.0,6-8,GSserved,middle,False,False,False,False,N,False,Intermediate/Middle School (Public),True,public,Active,Sarah Portugal,08/04/2025,golden-west-middle-fairfield
48705656068290,063963006598,Scandia Elementary,Travis Unified,Solano,48,100 Broadway Street,Travis AFB,94535-1558,(707) 437-4691,https://scandia.travisusd.org/,38.274492,-121.94456,0.0,5.0,K-5,GSserved,elementary,False,False,False,False,N,False,Elementary School (Public),True,public,Active,Jennifer Buzolich,08/04/2025,scandia-elementary-travis-afb
48705656051270,063963005418,Travis Elementary,Travis Unified,Solano,48,100 Fairfield Avenue,Travis AFB,94535-1000,(707) 437-2070,https://traviselem.travisusd.org/,38.272058,-121.93703,0.0,5.0,K-5,GSserved,elementary,False,False,False,False,N,False,Elementary School (Public),True,public,Active,Lindsay Dalske,08/04/2025,travis-elementary-travis-afb
48705736051288,064059006697,Alamo Elementary,Vacaville Unified,Solano,48,500 South Orchard Avenue,Vacaville,95688-4334,(707) 453-6200,http://alamo.vacavilleusd.org,38.352909,-122.00171,0.0,6.0,K-6,GSserved,elementary,False,False,False,False,N,False,Elementary School (Public),True,public,Active,Derek Wickliff,02/09/2023,alamo-elementary-vacaville
48705736109672,064059010329,Browns Valley Elementary,Vacaville Unified,Solano,48,333 Wretham Drive,Vacaville,95688-9290,(707) 453-6205,http://brownsvalley.vacavilleusd.org,38.382814,-121.98266,0.0,6.0,K-6,GSserved,elementary,False,False,False,False,N,False,Elementary School (Public),True,public,Active,Traci White,02/09/2023,browns-valley-elementary-vacaville
48705736110241,064059010330,Cooper Elementary,Vacaville Unified,Solano,48,750 Christine Drive,Vacaville,95687-4163,(707) 453-6210,http://cooper.vacavilleusd.org,38.356417,-121.94388,0.0,6.0,K-6,GSserved,elementary,False,False,False,False,N,False,Elementary School (Public),True,public,Active,Samantha Chizauskie,02/09/2023,cooper-elementary-vacaville
48705736051296,064059006704,Edwin Markham Elementary,Vacaville Unified,Solano,48,101 Markham Avenue,Vacaville,95688-2312,(707) 453-6230,http://markham.vacavilleusd.org,38.370787,-121.97756,0.0,6.0,K-6,GSserved,elementary,False,False,True,False,N,False,Elementary School (Public),True,public,Active,Sara Johnson,07/02/2025,edwin-markham-elementary-vacaville
48705736051320,064059006706,Eugene Padan Elementary,Vacaville Unified,Solano,48,200 Padan School Road,Vacaville,95687-5444,(707) 453-6235,http://padan.vacavilleusd.org,38.340737,-121.98417,0.0,6.0,K-6,GSserved,elementary,False,False,False,False,N,False,Elementary School (Public),True,public,Active,Stacey Banks,07/02/2026,eugene-padan-elementary-vacaville
48705736051338,064059006701,Fairmont Elementary,Vacaville Unified,Solano,48,1355 Marshall Road,Vacaville,95687-5519,(707) 453-6240,http://fairmont.vacavilleusd.org,38.346328,-121.96675,0.0,6.0,K-6,GSserved,elementary,False,False,False,False,N,False,Elementary School (Public),True,public,Active,Marisa Carbonell,07/02/2026,fairmont-elementary-vacaville
48705736051346,064059006702,Hemlock Elementary,Vacaville Unified,Solano,48,400 Hemlock Street,Vacaville,95688-2616,(707) 453-6245,http://hemlock.vacavilleusd.org,38.364557,-122.00149,0.0,6.0,K-6,GSserved,elementary,False,False,False,False,N,False,Elementary School (Public),True,public,Active,Nicole Bandy,06/26/2024,hemlock-elementary-vacaville
48705736109094,064059010123,Jean Callison Elementary,Vacaville Unified,Solano,48,6261 Vanden Road,Vacaville,95687-7294,(707) 453-6250,http://callison.vacavilleusd.org,38.343458,-121.94295,0.0,6.0,K-6,GSserved,elementary,False,False,False,False,N,False,Elementary School (Public),True,public,Active,Kacey Ramos,06/29/2023,jean-callison-elementary-vacaville
48705730129494,064059013743,Kairos Public,Vacaville Unified,Solano,48,129 Elm Street,Vacaville,95688-6925,(707) 453-7234,www.kairospublicschools.org/,38.352384,-121.99034,0.0,11.0,K-11,GSserved,k12,True,False,False,False,C,False,K-12 School (Public),True,public,Active,Jared Austin,08/19/2026,kairos-public-vacaville
48705736097950,064059006705,Orchard Elementary,Vacaville Unified,Solano,48,805 North Orchard Avenue,Vacaville,95688-2138,(707) 453-6255,http://orchard.vacavilleusd.org,38.376987,-122.00446,0.0,6.0,K-6,GSserved,elementary,False,False,False,False,N,False,Elementary School (Public),True,public,Active,Jordyn Adcock,07/02/2026,orchard-elementary-vacaville
48705730133553,064059014012,Sierra Vista K-8,Vacaville Unified,Solano,48,301 Bel Air Drive,Vacaville,95687-6343,(707) 453-6260,http://sierravista.vacavilleusd.org,38.33818,-121.95628,0.0,8.0,K-8,GSserved,k8,False,False,False,False,N,False,Elementary School (Public),True,public,Active,Kara Dinwiddie,06/29/2023,sierra-vista-k-8-vacaville
48705736106363,064059009002,Vaca Pena Middle,Vacaville Unified,Solano,48,200 Keith Way,Vacaville,95687-5189,(707) 453-6270,http://vacapena.vacavilleusd.org,38.350197,-121.953,7.0,8.0,7-8,GSserved,middle,False,False,False,False,N,False,K-12 School (Public),True,public,Active,Jennifer Purdy,07/02/2025,vaca-pena-middle-vacaville
48705734837803,064059006709,Vacaville High,Vacaville Unified,Solano,48,100 Monte Vista Avenue,Vacaville,95688-3829,(707) 453-6011,http://vhs.vacavilleusd.org,38.358831,-121.99316,4.0,12.0,4-12,GSserved,middle_high,False,False,True,False,C,False,High School (Public),False,public,Active,Adam Wight,05/23/2025,vacaville-high-vacaville
48705736060180,064059006703,Willis Jepson Middle,Vacaville Unified,Solano,48,580 Elder Street,Vacaville,95688-2531,(707) 453-6280,http://jepson.vacavilleusd.org,38.362566,-122.00715,7.0,8.0,7-8,GSserved,middle,False,False,True,False,N,False,Intermediate/Middle School (Public),True,public,Active,Melissa Mainini,06/26/2024,willis-jepson-middle-vacaville
48705810134262,064074014030,Caliber: ChangeMakers Academy,Vallejo City Unified,Solano,48,500 Oregon Street,Vallejo,94590-3254,(707) 563-9827,www.calibercma.org/,38.118517,-122.25045,0.0,8.0,K-8,GSserved,k8,True,False,False,False,N,False,Elementary School (Public),True,public,Active,Alison Ford,07/13/2026,caliber-changemakers-academy-vallejo
48705816051429,064074006722,Cave Language Academy,Vallejo City Unified,Solano,48,770 Tregaskis Avenue,Vallejo,94591-4804,(707) 556-8410,No Data,38.107661,-122.22286,0.0,8.0,K-8,GSserved,k8,False,False,True,False,N,False,Elementary School (Public),True,public,Active,Lorena Hernandez,08/08/2024,cave-language-academy-vallejo
48705816051411,064074006721,Dan Mini Elementary,Vallejo City Unified,Solano,48,1530 Lorenzo Drive,Vallejo,94589-1614,(707) 556-8570,No Data,38.149394,-122.25948,0.0,5.0,K-5,GSserved,elementary,False,False,False,False,N,False,Elementary School (Public),True,public,Active,Yvanna Wheeler,10/26/2023,dan-mini-elementary-vallejo
48705816051445,064074006725,Federal Terrace Elementary,Vallejo City Unified,Solano,48,415 Daniels Avenue,Vallejo,94590-3040,(707) 556-8460,No Data,38.12277,-122.26927,0.0,6.0,K-6,GSserved,elementary,False,False,False,False,N,False,Elementary School (Public),True,public,Active,Marisa Carbonell,07/27/2024,federal-terrace-elementary-vallejo
48705816107684,064074009455,Glen Cove Elementary,Vallejo City Unified,Solano,48,501 Glen Cove Parkway,Vallejo,94591-7537,(707) 556-8491,No Data,38.08345,-122.21258,0.0,5.0,K-5,GSserved,elementary,False,False,False,False,N,False,Elementary School (Public),True,public,Active,Kensaburo Daniels,07/26/2024,glen-cove-elementary-vallejo
48705816099667,064074007368,Grace Patterson Elementary,Vallejo City Unified,Solano,48,1080 Porter Street,Vallejo,94590-7742,(707) 556-8580,No Data,38.079633,-122.23823,0.0,6.0,K-6,GSserved,elementary,False,False,False,False,N,False,Elementary School (Public),True,public,Active,Miranda Martinez,02/09/2023,grace-patterson-elementary-vallejo
48705816060206,064074006736,Hogan Middle,Vallejo City Unified,Solano,48,850 Rosewood Avenue,Vallejo,94591-5647,(707) 556-3510,No Data,38.100965,-122.2158,6.0,9.0,6-9,GSserved,middle_high,False,False,False,False,N,False,Intermediate/Middle School (Public),True,public,Active,Camille Jefferson,07/26/2024,hogan-middle-vallejo
48705816051395,064074006720,Johnston Cooper Elementary,Vallejo City Unified,Solano,48,612 Del Mar Avenue,Vallejo,94589-2605,(707) 556-8420,No Data,38.126943,-122.23984,0.0,5.0,K-5,GSserved,elementary,False,False,False,False,N,False,Elementary School (Public),True,public,Active,Gretchen Ledda,07/27/2024,johnston-cooper-elementary-vallejo
48705816110134,064074010331,Joseph H. Wardlaw Elementary,Vallejo City Unified,Solano,48,1698 Oakwood Avenue,Vallejo,94591-4145,(707) 556-8730,No Data,38.120332,-122.21037,0.0,6.0,K-6,GSserved,elementary,False,False,False,False,N,False,Elementary School (Public),True,public,Active,Michelle Hawthorne,10/26/2023,joseph-h-wardlaw-elementary-vallejo
48705810137380,064074014264,MIT Griffin Academy Middle,Vallejo City Unified,Solano,48,233 Hobbs Avenue,Vallejo,94589-2325,(707) 552-6482,www.griffinvallejo.org,38.13275,-122.24834,6.0,8.0,6-8,GSserved,middle,True,False,True,False,N,False,Intermediate/Middle School (Public),True,public,Active,Nick Driver,05/23/2025,mit-griffin-academy-middle-vallejo
48705816116255,064074008398,Mare Island Technology Academy,Vallejo City Unified,Solano,48,2 Positive Place,Vallejo,94589-1825,(707) 552-6482,www.mitacademy.org,38.150659,-122.24556,6.0,8.0,6-8,GSserved,middle,True,False,True,False,N,False,Intermediate/Middle School (Public),True,public,Active,Nick Driver,05/23/2025,mare-island-technology-academy-vallejo
48705816071302,064074006723,Solano Widenmann Leadership Academy,Vallejo City Unified,Solano,48,1025 Corcoran Avenue,Vallejo,94589-1844,(707) 556-8740,No Data,38.153822,-122.23991,0.0,9.0,K-9,GSserved,k12,False,False,False,False,N,False,Elementary School (Public),True,public,Active,Kimberly Mitchell,02/09/2023,solano-widenmann-leadership-academy-vallejo
48705816051544,064074006737,Steffan Manor Elementary,Vallejo City Unified,Solano,48,815 Cedar Street,Vallejo,94591-6531,(707) 556-8640,No Data,38.101041,-122.22406,0.0,5.0,K-5,GSserved,elementary,False,False,False,False,N,False,Elementary School (Public),True,public,Active,Brenda Zander,02/09/2023,steffan-manor-elementary-vallejo
48705810115469,064074012088,Vallejo Charter,Vallejo City Unified,Solano,48,400 Rickover Street,Vallejo,94592-1128,(707) 556-8620,www.vallejo.k12.ca.us,38.095357,-122.27394,0.0,8.0,K-8,GSserved,k8,True,True,False,False,N,False,Elementary School (Public),True,public,Active,Janice Lubin,08/05/2025,vallejo-charter-vallejo
49705996051577,060189000064,Alexander Valley Elementary,Alexander Valley Union Elementary,Sonoma,49,8511 Highway 128,Healdsburg,95448-9020,(707) 433-1375,www.alexandervalleyusd.org,38.655489,-122.79218,0.0,6.0,K-6,GSserved,elementary,False,False,False,False,N,False,Elementary School in 1 School District (Public),True,public,Active,Matt Reno,02/09/2023,alexander-valley-elementary-healdsburg
49706156051585,060438000393,Bellevue Elementary,Bellevue Union,Sonoma,49,3223 Primrose Avenue,Santa Rosa,95407-7723,(707) 542-5195,https://bv.busd.org/,38.397097,-122.73472,0.0,6.0,K-6,GSserved,elementary,False,False,False,False,N,False,Elementary School (Public),True,public,Active,Laura Webb,08/17/2026,bellevue-elementary-santa-rosa
49706156051593,060438000394,Kawana Springs Elementary,Bellevue Union,Sonoma,49,2121 Moraga Drive,Santa Rosa,95404-6114,(707) 545-4283,https://ks.busd.org/,38.42103,-122.70005,0.0,6.0,K-6,GSserved,elementary,False,False,True,False,N,False,Elementary School (Public),True,public,Active,Denise McCullough,09/11/2023,kawana-springs-elementary-santa-rosa
49706156115695,060438007865,Meadow View Elementary,Bellevue Union,Sonoma,49,2665 Dutton Meadow Avenue,Santa Rosa,95407-7730,(707) 541-3715,https://mv.busd.org/,38.412094,-122.73025,0.0,6.0,K-6,GSserved,elementary,False,False,False,False,N,False,Elementary School (Public),True,public,Active,Jeanine Wilson,08/17/2026,meadow-view-elementary-santa-rosa
49706150113506,060438011843,Taylor Mountain Elementary,Bellevue Union,Sonoma,49,1210 East Bellevue Avenue,Santa Rosa,95407-2764,(707) 542-3671,https://tm.busd.org/,38.401648,-122.7099,0.0,6.0,K-6,GSserved,elementary,False,False,False,False,N,False,Elementary School (Public),True,public,Active,Margaret Jacobson,09/11/2023,taylor-mountain-elementary-santa-rosa
49706236098248,060465000429,Bennett Valley Charter,Bennett Valley Union Elementary,Sonoma,49,2311 Horseshoe Drive,Santa Rosa,95405-8199,(707) 526-4433,www.bvusd.org,38.434899,-122.66163,1.0,6.0,1-6,GSserved,elementary,True,False,False,False,N,False,Elementary School (Public),True,public,Active,Rachel Hankerson,06/12/2026,bennett-valley-charter-santa-rosa
49706236051619,060465000430,Yulupa Elementary,Bennett Valley Union Elementary,Sonoma,49,2250 Mesquite Drive,Santa Rosa,95405-8310,(707) 542-6272,www.bvusd.org,38.428442,-122.67306,0.0,0.0,K,GSserved,elementary,False,False,False,False,N,False,Elementary School (Public),True,public,Active,Rachel Hankerson,07/14/2025,yulupa-elementary-santa-rosa
49706496051635,060870000884,Cinnabar Charter,Cinnabar Elementary,Sonoma,49,286 Skillman Lane,Petaluma,94952-1226,(707) 765-4345,www.cinnabar.org/,38.25781,-122.66326,1.0,8.0,1-8,GSserved,k8,True,False,False,False,N,False,Elementary School (Public),True,public,Active,Amelia Circo,09/02/2026,cinnabar-charter-petaluma
49706490125724,060870013043,Cinnabar Elementary,Cinnabar Elementary,Sonoma,49,286 Skillman Lane,Petaluma,94952-1226,(707) 765-4345,https://www.cinnabar.org/,38.258198,-122.6656,0.0,0.0,K,GSserved,elementary,False,False,False,False,N,False,Elementary School (Public),True,public,Active,Amelia Circo,09/02/2026,cinnabar-elementary-petaluma
49706566051643,060897000900,Jefferson Elementary,Cloverdale Unified,Sonoma,49,315 North Street,Cloverdale,95425-3251,(707) 894-1930,https://cloverdale-ca.schoolloop.com/jefferson-elementary-school,38.811633,-123.02442,0.0,4.0,K-4,GSserved,elementary,False,False,False,False,C,False,Elementary School (Public),True,public,Active,Michelle Holden,08/18/2026,jefferson-elementary-cloverdale
49706560139022,060897014399,Online Academy - Sonoma County,Cloverdale Unified,Sonoma,49,509 North Cloverdale Boulevard,Cloverdale,95425-3244,(707) 894-1900,www.onlinelearner.org,38.811107,-123.02213,7.0,12.0,No Data,GSoffered,middle_high,False,False,False,False,V,True,High School (Public),False,public,Active,Casey Berry,08/18/2026,online-academy-sonoma-county-cloverdale
49706566051650,060897000902,Washington,Cloverdale Unified,Sonoma,49,129 South Washington Street,Cloverdale,95425-3620,(707) 894-1940,https://cloverdale-ca.schoolloop.com/washington-school,38.803673,-123.01885,5.0,8.0,5-8,GSserved,middle,False,False,False,False,C,False,Intermediate/Middle School (Public),True,public,Active,Shauna Ferdinandson,06/15/2023,washington-cloverdale
49738826097059,060994001077,Evergreen Elementary,Cotati-Rohnert Park Unified,Sonoma,49,1125 Emily Avenue,Rohnert Park,94928-1913,(707) 588-5715,No Data,38.357287,-122.69102,0.0,5.0,K-5,GSserved,elementary,False,False,False,False,N,False,Elementary School (Public),True,public,Active,Scott McKeon,06/15/2026,evergreen-elementary-rohnert-park
49738826051676,060994001079,John Reed Primary,Cotati-Rohnert Park Unified,Sonoma,49,390 Arlen Drive,Rohnert Park,94928-8001,(707) 792-4845,No Data,38.340008,-122.70598,0.0,5.0,K-5,GSserved,elementary,False,False,False,False,N,False,Elementary School (Public),True,public,Active,Kristy Corbett,08/21/2024,john-reed-primary-rohnert-park
49738826112981,060994005461,Lawrence E. Jones Middle,Cotati-Rohnert Park Unified,Sonoma,49,5154 Snyder Lane,Rohnert Park,94928-2943,(707) 588-5600,No Data,38.351116,-122.68272,6.0,8.0,6-8,GSserved,middle,False,True,False,False,N,False,Intermediate/Middle School (Public),True,public,Active,Merideth Keenan Boggs,05/24/2023,lawrence-e-jones-middle-rohnert-park
49738826099246,060994001078,Marguerite Hahn Elementary,Cotati-Rohnert Park Unified,Sonoma,49,825 Hudis Street,Rohnert Park,94928-1445,(707) 588-5675,No Data,38.365255,-122.69517,0.0,5.0,K-5,GSserved,elementary,False,False,False,False,N,False,Elementary School (Public),True,public,Active,Nikki Diaz,08/22/2025,marguerite-hahn-elementary-rohnert-park
49738826109169,060994009772,Monte Vista Elementary,Cotati-Rohnert Park Unified,Sonoma,49,1400 Magnolia Avenue,Rohnert Park,94928-8129,(707) 792-4531,No Data,38.328755,-122.68209,0.0,5.0,K-5,GSserved,elementary,False,False,False,False,N,False,Elementary School (Public),True,public,Active,Courtney Morales Rosen,08/22/2025,monte-vista-elementary-rohnert-park
49738820135053,060994014195,Richard Crane Elementary,Cotati-Rohnert Park Unified,Sonoma,49,1290 Southwest Boulevard,Rohnert Park,94928-3437,(707) 285-3150,www.crpusd.org,38.340425,-122.69057,0.0,5.0,K-5,GSserved,elementary,False,False,False,True,N,False,Elementary School (Public),True,public,Active,Mary Spitzer,06/15/2026,richard-crane-elementary-rohnert-park
49738820128348,060994013686,Technology Middle,Cotati-Rohnert Park Unified,Sonoma,49,7165 Burton Avenue,Rohnert Park,94928-3316,(707) 792-4800,www.crpusd.org,38.338763,-122.69997,6.0,8.0,6-8,GSserved,middle,False,False,False,False,N,False,Intermediate/Middle School (Public),True,public,Active,Joshua Brown Herrera,05/24/2023,technology-middle-rohnert-park
49738826060669,060994001083,Thomas Page Academy,Cotati-Rohnert Park Unified,Sonoma,49,1075 Madrone Avenue,Cotati,94931-5130,(707) 792-4860,No Data,38.329309,-122.72854,0.0,8.0,K-8,GSserved,k8,False,False,False,False,N,False,Elementary School (Public),True,public,Active,Ana Castillo,08/21/2024,thomas-page-academy-cotati
49738820128330,060994013725,University Elementary at La Fiesta,Cotati-Rohnert Park Unified,Sonoma,49,8511 Liman Way,Rohnert Park,94928-4686,(707) 792-4840,www.crpusd.org,38.325024,-122.69191,0.0,5.0,K-5,GSserved,elementary,False,False,False,False,N,False,Elementary School (Public),True,public,Active,Christina Lunde,02/09/2023,university-elementary-at-la-fiesta-rohnert-park
49706720122440,061161012748,Dunham Charter,Dunham Elementary,Sonoma,49,4111 Roblar Road,Petaluma,94952-9202,(707) 795-5050,www.dunhamsd.org,38.321292,-122.75843,0.0,5.0,K-5,GSserved,elementary,True,False,False,False,N,False,Elementary School (Public),True,public,Active,Ani Larson,02/09/2023,dunham-charter-petaluma
49706726051700,061161001291,Dunham Elementary,Dunham Elementary,Sonoma,49,4111 Roblar Road,Petaluma,94952-9202,(707) 795-5050,www.dunhamsd.org,38.321292,-122.75843,6.0,6.0,6,GSserved,middle,False,False,False,False,N,False,Elementary School (Public),True,public,Active,Katie Kidder,08/18/2026,dunham-elementary-petaluma
49706800112987,061401012023,Forestville Academy,Forestville Union Elementary,Sonoma,49,6321 Highway 116,Forestville,95436-9606,(707) 887-2279,www.forestvilleusd.org,38.472109,-122.88747,2.0,8.0,2-8,GSserved,k8,True,False,False,False,N,False,Elementary School (Public),True,public,Active,Renee Fitzgerald-Palacio,09/02/2025,forestville-academy-forestville
49706806051718,061401001606,Forestville Elementary,Forestville Union Elementary,Sonoma,49,6321 Highway 116,Forestville,95436-9699,(707) 887-2279,www.forestvilleusd.org,38.472109,-122.88747,0.0,1.0,K-1,GSserved,elementary,False,False,False,False,N,False,Elementary School (Public),True,public,Active,Renee Fitzgerald-Palacio,09/02/2025,forestville-elementary-forestville
49706986051726,061413001616,Fort Ross Elementary,Fort Ross Elementary,Sonoma,49,30600 Seaview Road,Cazadero,95421-9636,(707) 847-3390,www.fortrossschool.org,38.55617,-123.26665,2.0,8.0,2-8,GSserved,k8,False,False,False,False,N,False,Elementary School in 1 School District (Public),True,public,Active,Jennifer Dudley,02/09/2023,fort-ross-elementary-cazadero
49707066051734,061515001907,Geyserville Elementary,Geyserville Unified,Sonoma,49,21485 Geyserville Avenue,Geyserville,95441-0108,(707) 857-3410,www.gusd.com,38.705895,-122.90296,0.0,5.0,K-5,GSserved,elementary,False,False,False,False,N,False,Elementary School (Public),True,public,Active,Erika Sauder,08/15/2023,geyserville-elementary-geyserville
49707060129981,061515013780,Geyserville New Tech Academy,Geyserville Unified,Sonoma,49,1300 Moody Lane,Geyserville,95441-9670,(707) 857-3592,www.gusd.com,38.72015,-122.88534,6.0,12.0,6-12,GSserved,middle_high,False,False,False,False,N,False,K-12 School (Public),True,public,Active,Jessica Glentzer,08/15/2023,geyserville-new-tech-academy-geyserville
49707146119655,061584010684,Gravenstein Community Day,Gravenstein Union Elementary,Sonoma,49,3840 Twig Avenue,Sebastopol,95472-5750,(707) 823-7008,No Data,38.364036,-122.78484,8.0,8.0,8,GSserved,middle,False,False,False,False,N,False,District Community Day School,False,public,Active,Keri Pugno,02/05/2025,gravenstein-community-day-sebastopol
49707146051742,061584002000,Gravenstein Elementary,Gravenstein Union Elementary,Sonoma,49,3840 Twig Avenue,Sebastopol,95472-5750,(707) 823-5361,www.gusdschools.org,38.364036,-122.78484,0.0,5.0,K-5,GSserved,elementary,True,True,False,False,N,False,Elementary School (Public),True,public,Active,Matthew McDowell,10/27/2025,gravenstein-elementary-sebastopol
49707140126888,061584013100,Gravenstein First,Gravenstein Union Elementary,Sonoma,49,3840 Twig Avenue,Sebastopol,95472-5750,(707) 823-5361,www.gusdschools.org,38.360868,-122.78564,1.0,1.0,1,GSserved,elementary,False,False,False,False,N,False,Elementary School (Public),True,public,Active,Matthew McDowell,02/05/2025,gravenstein-first-sebastopol
49707146051759,061584002001,Hillcrest Middle,Gravenstein Union Elementary,Sonoma,49,725 Bloomfield Road,Sebastopol,95472-5153,(707) 823-7653,www.gusdschools.org,38.369241,-122.80697,6.0,8.0,6-8,GSserved,middle,True,True,False,False,N,False,Intermediate/Middle School (Public),True,public,Active,William Deeths,02/05/2025,hillcrest-middle-sebastopol
49707220139048,061632014414,California Pacific Charter - Sonoma,Guerneville Elementary,Sonoma,49,14630 Armstrong Woods Road,Guerneville,95466-9576,(855) 225-7227,www.cal-pacs.org,38.510022,-122.99759,0.0,12.0,K-12,GSserved,k12,True,False,False,False,V,True,K-12 School (Public),True,public,Active,Christine Feher,02/09/2023,california-pacific-charter-sonoma-guerneville
49707226051767,061632002031,Guerneville Elementary (Charter),Guerneville Elementary,Sonoma,49,14630 Armstrong Woods Road,Guerneville,95446-9559,(707) 869-2864,http://guernevilleschool.org,38.50709,-122.99708,0.0,8.0,K-8,GSserved,k8,True,False,False,False,N,False,Elementary School (Public),True,public,Active,Joelene Morasch,02/09/2023,guerneville-elementary-charter-guerneville
49707220138248,061632014302,Guerneville Primary,Guerneville Elementary,Sonoma,49,14630 Armstrong Woods Road,Guerneville,95446-9576,(707) 869-2864,www.guernevilleschool.org,38.510022,-122.99759,0.0,0.0,No Data,GSoffered,elementary,False,False,False,False,N,False,Elementary School (Public),True,public,Active,Joelene Morasch,02/09/2023,guerneville-primary-guerneville
49707306051775,061662002091,Harmony Elementary,Harmony Union Elementary,Sonoma,49,1935 Bohemian Highway,Occidental,95465-0279,(707) 874-1205,www.harmonyusd.org,38.388586,-122.93219,0.0,1.0,K-1,GSserved,elementary,False,False,False,False,N,False,Elementary School (Public),True,public,Active,Matthew Morgan,08/20/2019,harmony-elementary-occidental
49707306120588,061662010685,Pathways Charter,Harmony Union Elementary,Sonoma,49,"150 Professional Center Drive, Suite C",Rohnert Park,94928-2148,(707) 585-6510,www.pathwayscharter.org,38.354348,-122.70888,0.0,12.0,K-12,GSserved,k12,True,False,False,False,N,False,K-12 School (Public),True,public,Active,Michele Blaisdell,08/16/2023,pathways-charter-rohnert-park
49707306110639,061662001736,Salmon Creek School - A Charter,Harmony Union Elementary,Sonoma,49,1935 Bohemian Highway,Occidental,95465-9104,(707) 874-1205,www.harmonyusd.org,38.388586,-122.93219,2.0,8.0,2-8,GSserved,k8,True,False,False,False,N,False,Elementary School (Public),True,public,Active,Matthew Morgan,02/09/2023,salmon-creek-school-a-charter-occidental
49753906051791,060004402139,Healdsburg Elementary,Healdsburg Unified,Sonoma,49,400 First Street,Healdsburg,95448-3939,(707) 431-3440,https://hes-healdsburgusd-ca.schoolloop.com/,38.612476,-122.86173,0.0,5.0,K-5,GSserved,elementary,False,False,False,False,N,False,Elementary School (Public),True,public,Active,Tiffany Dougherty,02/09/2023,healdsburg-elementary-healdsburg
49753906060222,060004402141,Healdsburg Junior High,Healdsburg Unified,Sonoma,49,315 Grant Street,Healdsburg,95448-3921,(707) 431-3410,https://hjhs-healdsburgusd-ca.schoolloop.com/,38.615867,-122.86701,6.0,8.0,6-8,GSserved,middle,False,False,False,False,N,False,Intermediate/Middle School (Public),True,public,Active,Nicole Odetto,02/09/2023,healdsburg-junior-high-healdsburg
49707636051809,061758002192,Horicon Elementary,Horicon Elementary,Sonoma,49,35555 Annapolis Road,Annapolis,95412-9713,(707) 886-5322,http://horiconsd.org/,38.709318,-123.33699,1.0,8.0,1-8,GSserved,k8,False,False,False,False,C,False,Elementary School in 1 School District (Public),True,public,Active,Celeste Linker,05/14/2024,horicon-elementary-annapolis
49707896051825,061941002330,Kenwood Elementary,Kenwood,Sonoma,49,230 Randolph Avenue,Kenwood,95452-0220,(707) 833-2500,No Data,38.415174,-122.55528,0.0,6.0,K-6,GSserved,elementary,False,False,False,False,N,False,Elementary School in 1 School District (Public),True,public,Active,Nate Myers,02/09/2023,kenwood-elementary-kenwood
49707970107284,062154011478,California Virtual Academy @ Sonoma,Liberty Elementary,Sonoma,49,50 Morland Road,Simi Valley,93065-1659,(805) 581-0202,www.caliva.org,34.275868,-118.79798,0.0,12.0,K-12,GSserved,k12,True,False,False,False,F,True,K-12 School (Public),True,public,Active,April Warren,02/09/2023,california-virtual-academy-sonoma-simi-valley
49707970139568,062154014416,Heartwood Charter,Liberty Elementary,Sonoma,49,170 Liberty School Road,Petaluma,94952,(415) 488-9572,http://heartwoodcharterschool.org,38.27893,-122.70568,0.0,12.0,K-12,GSserved,k12,True,False,False,False,V,True,K-12 School (Public),True,public,Active,Stephanie Felton-Priestner,02/09/2023,heartwood-charter-petaluma
49707976051833,062154002570,Liberty Elementary,Liberty Elementary,Sonoma,49,170 Liberty School Road,Petaluma,94952-1074,(707) 795-4380,No Data,38.281953,-122.70749,1.0,6.0,1-6,GSserved,elementary,True,False,False,False,N,False,Elementary School (Public),True,public,Active,Beth Acosta,08/22/2024,liberty-elementary-petaluma
49707970140228,062154014513,Liberty Independent Study,Liberty Elementary,Sonoma,49,170 Liberty School Road,Petaluma,94952,(707) 795-4380,http://libertysd.org,38.27893,-122.70568,1.0,8.0,1-8,GSserved,k8,True,False,True,False,V,True,K-12 School (Public),True,public,Active,Beth Acosta,08/05/2026,liberty-independent-study-petaluma
49707970123422,062154012693,Liberty Primary,Liberty Elementary,Sonoma,49,170 Liberty School Road,Petaluma,94952,(707) 795-4380,http://libertysd.org/,38.281953,-122.70749,0.0,1.0,K-1,GSserved,elementary,False,False,False,False,N,False,Elementary School (Public),True,public,Active,Beth Acosta,08/05/2026,liberty-primary-petaluma
49708056111066,062400001766,John B. Riebli Elementary,Mark West Union Elementary,Sonoma,49,315 Mark West Springs Road,Santa Rosa,95404-1101,(707) 524-2980,www.mwusd.org,38.500826,-122.74163,0.0,6.0,K-6,GSserved,elementary,True,False,False,False,N,False,Elementary School (Public),True,public,Active,Emily Todd,02/09/2023,john-b-riebli-elementary-santa-rosa
49708050105890,062400011479,Mark West Charter,Mark West Union Elementary,Sonoma,49,4600 Lavell Road,Santa Rosa,95403-1205,(707) 524-2741,www.markwestcharter.org,38.502224,-122.75907,2.0,8.0,2-8,GSserved,k8,True,False,False,False,N,False,Elementary School (Public),True,public,Active,Lisa Chapman,08/21/2024,mark-west-charter-santa-rosa
49708056051841,062400003610,Mark West Elementary,Mark West Union Elementary,Sonoma,49,4600 Lavell Road,Santa Rosa,95403-7822,(707) 524-2990,www.mwusd.org,38.500684,-122.7601,0.0,6.0,K-6,GSserved,elementary,False,False,False,False,N,False,Elementary School (Public),True,public,Active,Kelli Osorio,02/09/2023,mark-west-elementary-santa-rosa
49708056051858,062400003611,San Miguel Elementary,Mark West Union Elementary,Sonoma,49,5350 Faught Road,Santa Rosa,95403-1205,(707) 524-2960,www.mwusd.org,38.512376,-122.76032,0.0,6.0,K-6,GSserved,elementary,True,False,False,False,N,False,Elementary School (Public),True,public,Active,Bennett Holley,07/01/2025,san-miguel-elementary-santa-rosa
49708136051866,062541003786,Monte Rio Elementary,Monte Rio Union Elementary,Sonoma,49,20700 Foothill Drive,Monte Rio,95462-0340,(707) 865-2266,www.monterioschool.org,38.47211,-123.0148,0.0,8.0,K-8,GSserved,k8,False,False,False,False,N,False,Elementary School in 1 School District (Public),True,public,Active,Liza Eichert,07/02/2026,monte-rio-elementary-monte-rio
49708216051874,062565003845,Montgomery Elementary,Montgomery Elementary,Sonoma,49,18620 Fort Ross Road,Cazadero,95421-0002,(707) 632-5221,www.mescaz.org,38.538923,-123.0915,0.0,8.0,K-8,GSserved,k8,False,False,False,False,N,False,Elementary School in 1 School District (Public),True,public,Active,Teresa Raef,11/25/2024,montgomery-elementary-cazadero
49708396051882,062784004225,Oak Grove Elementary,Oak Grove Union Elementary,Sonoma,49,8760 Bower Street,Sebastopol,95472-2450,(707) 823-5225,www.ogusd.org,38.43219,-122.86391,0.0,0.0,K,GSserved,elementary,False,False,False,False,N,False,Elementary School (Public),True,public,Active,Brett Page,11/02/2023,oak-grove-elementary-sebastopol
49708396051890,062784004226,Oak Grove Elementary/Willowside Middle,Oak Grove Union Elementary,Sonoma,49,5299 Hall Road,Santa Rosa,95401-5566,(707) 542-0171,www.ogusd.org,38.438127,-122.8064,1.0,8.0,1-8,GSserved,k8,True,False,False,False,N,False,Elementary School (Public),True,public,Active,Dani Barese,02/09/2023,oak-grove-elementary-willowside-middle-santa-rosa
49708476051916,062832004384,La Tercera Elementary,Old Adobe Union,Sonoma,49,1600 Albin Way,Petaluma,94954-4599,(707) 765-4303,www.oldadobe.org,38.245756,-122.6105,0.0,6.0,K-6,GSserved,elementary,False,False,False,False,N,False,Elementary School (Public),True,public,Active,Catherine Larkin,08/21/2023,la-tercera-elementary-petaluma
49708470127555,062832013259,Loma Vista Immersion Academy,Old Adobe Union,Sonoma,49,207 Maria Drive,Petaluma,94954-2301,(707) 765-4302,www.oldadobe.org,38.254278,-122.62579,0.0,6.0,K-6,GSserved,elementary,True,False,True,False,N,False,Elementary School (Public),True,public,Active,Christopher Miller,08/20/2026,loma-vista-immersion-academy-petaluma
49708476072136,062832004385,Miwok Valley Elementary Charter,Old Adobe Union,Sonoma,49,1010 Saint Francis Drive,Petaluma,94954-5322,(707) 765-4304,www.oldadobe.org,38.236512,-122.61112,0.0,6.0,K-6,GSserved,elementary,True,False,False,False,N,False,Elementary School (Public),True,public,Active,Kelly Matteri,08/20/2026,miwok-valley-elementary-charter-petaluma
49708476051924,062832004386,Old Adobe Elementary Charter,Old Adobe Union,Sonoma,49,2856 Adobe Road,Petaluma,94954-9536,(707) 765-4301,www.oldadobe.org,38.26197,-122.59788,0.0,6.0,K-6,GSserved,elementary,True,False,False,False,N,False,Elementary School (Public),True,public,Active,Kristen Vogel,02/09/2023,old-adobe-elementary-charter-petaluma
49708470119750,062832012549,River Montessori Elementary Charter,Old Adobe Union,Sonoma,49,3880 Cypress Drive Suite B,Petaluma,94954-5613,(707) 778-6414,www.rivermontessoricharter.org,38.226096,-122.5868,0.0,6.0,K-6,GSserved,elementary,True,False,False,True,N,False,Elementary School (Public),True,public,Active,Kelly Griffith Mannion,08/20/2026,river-montessori-elementary-charter-petaluma
49708476114755,062832007455,Sonoma Mountain Elementary,Old Adobe Union,Sonoma,49,1900 Rainier Circle,Petaluma,94954-2543,(707) 765-4305,No Data,38.266652,-122.62909,0.0,6.0,K-6,GSserved,elementary,True,False,False,False,N,False,Elementary School (Public),True,public,Active,Indy Monday,08/20/2026,sonoma-mountain-elementary-petaluma
49708546051940,063023004717,Grant Elementary,Petaluma City Elementary,Sonoma,49,200 Grant Avenue,Petaluma,94952-4811,(707) 778-4742,www.grantelementary.org,38.221175,-122.63008,0.0,6.0,K-6,GSserved,elementary,False,False,False,False,N,False,Elementary School (Public),True,public,Active,Kristi McCullough,07/07/2025,grant-elementary-petaluma
49708546051957,063023004719,McDowell Elementary,Petaluma City Elementary,Sonoma,49,421 South McDowell Boulevard,Petaluma,94954-3753,(707) 778-4745,No Data,38.246731,-122.6212,0.0,6.0,K-6,GSserved,elementary,False,False,True,False,N,False,Elementary School (Public),True,public,Active,Ruth Miller,09/21/2022,mcdowell-elementary-petaluma
49708546051965,063023004720,McKinley Elementary,Petaluma City Elementary,Sonoma,49,110 Ellis Street,Petaluma,94952-3305,(707) 778-4750,No Data,38.244846,-122.63287,0.0,6.0,K-6,GSserved,elementary,False,False,False,False,N,False,Elementary School (Public),True,public,Active,Angela Riley,08/04/2026,mckinley-elementary-petaluma
49708546051973,063023004721,McNear Elementary,Petaluma City Elementary,Sonoma,49,605 Sunnyslope Avenue,Petaluma,94952-4912,(707) 778-4752,www.mcnearelementary.org,38.222794,-122.63637,0.0,6.0,K-6,GSserved,elementary,False,False,False,False,N,False,Elementary School (Public),True,public,Active,Melissa Becker,02/09/2023,mcnear-elementary-petaluma
49708546051981,063023004722,Penngrove Elementary,Petaluma City Elementary,Sonoma,49,365 Adobe Road,Penngrove,94951,(707) 778-4755,www.penngroveelementary.org,38.299782,-122.6679,0.0,6.0,K-6,GSserved,elementary,True,False,False,True,N,False,Elementary School (Public),True,public,Active,Katie Pisciotta,08/04/2026,penngrove-elementary-penngrove
49708540132357,063023013936,South County Consortium,Petaluma City Elementary,Sonoma,49,200 Douglas Street,Petaluma,94952-2567,(707) 778-4641,No Data,38.229273,-122.64419,0.0,12.0,K-12,GSserved,k12,False,False,False,False,N,False,Special Education School (Public),False,public,Active,Cathy Wisor,08/04/2026,south-county-consortium-petaluma
49708546113112,063023005436,Valley Oaks Elementary (Alternative),Petaluma City Elementary,Sonoma,49,540 Vallejo Street,Petaluma,94952-3364,(707) 778-4794,www.valleyoaksschool.org,38.237785,-122.62786,1.0,4.0,1-4,GSserved,elementary,False,False,False,False,N,False,Alternative School of Choice,True,public,Active,Greg Stevenson,08/22/2023,valley-oaks-elementary-alternative-petaluma
49708546051999,063023004726,Valley Vista Elementary,Petaluma City Elementary,Sonoma,49,730 North Webster Street,Petaluma,94952-1735,(707) 778-4762,www.valleyvistaelementary.org,38.232369,-122.6537,0.0,6.0,K-6,GSserved,elementary,False,False,False,False,N,False,Elementary School (Public),True,public,Active,Deborah Martinez,08/04/2026,valley-vista-elementary-petaluma
49708540165241,063023014788,Valley Vista Public Waldorf,Petaluma City Elementary,Sonoma,49,730 North Webster Avenue,Petaluma,94952-1735,(707) 778-4762,No Data,38.232702,-122.65301,0.0,8.0,K-8,GSserved,k8,True,False,False,False,N,False,Elementary School (Public),True,public,Active,Katherine McFee,12/11/2025,valley-vista-public-waldorf-petaluma
49708620142554,063025014772,Dual Language Immersion Academy Charter,Petaluma Joint Union High,Sonoma,49,421 South Mcdowell Boulevard,Petaluma,94954-3565,(707) 778-4621,https://petalumacityschools.org/mcdowell/dual-language-immersion,38.246719,-122.62028,7.0,8.0,7-8,GSserved,middle,True,False,True,False,N,False,Junior High School (Public),True,public,Active,Ruth Miller,06/03/2025,dual-language-immersion-academy-charter-petaluma
49708626062137,063025004718,Kenilworth Junior High,Petaluma Joint Union High,Sonoma,49,800 Riesling Road,Petaluma,94954-2549,(707) 778-4710,www.kenilworthjuniorhigh.org,38.272849,-122.64144,7.0,8.0,7-8,GSserved,middle,False,False,False,False,N,False,Intermediate/Middle School (Public),True,public,Active,Gina Roberts,08/04/2026,kenilworth-junior-high-petaluma
49708626051932,063025004716,Mary Collins Charter School at Cherry Valley,Petaluma Joint Union High,Sonoma,49,1001 Cherry Street,Petaluma,94952-2065,(707) 778-4740,www.cherryvalleyelementary.org,38.2443,-122.65472,0.0,8.0,K-8,GSserved,k8,True,False,False,True,N,False,Elementary School (Public),True,public,Active,Lisa Pologeorgis,05/29/2025,mary-collins-charter-school-at-cherry-valley-petaluma
49708620131961,063025013937,Petaluma Accelerated Charter,Petaluma Joint Union High,Sonoma,49,110 Ellis Street,Petaluma,94952-3305,(707) 778-4750,www.petalumacityschools.org,38.244327,-122.63329,7.0,8.0,7-8,GSserved,middle,True,True,False,False,N,False,Junior High School (Public),True,public,Active,Angela Riley,07/02/2026,petaluma-accelerated-charter-petaluma
49708626060230,063025004724,Petaluma Junior High,Petaluma Joint Union High,Sonoma,49,700 Bantam Way,Petaluma,94952-1709,(707) 778-4724,www.petalumajuniorhigh.org,38.230807,-122.65843,7.0,8.0,7-8,GSserved,middle,False,False,False,False,N,False,Intermediate/Middle School (Public),True,public,Active,Ray McClintock,07/21/2023,petaluma-junior-high-petaluma
49708624930236,063025005439,Valley Oaks High (Alternative),Petaluma Joint Union High,Sonoma,49,540 Vallejo Street,Petaluma,94952-3364,(707) 778-4794,www.valleyoaksschool.org,38.237785,-122.62786,8.0,12.0,8-12,GSserved,middle_high,False,False,False,False,N,False,Alternative School of Choice,True,public,Active,Dave Anderson,07/02/2026,valley-oaks-high-alternative-petaluma
49708700101253,063045011180,Jack London Elementary,Piner-Olivet Union Elementary,Sonoma,49,2707 Francisco Avenue,Santa Rosa,95403-1869,(707) 522-3030,www.pousd.org,38.481403,-122.76429,0.0,6.0,K-6,GSserved,elementary,False,False,False,False,N,False,Elementary School (Public),True,public,Active,Olga Venegas,02/09/2023,jack-london-elementary-santa-rosa
49708706109144,063045009993,Morrice Schaefer Charter,Piner-Olivet Union Elementary,Sonoma,49,1370 San Miguel Avenue,Santa Rosa,95403-1986,(707) 522-3015,www.pousd.org,38.474507,-122.74564,0.0,6.0,K-6,GSserved,elementary,True,False,False,False,N,False,Elementary School (Public),True,public,Active,George Valenzuela,03/19/2025,morrice-schaefer-charter-santa-rosa
49708700106344,063045011480,Northwest Prep Charter,Piner-Olivet Union Elementary,Sonoma,49,2590 Piner Road,Santa Rosa,95401-4035,(707) 522-3320,www.pousd.org,38.467124,-122.77276,0.0,12.0,K-12,GSserved,k12,True,False,False,False,N,False,K-12 School (Public),True,public,Active,Adam Napoleon,02/09/2023,northwest-prep-charter-santa-rosa
49708706066344,063045004738,Olivet Elementary Charter,Piner-Olivet Union Elementary,Sonoma,49,1825 Willowside Road,Santa Rosa,95401-3923,(707) 522-3045,www.pousd.org,38.46486,-122.80682,0.0,6.0,K-6,GSserved,elementary,True,False,False,False,N,False,Elementary School (Public),True,public,Active,Harmony Harvell,07/24/2025,olivet-elementary-charter-santa-rosa
49708706113492,063045006676,Piner-Olivet Charter,Piner-Olivet Union Elementary,Sonoma,49,2707 Francisco Avenue,Santa Rosa,95403-1869,(707) 522-3310,www.pousd.org,38.481403,-122.76429,7.0,8.0,7-8,GSserved,middle,True,False,False,False,N,False,Intermediate/Middle School (Public),True,public,Active,Heather Graham,02/09/2023,piner-olivet-charter-santa-rosa
49708966117907,063264008646,Austin Creek Elementary,Rincon Valley Union Elementary,Sonoma,49,1480 Snowy Egret Drive,Santa Rosa,95409-4387,(707) 538-2122,No Data,38.463087,-122.63776,0.0,6.0,K-6,GSserved,elementary,False,False,False,False,N,False,Elementary School (Public),True,public,Active,Lisa Christopherson,06/09/2023,austin-creek-elementary-santa-rosa
49708966085229,063264005077,Binkley Elementary Charter,Rincon Valley Union Elementary,Sonoma,49,4965 Canyon Drive,Santa Rosa,95409-3204,(707) 539-6060,No Data,38.473483,-122.66183,0.0,6.0,K-6,GSserved,elementary,True,False,False,False,N,False,Elementary School (Public),True,public,Active,Carley Harp,08/15/2025,binkley-elementary-charter-santa-rosa
49708966052021,063264005078,Madrone Elementary,Rincon Valley Union Elementary,Sonoma,49,4550 Rinconada Drive,Santa Rosa,95409-3030,(707) 539-9665,No Data,38.469025,-122.67485,0.0,6.0,K-6,GSserved,elementary,False,False,False,False,N,False,Elementary School (Public),True,public,Active,Jenn Guerrero,08/18/2026,madrone-elementary-santa-rosa
49708966052039,063264005079,Manzanita Elementary Charter,Rincon Valley Union Elementary,Sonoma,49,1687 Yulupa Avenue,Santa Rosa,95405-7778,(707) 545-1771,No Data,38.437281,-122.66983,0.0,6.0,K-6,GSserved,elementary,True,False,False,False,N,False,Elementary School (Public),True,public,Active,Lea Yap,12/18/2024,manzanita-elementary-charter-santa-rosa
49708960120980,063264012471,Rincon Valley Partnership,Rincon Valley Union Elementary,Sonoma,49,1000 Yulupa Avenue,Santa Rosa,95405-7020,(707) 575-5879,No Data,38.444319,-122.67522,0.0,6.0,K-6,GSserved,elementary,False,False,False,False,N,False,Special Education School (Public),False,public,Active,Sonya Randrup,09/16/2024,rincon-valley-partnership-santa-rosa
49708966052054,063264005081,Sequoia Elementary,Rincon Valley Union Elementary,Sonoma,49,5305 Dupont Drive,Santa Rosa,95409-3843,(707) 539-3410,No Data,38.469424,-122.65288,0.0,6.0,K-6,GSserved,elementary,False,False,False,False,N,False,Elementary School (Public),True,public,Active,Erin Scull,07/01/2026,sequoia-elementary-santa-rosa
49708960102525,063264011481,Spring Lake Charter,Rincon Valley Union Elementary,Sonoma,49,4675 Mayette Avenue,Santa Rosa,95405-7331,(707) 545-1771,No Data,38.444439,-122.66712,0.0,8.0,K-8,GSserved,k8,True,False,False,False,C,False,Elementary School (Public),True,public,Active,Hannah Bates,02/09/2023,spring-lake-charter-santa-rosa
49708966052070,063264005083,Village Elementary Charter,Rincon Valley Union Elementary,Sonoma,49,900 Yulupa Avenue,Santa Rosa,95405-7018,(707) 545-5754,No Data,38.444424,-122.67538,0.0,6.0,K-6,GSserved,elementary,True,False,False,False,N,False,Elementary School (Public),True,public,Active,Amy Taganashi,06/09/2023,village-elementary-charter-santa-rosa
49709040101923,063351011178,Roseland Charter,Roseland,Sonoma,49,1691 Burbank Avenue,Santa Rosa,95407-6928,(707) 545-0102,www.roselandsd.org,38.42099,-122.7352,1.0,12.0,1-12,GSserved,k12,True,False,False,False,N,False,K-12 School (Public),True,public,Active,Jason Lea,08/20/2025,roseland-charter-santa-rosa
49709040125336,063351013038,Roseland Creek Elementary,Roseland,Sonoma,49,1683 Burbank Avenue,Santa Rosa,95407-5903,(707) 543-2800,www.roselandsd.org,38.422155,-122.73543,0.0,6.0,K-6,GSserved,elementary,False,False,False,False,N,False,Elementary School (Public),True,public,Active,Jennifer Dominguez,02/09/2023,roseland-creek-elementary-santa-rosa
49709046052088,063351005176,Roseland Elementary,Roseland,Sonoma,49,950 Sebastopol Road,Santa Rosa,95407-6829,(707) 545-0100,www.roselandsd.org/schools/roselandes/,38.429378,-122.73051,0.0,6.0,K-6,GSserved,elementary,False,False,False,False,N,False,Elementary School (Public),True,public,Active,Amy Eng,07/05/2023,roseland-elementary-santa-rosa
49709046052096,063351005177,Sheppard Elementary,Roseland,Sonoma,49,1777 West Avenue,Santa Rosa,95407-7449,(707) 546-7050,www.roselandsd.org/schools/sheppardaes/,38.419793,-122.72771,0.0,6.0,K-6,GSserved,elementary,False,False,False,False,N,False,Elementary School (Public),True,public,Active,Erinn Mackey,02/09/2023,sheppard-elementary-santa-rosa
49709126052153,063581006125,Abraham Lincoln Elementary,Santa Rosa Elementary,Sonoma,49,850 West Ninth Street,Santa Rosa,95401-5349,(707) 890-3940,https://lincoln.srcschools.org,38.44161,-122.73655,0.0,6.0,K-6,GSserved,elementary,False,False,False,False,N,False,Elementary School (Public),True,public,Active,Lindsay Nash,07/20/2026,abraham-lincoln-elementary-santa-rosa
49709126066385,063581006120,Helen M. Lehman Elementary,Santa Rosa Elementary,Sonoma,49,1700 Jennings Avenue,Santa Rosa,95401-4556,(707) 890-3935,https://lehman.srcschools.org,38.449662,-122.74487,0.0,6.0,K-6,GSserved,elementary,False,False,False,False,N,False,Elementary School (Public),True,public,Active,Christina Cena,08/25/2023,helen-m-lehman-elementary-santa-rosa
49709126095459,063581006122,Hidden Valley Elementary,Santa Rosa Elementary,Sonoma,49,3435 Bonita Vista Drive,Santa Rosa,95404-1573,(707) 890-3925,https://hves-santarosa-ca.schoolloop.com,38.475912,-122.6995,0.0,6.0,K-6,GSserved,elementary,False,False,False,False,N,False,Elementary School (Public),True,public,Active,Michael Jablonski,07/01/2025,hidden-valley-elementary-santa-rosa
49709126052161,063581006126,James Monroe Elementary,Santa Rosa Elementary,Sonoma,49,2567 Marlow Road,Santa Rosa,95403-2473,(707) 890-3910,https://monroe.srcschools.org/,38.456708,-122.75222,0.0,6.0,K-6,GSserved,elementary,False,False,False,False,N,False,Elementary School (Public),True,public,Active,Rosie Muldoon,07/20/2026,james-monroe-elementary-santa-rosa
49709126116958,063581008401,Kid Street Charter,Santa Rosa Elementary,Sonoma,49,709 Davis Street,Santa Rosa,95401-4767,(707) 525-9223,www.kstreet.org,38.441122,-122.72175,0.0,6.0,K-6,GSserved,elementary,True,False,False,False,N,False,Elementary School (Public),True,public,Active,Kathleen Mallamo,08/28/2023,kid-street-charter-santa-rosa
49709126052104,063581006117,Luther Burbank Elementary,Santa Rosa Elementary,Sonoma,49,203 A Street,Santa Rosa,95401-6302,(707) 890-3902,https://lbes.srcschools.org/,38.435291,-122.71606,0.0,6.0,K-6,GSserved,elementary,False,False,False,False,N,False,Elementary School (Public),True,public,Active,Sara Stathatos,07/08/2025,luther-burbank-elementary-santa-rosa
49709126052179,063581006129,Proctor Terrace Elementary,Santa Rosa Elementary,Sonoma,49,1711 Bryden Lane,Santa Rosa,95404-3646,(707) 890-3950,https://ptes-santarosa-ca.schoolloop.com,38.451389,-122.69851,0.0,6.0,K-6,GSserved,elementary,False,False,False,False,N,False,Elementary School (Public),True,public,Active,Rani Goyal,07/25/2025,proctor-terrace-elementary-santa-rosa
49709120113530,063581011850,Santa Rosa Charter School for the Arts,Santa Rosa Elementary,Sonoma,49,756 Humboldt Street,Santa Rosa,95404-3717,(707) 890-3920,https://www.srcsa.org,38.446983,-122.7147,0.0,8.0,K-8,GSserved,k8,True,False,False,False,N,False,Elementary School (Public),True,public,Active,Sarah Imperato,07/23/2024,santa-rosa-charter-school-for-the-arts-santa-rosa
49709120125831,063581006119,Santa Rosa French-American Charter (SRFACS),Santa Rosa Elementary,Sonoma,49,1235 Mendocino Avenue,Santa Rosa,95401-4312,(707) 890-3930,https://srfacs.srcschools.org,38.4521,-122.72216,0.0,8.0,K-8,GSserved,k8,True,False,True,False,N,False,Elementary School (Public),True,public,Active,Evelyn Anderson,07/21/2026,santa-rosa-french-american-charter-srfacs-santa-rosa
49709200128074,063583013339,Cesar Chavez Language Academy,Santa Rosa High,Sonoma,49,2480 Sebastopol Road,Santa Rosa,95407-6728,(707) 890-3890,https://ccla.srcschools.org/,38.425912,-122.74583,0.0,8.0,K-8,GSserved,k8,True,False,True,False,C,False,Elementary School (Public),True,public,Active,Francisco Manriquez Torres,08/20/2026,cesar-chavez-language-academy-santa-rosa
49709206060263,063583006121,Montgomery Junior High,Santa Rosa High,Sonoma,49,1250 Hahman Drive,Santa Rosa,95405-6934,(707) 890-3830,https://hsms-santarosa-ca.schoolloop.com,38.440452,-122.68495,7.0,8.0,7-8,GSserved,middle,False,False,False,False,N,False,Intermediate/Middle School (Public),True,public,Active,Tyler Ahlborn,07/20/2026,montgomery-junior-high-santa-rosa
49709206068977,063583006123,Piner Junior High,Santa Rosa High,Sonoma,49,1700 Fulton Road,Santa Rosa,95403-1815,(707) 890-3885,https://www.comstockmiddleschool.com,38.461663,-122.76683,7.0,8.0,7-8,GSserved,middle,False,False,False,False,N,False,Intermediate/Middle School (Public),True,public,Active,Kelly Briggs,07/21/2026,piner-junior-high-santa-rosa
49709200138065,063583014244,Pivot Charter School - North Bay,Santa Rosa High,Sonoma,49,2999 Cleveland Avenue,Santa Rosa,95403-2761,(707) 843-4676,www.pivotnorthbay.com,38.465996,-122.72881,0.0,12.0,K-12,GSserved,k12,True,False,False,False,V,True,K-12 School (Public),True,public,Active,Jayna Gaskell,07/02/2026,pivot-charter-school-north-bay-santa-rosa
49709206060271,063583006131,Rincon Valley Middle,Santa Rosa High,Sonoma,49,4650 Badger Road,Santa Rosa,95409-2699,(707) 890-3870,https://www.rinconvalleymiddleschool.com,38.4822,-122.67004,7.0,8.0,7-8,GSserved,middle,False,False,False,False,N,False,Intermediate/Middle School (Public),True,public,Active,Michae Casper,07/20/2026,rincon-valley-middle-santa-rosa
49709200102533,063583011482,Santa Rosa Accelerated Charter,Santa Rosa High,Sonoma,49,4650 Badger Road,Santa Rosa,95409-2633,(707) 890-3860,https://sracs-santarosa-ca.schoolloop.com,38.4822,-122.67004,5.0,6.0,5-6,GSserved,elementary,True,False,False,False,N,False,Intermediate/Middle School (Public),True,public,Active,Michael Casper,07/20/2026,santa-rosa-accelerated-charter-santa-rosa
49709206060289,063583006133,Santa Rosa Junior High,Santa Rosa High,Sonoma,49,1235 Mendocino Avenue,Santa Rosa,95401-4312,(707) 890-3850,https://srhs.srcschools.org/,38.452618,-122.71809,7.0,8.0,7-8,GSserved,middle,False,False,False,False,N,False,Intermediate/Middle School (Public),True,public,Active,Kimberly Clissold,07/03/2025,santa-rosa-junior-high-santa-rosa
49709386052211,063618006177,Brook Haven Middle,Sebastopol Union Elementary,Sonoma,49,7905 Valentine Avenue,Sebastopol,95472-3214,(707) 829-4590,https://brookhaven.sebastopolschools.org/,38.402202,-122.83689,5.0,8.0,5-8,GSserved,middle,False,False,False,False,C,False,Intermediate/Middle School (Public),True,public,Active,Rachel Lasek,08/12/2026,brook-haven-middle-sebastopol
49709386052229,063618006178,Park Side Elementary,Sebastopol Union Elementary,Sonoma,49,7450 Bodega Avenue,Sebastopol,95472-3651,(707) 829-7400,No Data,38.400167,-122.82816,0.0,8.0,K-8,GSserved,k8,False,False,False,False,C,False,Elementary School (Public),True,public,Active,Molly Bulwa,07/11/2023,park-side-elementary-sebastopol
49709386113039,063618005457,Sebastopol Independent Charter,Sebastopol Union Elementary,Sonoma,49,1111 Hwy 116 N,Sebastopol,95472-2802,(707) 824-9700,www.sebastopolcharter.org,38.402111,-122.82421,0.0,8.0,K-8,GSserved,k8,True,False,False,False,C,False,Elementary School (Public),True,public,Active,Chris Topham,09/24/2025,sebastopol-independent-charter-sebastopol
49104964930343,069104010682,Sonoma County Alternative Education Programs,Sonoma County Office of Education,Sonoma,49,5340 Skylane Boulevard,Santa Rosa,95403-8246,(707) 524-2876,www.scoe.org,38.511957,-122.79985,8.0,12.0,8-12,GSserved,middle_high,False,False,False,True,N,False,County Community,False,public,Active,Georgia Ioakimedes,02/09/2023,sonoma-county-alternative-education-programs-santa-rosa
49104966069413,069104007225,Sonoma County Special Education,Sonoma County Office of Education,Sonoma,49,5340 Skylane Boulevard,Santa Rosa,95403-8246,(707) 524-2710,www.scoe.org,38.511957,-122.79985,0.0,12.0,K-12,GSserved,k12,False,False,False,False,N,False,Special Education School (Public),False,public,Active,Mandy Corbin,02/09/2023,sonoma-county-special-education-santa-rosa
49709536052260,063720006300,El Verano Elementary,Sonoma Valley Unified,Sonoma,49,18606 Riverside Drive,Sonoma,95476-4526,(707) 935-6050,No Data,38.306926,-122.48474,0.0,5.0,K-5,GSserved,elementary,False,False,False,False,N,False,Elementary School (Public),True,public,Active,Norma Oregon,07/01/2026,el-verano-elementary-sonoma
49709536052278,063720006301,Flowery Elementary,Sonoma Valley Unified,Sonoma,49,17600 Sonoma Highway,Sonoma,95476-3699,(707) 935-6060,No Data,38.317038,-122.48385,0.0,5.0,K-5,GSserved,elementary,False,True,True,False,N,False,Elementary School (Public),True,public,Active,Jim Evans,07/01/2026,flowery-elementary-sonoma
49709530168054,0637200No Data,MacArthur Park Charter,Sonoma Valley Unified,Sonoma,49,343 East Macarthur Street,Sonoma,95476,(415) 516-9188,www.macarthurparkcharterschool.org/,38.283141,-122.45273,0.0,5.0,No Data,GSoffered,elementary,True,False,False,False,C,False,Elementary School (Public),True,public,Active,Danielle Yount,08/04/2026,macarthur-park-charter-sonoma
49709536052294,063720006303,Sassarini Elementary,Sonoma Valley Unified,Sonoma,49,652 Fifth Street West,Sonoma,95476-6803,(707) 935-6040,No Data,38.289869,-122.46844,0.0,5.0,K-5,GSserved,elementary,False,False,False,False,N,False,Elementary School (Public),True,public,Active,Megan Russell,07/01/2025,sassarini-elementary-sonoma
49709536111678,063720004112,Sonoma Charter,Sonoma Valley Unified,Sonoma,49,17202 Sonoma Highway,Sonoma,95476-3667,(707) 935-4232,http://sonomacharterschool.org/,38.322803,-122.48739,0.0,8.0,K-8,GSserved,k8,True,False,False,False,N,False,Elementary School (Public),True,public,Active,Mary Reynolds,07/30/2024,sonoma-charter-sonoma
49709536052245,063720006298,Sonoma Valley Middle,Sonoma Valley Unified,Sonoma,49,17805 Arnold Drive,Sonoma,95476-4019,(707) 935-6020,No Data,38.312445,-122.49847,6.0,8.0,6-8,GSserved,middle,False,False,False,False,N,False,Intermediate/Middle School (Public),True,public,Active,Adam Dysart,07/01/2026,sonoma-valley-middle-sonoma
49709530105866,063720011484,Woodland Star Charter,Sonoma Valley Unified,Sonoma,49,11700 Dunbar Road,Glen Ellen,95442-9611,(707) 996-3849,www.woodlandstarschool.org,38.387066,-122.52611,0.0,8.0,K-8,GSserved,k8,True,False,False,True,N,False,Elementary School (Public),True,public,Active,Caroline Hopewell,05/23/2025,woodland-star-charter-glen-ellen
49709616093140,064023006652,Apple Blossom,Twin Hills Union Elementary,Sonoma,49,700 Watertrough Road,Sebastopol,95472-3917,(707) 823-1041,http://appleblossomelementaryschool.org,38.389205,-122.85142,0.0,5.0,K-5,GSserved,elementary,False,False,False,False,N,False,Elementary School (Public),True,public,Active,Erin Elliott,08/19/2025,apple-blossom-sebastopol
49709614930319,064023008651,Orchard View,Twin Hills Union Elementary,Sonoma,49,700 Watertrough Road,Sebastopol,95472-3917,(707) 823-4709,www.orchardviewschool.org,38.389205,-122.85142,0.0,12.0,K-12,GSserved,k12,True,False,False,False,V,True,K-12 School (Public),True,public,Active,Maura DuVall,02/09/2023,orchard-view-sebastopol
49709614930350,064023010687,Sunridge Charter,Twin Hills Union Elementary,Sonoma,49,7285 Hayden Avenue,Sebastopol,95472-4359,(707) 824-2844,www.sunridgeschool.org,38.393082,-122.82336,0.0,8.0,K-8,GSserved,k8,True,False,False,False,N,False,Elementary School (Public),True,public,Active,Karina Haedo,07/12/2023,sunridge-charter-sebastopol
49709616052302,064023006653,Twin Hills Charter Middle,Twin Hills Union Elementary,Sonoma,49,1685 Watertrough Road,Sebastopol,95472-4647,(707) 823-7446,www.twinhillsmiddleschool.org,38.379804,-122.83658,6.0,8.0,6-8,GSserved,middle,True,False,False,False,N,False,Intermediate/Middle School (Public),True,public,Active,Shawna Whitestine,07/12/2023,twin-hills-charter-middle-sebastopol
49709796052310,064026006654,Two Rock Elementary,Two Rock Union,Sonoma,49,5001 Spring Hill Road,Petaluma,94952-9639,(707) 762-6617,No Data,38.255671,-122.77843,0.0,6.0,K-6,GSserved,elementary,False,False,False,False,N,False,Elementary School in 1 School District (Public),True,public,Active,Josh Wilson,08/26/2025,two-rock-elementary-petaluma
49709956114409,064179007457,Corona Creek Elementary,Waugh Elementary,Sonoma,49,1851 Hartman Lane,Petaluma,94954-2535,(707) 765-3331,http://waughsd.org,38.274743,-122.64736,0.0,6.0,K-6,GSserved,elementary,False,False,False,False,N,False,Elementary School (Public),True,public,Active,Merrie Rivera,06/04/2025,corona-creek-elementary-petaluma
49709956110324,064179010332,Meadow Elementary,Waugh Elementary,Sonoma,49,880 Maria Drive,Petaluma,94954-6837,(707) 762-4905,www.waughsd.org,38.265738,-122.64534,0.0,6.0,K-6,GSserved,elementary,False,False,False,False,N,False,Elementary School (Public),True,public,Active,Catina Haugen,02/09/2023,meadow-elementary-petaluma
49710016052336,064227006921,West Side Elementary,West Side Union Elementary,Sonoma,49,1201 Felta Road,Healdsburg,95448-9476,(707) 433-3923,http://westsideusd.org,38.579663,-122.88363,0.0,6.0,K-6,GSserved,elementary,False,False,False,False,N,False,Elementary School in 1 School District (Public),True,public,Active,Rima Meechan,02/09/2023,west-side-elementary-healdsburg
49706070121038,060267012473,West Sonoma County Consortium,West Sonoma County Union High,Sonoma,49,462 Johnson Street,Sebastopol,95472-3431,(707) 824-7911,http://wscuhsd.org,38.406075,-122.8226,0.0,7.0,K-7,GSserved,k8,False,False,False,False,N,False,Special Education School (Public),False,public,Active,Sarah Zils,09/09/2024,west-sonoma-county-consortium-sebastopol
49710196052344,064275006980,Wilson Elementary,Wilmar Union Elementary,Sonoma,49,3775 Bodega Avenue,Petaluma,94952-8023,(707) 765-4340,No Data,38.245349,-122.68599,0.0,6.0,K-6,GSserved,elementary,False,False,False,False,N,False,Elementary School in 1 School District (Public),True,public,Active,Stephen Hospodar,05/23/2025,wilson-elementary-petaluma
49753586107221,060003409465,Brooks Elementary,Windsor Unified,Sonoma,49,750 Natalie Drive,Windsor,95492-8821,(707) 837-7717,No Data,38.557837,-122.81138,3.0,5.0,3-5,GSserved,elementary,False,False,False,False,N,False,Elementary School (Public),True,public,Active,Shannon Vehmeyer,08/19/2025,brooks-elementary-windsor
49753586052369,060003406983,Cali Calmecac Language Academy,Windsor Unified,Sonoma,49,9491 Starr Road,Windsor,95492-9460,(707) 837-7747,www.wusd.org,38.550812,-122.82608,0.0,8.0,K-8,GSserved,k8,True,False,True,False,N,False,Elementary School (Public),True,public,Active,Lidia Teruel-Albert,08/19/2026,cali-calmecac-language-academy-windsor
49753586110993,060003401797,Mattie Washburn Elementary,Windsor Unified,Sonoma,49,75 Pleasant Avenue,Santa Rosa,95403-1130,(707) 837-7727,https://www.mwe.wusd.org/,38.541559,-122.79192,0.0,2.0,K-2,GSserved,elementary,False,False,False,False,N,False,Elementary School (Public),True,public,Active,Shjon Gilbertson,06/17/2026,mattie-washburn-elementary-santa-rosa
49753580142406,060003414731,Sonoma County Virtual Academy,Windsor Unified,Sonoma,49,8681 Windsor Road,Windsor,95492-9217,(707) 837-7771,https://www.socova.wusd.org/,38.541176,-122.81961,7.0,12.0,7-12,GSserved,middle_high,False,False,False,False,F,True,Alternative School of Choice,True,public,Active,Danielle Buckman,06/17/2026,sonoma-county-virtual-academy-windsor
49753580114934,060003411882,Village Charter,Windsor Unified,Sonoma,49,2590 Piner Road,Santa Rosa,95401-4035,(707) 524-2848,www.villagecharterschool.com,38.465778,-122.77283,0.0,8.0,K-8,GSserved,k8,True,False,False,False,N,False,Elementary School (Public),True,public,Active,Rebecca Ivanoff,02/09/2023,village-charter-santa-rosa
49753586052351,060003406982,Windsor Middle,Windsor Unified,Sonoma,49,9500 Brooks Road South,Windsor,95492-7912,(707) 837-7737,No Data,38.557573,-122.80593,6.0,8.0,6-8,GSserved,middle,False,False,True,False,N,False,Intermediate/Middle School (Public),True,public,Active,Jillian Beall,07/01/2026,windsor-middle-windsor
49710356096721,064320007015,J.X. Wilson Elementary,Wright Elementary,Sonoma,49,246 Brittain Lane,Santa Rosa,95401-5810,(707) 525-8350,https://jxw.wrightesd.org/,38.432219,-122.75258,0.0,6.0,K-6,GSserved,elementary,False,False,False,False,N,False,Elementary School (Public),True,public,Active,Corina Rice,08/19/2025,j-x-wilson-elementary-santa-rosa
49710356111868,064320004118,Robert L. Stevens Elementary,Wright Elementary,Sonoma,49,2345 Giffen Avenue,Santa Rosa,95407-7380,(707) 575-8883,https://rls.wrightesd.org/,38.417964,-122.74315,0.0,6.0,K-6,GSserved,elementary,False,False,False,False,N,False,Elementary School (Public),True,public,Active,Lori Pola Hoard,08/19/2025,robert-l-stevens-elementary-santa-rosa
49710356052377,064320007016,Wright Elementary,Wright Elementary,Sonoma,49,4389 Price Avenue,Santa Rosa,95407-6550,(707) 542-0556,www.wrightesd.org,38.419066,-122.77598,0.0,6.0,K-6,GSserved,elementary,False,False,False,False,N,False,Elementary School (Public),True,public,Active,Macy Juhola,08/19/2025,wright-elementary-santa-rosa
